Numero,cubo,mascara,n_candidatos,fraccion_suelo,fraccion_valores_defectuosos
1,FIRMAS/cubos/resultados_cubos_soil_bandas/Soil_1__cube_20260617_171738/2px_84_bandas/Soil_1__84_Bandas_cubo_recorte_cuadrado_reflectancia.npy,FIRMAS/cubos/resultados_cubos_soil_bandas/Soil_1__cube_20260617_171738/2px_84_bandas/Soil_1__84_Bandas_mascara_soil.npy,1,0.7852777777777777,0.0009582577675962822
2,FIRMAS/cubos/resultados_cubos_soil_bandas/Soil_2__cube_20260610_105309/2px_84_bandas/Soil_2__84_Bandas_cubo_recorte_cuadrado_reflectancia.npy,FIRMAS/cubos/resultados_cubos_soil_bandas/Soil_2__cube_20260610_105309/2px_84_bandas/Soil_2__84_Bandas_mascara_soil.npy,1,0.9760802469135802,0.004472426124600082
3,FIRMAS/cubos/resultados_cubos_soil_bandas/Soil_3__cube_20260610_095535/2px_84_bandas/Soil_3__84_Bandas_cubo_recorte_cuadrado_reflectancia.npy,FIRMAS/cubos/resultados_cubos_soil_bandas/Soil_3__cube_20260610_095535/2px_84_bandas/Soil_3__84_Bandas_mascara_soil.npy,1,0.9844753086419753,0.00364902207551987
4,FIRMAS/cubos/resultados_cubos_soil_bandas/Soil_4__cube_20260609_143100/2px_84_bandas/Soil_4__84_Bandas_cubo_recorte_cuadrado_reflectancia.npy,FIRMAS/cubos/resultados_cubos_soil_bandas/Soil_4__cube_20260609_143100/2px_84_bandas/Soil_4__84_Bandas_mascara_soil.npy,1,0.7852777777777777,0.011134131756699861
5,FIRMAS/cubos/resultados_cubos_soil_bandas/Soil_5__cube_20260610_113553/2px_84_bandas/Soil_5__84_Bandas_cubo_recorte_cuadrado_reflectancia.npy,FIRMAS/cubos/resultados_cubos_soil_bandas/Soil_5__cube_20260610_113553/2px_84_bandas/Soil_5__84_Bandas_mascara_soil.npy,1,0.952037037037037,0.002632123328485947
6,FIRMAS/cubos/resultados_cubos_soil_bandas/Soil_6__cube_20260609_145953/2px_84_bandas/Soil_6__84_Bandas_cubo_recorte_cuadrado_reflectancia.npy,FIRMAS/cubos/resultados_cubos_soil_bandas/Soil_6__cube_20260609_145953/2px_84_bandas/Soil_6__84_Bandas_mascara_soil.npy,1,0.9995061728395062,0.15534493812347072
7,FIRMAS/cubos/resultados_cubos_soil_bandas/Soil_7__cube_20260616_144951/2px_84_bandas/Soil_7__84_Bandas_cubo_recorte_cuadrado_reflectancia.npy,FIRMAS/cubos/resultados_cubos_soil_bandas/Soil_7__cube_20260616_144951/2px_84_bandas/Soil_7__84_Bandas_mascara_soil.npy,1,0.9786728395061728,0.0002605539361665299
9,FIRMAS/cubos/resultados_cubos_soil_bandas/Soil_9__cube_20260609_150510/2px_84_bandas/Soil_9__84_Bandas_cubo_recorte_cuadrado_reflectancia.npy,FIRMAS/cubos/resultados_cubos_soil_bandas/Soil_9__cube_20260609_150510/2px_84_bandas/Soil_9__84_Bandas_mascara_soil.npy,1,0.9760493827160494,0.0002909935793189433
10,FIRMAS/cubos/resultados_cubos_soil_bandas/Soil_10__cube_20260610_110345/2px_84_bandas/Soil_10__84_Bandas_cubo_recorte_cuadrado_reflectancia.npy,FIRMAS/cubos/resultados_cubos_soil_bandas/Soil_10__cube_20260610_110345/2px_84_bandas/Soil_10__84_Bandas_mascara_soil.npy,1,0.7852777777777777,0.008846572076144033
11,FIRMAS/cubos/resultados_cubos_soil_bandas/Soil_11__cube_20260609_153714/2px_84_bandas/Soil_11__84_Bandas_cubo_recorte_cuadrado_reflectancia.npy,FIRMAS/cubos/resultados_cubos_soil_bandas/Soil_11__cube_20260609_153714/2px_84_bandas/Soil_11__84_Bandas_mascara_soil.npy,1,1.0,0.0546513080540858
12,FIRMAS/cubos/resultados_cubos_soil_bandas/Soil_12__cube_20260610_112653/2px_84_bandas/Soil_12__84_Bandas_cubo_recorte_cuadrado_reflectancia.npy,FIRMAS/cubos/resultados_cubos_soil_bandas/Soil_12__cube_20260610_112653/2px_84_bandas/Soil_12__84_Bandas_mascara_soil.npy,1,0.9899691358024691,0.04719704561481641
13,FIRMAS/cubos/resultados_cubos_soil_bandas/Soil_13__cube_20260613_165001/2px_84_bandas/Soil_13__84_Bandas_cubo_recorte_cuadrado_reflectancia.npy,FIRMAS/cubos/resultados_cubos_soil_bandas/Soil_13__cube_20260613_165001/2px_84_bandas/Soil_13__84_Bandas_mascara_soil.npy,1,0.9914506172839506,0.0005518223850882187
14,FIRMAS/cubos/resultados_cubos_soil_bandas/Soil_14__cube_20260616_163053/2px_84_bandas/Soil_14__84_Bandas_cubo_recorte_cuadrado_reflectancia.npy,FIRMAS/cubos/resultados_cubos_soil_bandas/Soil_14__cube_20260616_163053/2px_84_bandas/Soil_14__84_Bandas_mascara_soil.npy,1,0.7852777777777777,0.003905555461975685
15,FIRMAS/cubos/resultados_cubos_soil_bandas/Soil_15__cube_20260610_144450/2px_84_bandas/Soil_15__84_Bandas_cubo_recorte_cuadrado_reflectancia.npy,FIRMAS/cubos/resultados_cubos_soil_bandas/Soil_15__cube_20260610_144450/2px_84_bandas/Soil_15__84_Bandas_mascara_soil.npy,1,0.7852777777777777,0.0017209336275484377
16,FIRMAS/cubos/resultados_cubos_soil_bandas/Soil_16__cube_20260609_142415/2px_84_bandas/Soil_16__84_Bandas_cubo_recorte_cuadrado_reflectancia.npy,FIRMAS/cubos/resultados_cubos_soil_bandas/Soil_16__cube_20260609_142415/2px_84_bandas/Soil_16__84_Bandas_mascara_soil.npy,1,0.7852777777777777,0.0006723712949393557
17,FIRMAS/cubos/resultados_cubos_soil_bandas/Soil_17__cube_20260610_100034/2px_84_bandas/Soil_17__84_Bandas_cubo_recorte_cuadrado_reflectancia.npy,FIRMAS/cubos/resultados_cubos_soil_bandas/Soil_17__cube_20260610_100034/2px_84_bandas/Soil_17__84_Bandas_mascara_soil.npy,1,0.9772839506172839,0.008970304266223916
18,FIRMAS/cubos/resultados_cubos_soil_bandas/Soil_18__cube_20260610_151432/2px_84_bandas/Soil_18__84_Bandas_cubo_recorte_cuadrado_reflectancia.npy,FIRMAS/cubos/resultados_cubos_soil_bandas/Soil_18__cube_20260610_151432/2px_84_bandas/Soil_18__84_Bandas_mascara_soil.npy,1,0.9825925925925926,5.609103799830706e-05
19,FIRMAS/cubos/resultados_cubos_soil_bandas/Soil_19__cube_20260617_173009/2px_84_bandas/Soil_19__84_Bandas_cubo_recorte_cuadrado_reflectancia.npy,FIRMAS/cubos/resultados_cubos_soil_bandas/Soil_19__cube_20260617_173009/2px_84_bandas/Soil_19__84_Bandas_mascara_soil.npy,1,0.7852777777777777,0.00044169693975137925
20,FIRMAS/cubos/resultados_cubos_soil_bandas/Soil_20__cube_20260617_172134/2px_84_bandas/Soil_20__84_Bandas_cubo_recorte_cuadrado_reflectancia.npy,FIRMAS/cubos/resultados_cubos_soil_bandas/Soil_20__cube_20260617_172134/2px_84_bandas/Soil_20__84_Bandas_mascara_soil.npy,1,0.7852777777777777,0.00018622392163247792
21,FIRMAS/cubos/resultados_cubos_soil_bandas/Soil_21__cube_20260617_172714/2px_84_bandas/Soil_21__84_Bandas_cubo_recorte_cuadrado_reflectancia.npy,FIRMAS/cubos/resultados_cubos_soil_bandas/Soil_21__cube_20260617_172714/2px_84_bandas/Soil_21__84_Bandas_mascara_soil.npy,1,0.9812037037037037,0.0010567531092208204
22,FIRMAS/cubos/resultados_cubos_soil_bandas/Soil_22__cube_20260609_153430/2px_84_bandas/Soil_22__84_Bandas_cubo_recorte_cuadrado_reflectancia.npy,FIRMAS/cubos/resultados_cubos_soil_bandas/Soil_22__cube_20260609_153430/2px_84_bandas/Soil_22__84_Bandas_mascara_soil.npy,1,0.8931172839506173,0.00843992779058611
23,FIRMAS/cubos/resultados_cubos_soil_bandas/Soil_23__cube_20260609_150343/2px_84_bandas/Soil_23__84_Bandas_cubo_recorte_cuadrado_reflectancia.npy,FIRMAS/cubos/resultados_cubos_soil_bandas/Soil_23__cube_20260609_150343/2px_84_bandas/Soil_23__84_Bandas_mascara_soil.npy,1,0.9908333333333333,0.012624914152808753
25,FIRMAS/cubos/resultados_cubos_soil_bandas/Soil_25__cube_20260617_171351/2px_84_bandas/Soil_25__84_Bandas_cubo_recorte_cuadrado_reflectancia.npy,FIRMAS/cubos/resultados_cubos_soil_bandas/Soil_25__cube_20260617_171351/2px_84_bandas/Soil_25__84_Bandas_mascara_soil.npy,1,0.7852777777777777,0.0
26,FIRMAS/cubos/resultados_cubos_soil_bandas/Soil_26__cube_20260616_150509/2px_84_bandas/Soil_26__84_Bandas_cubo_recorte_cuadrado_reflectancia.npy,FIRMAS/cubos/resultados_cubos_soil_bandas/Soil_26__cube_20260616_150509/2px_84_bandas/Soil_26__84_Bandas_mascara_soil.npy,1,0.7852777777777777,0.0027554589811399355
27,FIRMAS/cubos/resultados_cubos_soil_bandas/Soil_27__cube_20260617_173256/2px_84_bandas/Soil_27__84_Bandas_cubo_recorte_cuadrado_reflectancia.npy,FIRMAS/cubos/resultados_cubos_soil_bandas/Soil_27__cube_20260617_173256/2px_84_bandas/Soil_27__84_Bandas_mascara_soil.npy,1,0.7852777777777777,0.0013433388919770195
28,FIRMAS/cubos/resultados_cubos_soil_bandas/Soil_28__cube_20260609_162026/2px_84_bandas/Soil_28__84_Bandas_cubo_recorte_cuadrado_reflectancia.npy,FIRMAS/cubos/resultados_cubos_soil_bandas/Soil_28__cube_20260609_162026/2px_84_bandas/Soil_28__84_Bandas_mascara_soil.npy,1,1.0,0.004017857142857184
29,FIRMAS/cubos/resultados_cubos_soil_bandas/Soil_29__cube_20260609_153558/2px_84_bandas/Soil_29__84_Bandas_cubo_recorte_cuadrado_reflectancia.npy,FIRMAS/cubos/resultados_cubos_soil_bandas/Soil_29__cube_20260609_153558/2px_84_bandas/Soil_29__84_Bandas_mascara_soil.npy,1,1.0,0.04530166078777187
30,FIRMAS/cubos/resultados_cubos_soil_bandas/Soil_30__cube_20260610_113446/2px_84_bandas/Soil_30__84_Bandas_cubo_recorte_cuadrado_reflectancia.npy,FIRMAS/cubos/resultados_cubos_soil_bandas/Soil_30__cube_20260610_113446/2px_84_bandas/Soil_30__84_Bandas_mascara_soil.npy,1,0.7852777777777777,0.0026122817951611532
31,FIRMAS/cubos/resultados_cubos_soil_bandas/Soil_31__cube_20260617_172816/2px_84_bandas/Soil_31__84_Bandas_cubo_recorte_cuadrado_reflectancia.npy,FIRMAS/cubos/resultados_cubos_soil_bandas/Soil_31__cube_20260617_172816/2px_84_bandas/Soil_31__84_Bandas_mascara_soil.npy,1,0.7852777777777777,0.00030787773978435684
32,FIRMAS/cubos/resultados_cubos_soil_bandas/Soil_32__cube_20260616_145635/2px_84_bandas/Soil_32__84_Bandas_cubo_recorte_cuadrado_reflectancia.npy,FIRMAS/cubos/resultados_cubos_soil_bandas/Soil_32__cube_20260616_145635/2px_84_bandas/Soil_32__84_Bandas_mascara_soil.npy,1,0.7852777777777777,0.00327716670129119
33,FIRMAS/cubos/resultados_cubos_soil_bandas/Soil_33__cube_20260616_162452/2px_84_bandas/Soil_33__84_Bandas_cubo_recorte_cuadrado_reflectancia.npy,FIRMAS/cubos/resultados_cubos_soil_bandas/Soil_33__cube_20260616_162452/2px_84_bandas/Soil_33__84_Bandas_mascara_soil.npy,1,0.7852777777777777,0.0022894312777581582
34,FIRMAS/cubos/resultados_cubos_soil_bandas/Soil_34__cube_20260609_142141/2px_84_bandas/Soil_34__84_Bandas_cubo_recorte_cuadrado_reflectancia.npy,FIRMAS/cubos/resultados_cubos_soil_bandas/Soil_34__cube_20260609_142141/2px_84_bandas/Soil_34__84_Bandas_mascara_soil.npy,1,0.9923456790123457,0.009181462458086043
36,FIRMAS/cubos/resultados_cubos_soil_bandas/Soil_36__cube_20260610_112539/2px_84_bandas/Soil_36__84_Bandas_cubo_recorte_cuadrado_reflectancia.npy,FIRMAS/cubos/resultados_cubos_soil_bandas/Soil_36__cube_20260610_112539/2px_84_bandas/Soil_36__84_Bandas_mascara_soil.npy,1,0.9735185185185186,0.004965035281755847
37,FIRMAS/cubos/resultados_cubos_soil_bandas/Soil_37__cube_20260616_162954/2px_84_bandas/Soil_37__84_Bandas_cubo_recorte_cuadrado_reflectancia.npy,FIRMAS/cubos/resultados_cubos_soil_bandas/Soil_37__cube_20260616_162954/2px_84_bandas/Soil_37__84_Bandas_mascara_soil.npy,1,0.7852777777777777,0.004286893391951763
38,FIRMAS/cubos/resultados_cubos_soil_bandas/Soil_38__cube_20260617_171109/2px_84_bandas/Soil_38__84_Bandas_cubo_recorte_cuadrado_reflectancia.npy,FIRMAS/cubos/resultados_cubos_soil_bandas/Soil_38__cube_20260617_171109/2px_84_bandas/Soil_38__84_Bandas_mascara_soil.npy,1,0.7852777777777777,0.0
39,FIRMAS/cubos/resultados_cubos_soil_bandas/Soil_39__cube_20260617_171204/2px_84_bandas/Soil_39__84_Bandas_cubo_recorte_cuadrado_reflectancia.npy,FIRMAS/cubos/resultados_cubos_soil_bandas/Soil_39__cube_20260617_171204/2px_84_bandas/Soil_39__84_Bandas_mascara_soil.npy,1,0.9496913580246914,5.5712892891968124e-05
41,FIRMAS/cubos/resultados_cubos_soil_bandas/Soil_41__cube_20260610_095232/2px_84_bandas/Soil_41__84_Bandas_cubo_recorte_cuadrado_reflectancia.npy,FIRMAS/cubos/resultados_cubos_soil_bandas/Soil_41__cube_20260610_095232/2px_84_bandas/Soil_41__84_Bandas_mascara_soil.npy,1,0.9122530864197531,0.001467704854381413
42,FIRMAS/cubos/resultados_cubos_soil_bandas/Soil_42__cube_20260610_100314/2px_84_bandas/Soil_42__84_Bandas_cubo_recorte_cuadrado_reflectancia.npy,FIRMAS/cubos/resultados_cubos_soil_bandas/Soil_42__cube_20260610_100314/2px_84_bandas/Soil_42__84_Bandas_mascara_soil.npy,1,0.9799691358024691,0.009769846019098027
43,FIRMAS/cubos/resultados_cubos_soil_bandas/Soil_43__cube_20260617_172252/2px_84_bandas/Soil_43__84_Bandas_cubo_recorte_cuadrado_reflectancia.npy,FIRMAS/cubos/resultados_cubos_soil_bandas/Soil_43__cube_20260617_172252/2px_84_bandas/Soil_43__84_Bandas_mascara_soil.npy,1,0.7852777777777777,7.813918319754531e-05
44,FIRMAS/cubos/resultados_cubos_soil_bandas/Soil_44__cube_20260617_172038/2px_84_bandas/Soil_44__84_Bandas_cubo_recorte_cuadrado_reflectancia.npy,FIRMAS/cubos/resultados_cubos_soil_bandas/Soil_44__cube_20260617_172038/2px_84_bandas/Soil_44__84_Bandas_mascara_soil.npy,1,0.7852777777777777,7.720338459638043e-05
45,FIRMAS/cubos/resultados_cubos_soil_bandas/Soil_45__cube_20260610_152003/2px_84_bandas/Soil_45__84_Bandas_cubo_recorte_cuadrado_reflectancia.npy,FIRMAS/cubos/resultados_cubos_soil_bandas/Soil_45__cube_20260610_152003/2px_84_bandas/Soil_45__84_Bandas_mascara_soil.npy,1,0.9508333333333333,0.004342705043844375
46,FIRMAS/cubos/resultados_cubos_soil_bandas/Soil_46__cube_20260610_110212/2px_84_bandas/Soil_46__84_Bandas_cubo_recorte_cuadrado_reflectancia.npy,FIRMAS/cubos/resultados_cubos_soil_bandas/Soil_46__cube_20260610_110212/2px_84_bandas/Soil_46__84_Bandas_mascara_soil.npy,1,0.9663271604938272,0.009195591104946277
47,FIRMAS/cubos/resultados_cubos_soil_bandas/Soil_47__cube_20260610_105440/2px_84_bandas/Soil_47__84_Bandas_cubo_recorte_cuadrado_reflectancia.npy,FIRMAS/cubos/resultados_cubos_soil_bandas/Soil_47__cube_20260610_105440/2px_84_bandas/Soil_47__84_Bandas_mascara_soil.npy,1,1.0,0.006059303350970047
48,FIRMAS/cubos/resultados_cubos_soil_bandas/Soil_48__cube_20260610_095812/2px_84_bandas/Soil_48__84_Bandas_cubo_recorte_cuadrado_reflectancia.npy,FIRMAS/cubos/resultados_cubos_soil_bandas/Soil_48__cube_20260610_095812/2px_84_bandas/Soil_48__84_Bandas_mascara_soil.npy,1,0.9948148148148148,0.027379253389119396
49,FIRMAS/cubos/resultados_cubos_soil_bandas/Soil_49__cube_20260617_171942/2px_84_bandas/Soil_49__84_Bandas_cubo_recorte_cuadrado_reflectancia.npy,FIRMAS/cubos/resultados_cubos_soil_bandas/Soil_49__cube_20260617_171942/2px_84_bandas/Soil_49__84_Bandas_mascara_soil.npy,1,0.7852777777777777,0.0001558104670945637
50,FIRMAS/cubos/resultados_cubos_soil_bandas/Soil_50__cube_20260610_112423/2px_84_bandas/Soil_50__84_Bandas_cubo_recorte_cuadrado_reflectancia.npy,FIRMAS/cubos/resultados_cubos_soil_bandas/Soil_50__cube_20260610_112423/2px_84_bandas/Soil_50__84_Bandas_mascara_soil.npy,1,1.0,0.0017688124632568858
51,FIRMAS/cubos/resultados_cubos_soil_bandas/Soil_51__cube_20260610_152356/2px_84_bandas/Soil_51__84_Bandas_cubo_recorte_cuadrado_reflectancia.npy,FIRMAS/cubos/resultados_cubos_soil_bandas/Soil_51__cube_20260610_152356/2px_84_bandas/Soil_51__84_Bandas_mascara_soil.npy,1,0.8487654320987654,0.003403030303030352
52,FIRMAS/cubos/resultados_cubos_soil_bandas/Soil_52__cube_20260609_142941/2px_84_bandas/Soil_52__84_Bandas_cubo_recorte_cuadrado_reflectancia.npy,FIRMAS/cubos/resultados_cubos_soil_bandas/Soil_52__cube_20260609_142941/2px_84_bandas/Soil_52__84_Bandas_mascara_soil.npy,1,0.9396296296296296,0.03566892530235066
53,FIRMAS/cubos/resultados_cubos_soil_bandas/Soil_53__cube_20260616_160814/2px_84_bandas/Soil_53__84_Bandas_cubo_recorte_cuadrado_reflectancia.npy,FIRMAS/cubos/resultados_cubos_soil_bandas/Soil_53__cube_20260616_160814/2px_84_bandas/Soil_53__84_Bandas_mascara_soil.npy,1,0.9451543209876543,0.0
54,FIRMAS/cubos/resultados_cubos_soil_bandas/Soil_54__cube_20260610_112801/2px_84_bandas/Soil_54__84_Bandas_cubo_recorte_cuadrado_reflectancia.npy,FIRMAS/cubos/resultados_cubos_soil_bandas/Soil_54__cube_20260610_112801/2px_84_bandas/Soil_54__84_Bandas_mascara_soil.npy,1,0.9999382716049383,0.007370016961658399
55,FIRMAS/cubos/resultados_cubos_soil_bandas/Soil_55__cube_20260609_145148/2px_84_bandas/Soil_55__84_Bandas_cubo_recorte_cuadrado_reflectancia.npy,FIRMAS/cubos/resultados_cubos_soil_bandas/Soil_55__cube_20260609_145148/2px_84_bandas/Soil_55__84_Bandas_mascara_soil.npy,1,0.8471296296296297,0.055657049864067054
56,FIRMAS/cubos/resultados_cubos_soil_bandas/Soil_56__cube_20260610_104908/2px_84_bandas/Soil_56__84_Bandas_cubo_recorte_cuadrado_reflectancia.npy,FIRMAS/cubos/resultados_cubos_soil_bandas/Soil_56__cube_20260610_104908/2px_84_bandas/Soil_56__84_Bandas_mascara_soil.npy,1,0.9396296296296296,0.0009459210040605459
57,FIRMAS/cubos/resultados_cubos_soil_bandas/Soil_57__cube_20260610_113044/2px_84_bandas/Soil_57__84_Bandas_cubo_recorte_cuadrado_reflectancia.npy,FIRMAS/cubos/resultados_cubos_soil_bandas/Soil_57__cube_20260610_113044/2px_84_bandas/Soil_57__84_Bandas_mascara_soil.npy,1,0.9580555555555555,0.049674700588008824
58,FIRMAS/cubos/resultados_cubos_soil_bandas/Soil_58__cube_20260610_113858/2px_84_bandas/Soil_58__84_Bandas_cubo_recorte_cuadrado_reflectancia.npy,FIRMAS/cubos/resultados_cubos_soil_bandas/Soil_58__cube_20260610_113858/2px_84_bandas/Soil_58__84_Bandas_mascara_soil.npy,1,0.9454012345679013,0.022915627025842156
59,FIRMAS/cubos/resultados_cubos_soil_bandas/Soil_59__cube_20260610_144309/2px_84_bandas/Soil_59__84_Bandas_cubo_recorte_cuadrado_reflectancia.npy,FIRMAS/cubos/resultados_cubos_soil_bandas/Soil_59__cube_20260610_144309/2px_84_bandas/Soil_59__84_Bandas_mascara_soil.npy,1,0.8934876543209876,0.000515273987587328
60,FIRMAS/cubos/resultados_cubos_soil_bandas/Soil_60__cube_20260610_095407/2px_84_bandas/Soil_60__84_Bandas_cubo_recorte_cuadrado_reflectancia.npy,FIRMAS/cubos/resultados_cubos_soil_bandas/Soil_60__cube_20260610_095407/2px_84_bandas/Soil_60__84_Bandas_mascara_soil.npy,1,0.9588580246913581,0.008770598721350331
61,FIRMAS/cubos/resultados_cubos_soil_bandas/Soil_61__cube_20260609_142032/2px_84_bandas/Soil_61__84_Bandas_cubo_recorte_cuadrado_reflectancia.npy,FIRMAS/cubos/resultados_cubos_soil_bandas/Soil_61__cube_20260609_142032/2px_84_bandas/Soil_61__84_Bandas_mascara_soil.npy,1,1.0,0.008923059964726643
62,FIRMAS/cubos/resultados_cubos_soil_bandas/Soil_62__cube_20260610_105604/2px_84_bandas/Soil_62__84_Bandas_cubo_recorte_cuadrado_reflectancia.npy,FIRMAS/cubos/resultados_cubos_soil_bandas/Soil_62__cube_20260610_105604/2px_84_bandas/Soil_62__84_Bandas_mascara_soil.npy,1,0.7852777777777777,0.011566002811138953
63,FIRMAS/cubos/resultados_cubos_soil_bandas/Soil_63__cube_20260609_154011/2px_84_bandas/Soil_63__84_Bandas_cubo_recorte_cuadrado_reflectancia.npy,FIRMAS/cubos/resultados_cubos_soil_bandas/Soil_63__cube_20260609_154011/2px_84_bandas/Soil_63__84_Bandas_mascara_soil.npy,1,0.7852777777777777,0.11106806437545735
64,FIRMAS/cubos/resultados_cubos_soil_bandas/Soil_64__cube_20260609_142701/2px_84_bandas/Soil_64__84_Bandas_cubo_recorte_cuadrado_reflectancia.npy,FIRMAS/cubos/resultados_cubos_soil_bandas/Soil_64__cube_20260609_142701/2px_84_bandas/Soil_64__84_Bandas_mascara_soil.npy,1,1.0,0.006299235743680187
65,FIRMAS/cubos/resultados_cubos_soil_bandas/Soil_65__cube_20260609_161551/2px_84_bandas/Soil_65__84_Bandas_cubo_recorte_cuadrado_reflectancia.npy,FIRMAS/cubos/resultados_cubos_soil_bandas/Soil_65__cube_20260609_161551/2px_84_bandas/Soil_65__84_Bandas_mascara_soil.npy,1,0.7852777777777777,0.013798350374225832
66,FIRMAS/cubos/resultados_cubos_soil_bandas/Soil_66__cube_20260609_142259/2px_84_bandas/Soil_66__84_Bandas_cubo_recorte_cuadrado_reflectancia.npy,FIRMAS/cubos/resultados_cubos_soil_bandas/Soil_66__cube_20260609_142259/2px_84_bandas/Soil_66__84_Bandas_mascara_soil.npy,1,0.9897222222222222,0.018853011625955762
67,FIRMAS/cubos/resultados_cubos_soil_bandas/Soil_67__cube_20260609_145521/2px_84_bandas/Soil_67__84_Bandas_cubo_recorte_cuadrado_reflectancia.npy,FIRMAS/cubos/resultados_cubos_soil_bandas/Soil_67__cube_20260609_145521/2px_84_bandas/Soil_67__84_Bandas_mascara_soil.npy,1,0.999537037037037,0.007974370850702517
68,FIRMAS/cubos/resultados_cubos_soil_bandas/Soil_68__cube_20260609_145307/2px_84_bandas/Soil_68__84_Bandas_cubo_recorte_cuadrado_reflectancia.npy,FIRMAS/cubos/resultados_cubos_soil_bandas/Soil_68__cube_20260609_145307/2px_84_bandas/Soil_68__84_Bandas_mascara_soil.npy,1,0.9992283950617284,0.1848284611141754
69,FIRMAS/cubos/resultados_cubos_soil_bandas/Soil_69__cube_20260610_143943/2px_84_bandas/Soil_69__84_Bandas_cubo_recorte_cuadrado_reflectancia.npy,FIRMAS/cubos/resultados_cubos_soil_bandas/Soil_69__cube_20260610_143943/2px_84_bandas/Soil_69__84_Bandas_mascara_soil.npy,1,0.9814197530864197,0.0010756142195226248
70,FIRMAS/cubos/resultados_cubos_soil_bandas/Soil_70__cube_20260609_145832/2px_84_bandas/Soil_70__84_Bandas_cubo_recorte_cuadrado_reflectancia.npy,FIRMAS/cubos/resultados_cubos_soil_bandas/Soil_70__cube_20260609_145832/2px_84_bandas/Soil_70__84_Bandas_mascara_soil.npy,1,0.7852777777777777,0.0003743194404672856
71,FIRMAS/cubos/resultados_cubos_soil_bandas/Soil_71__cube_20260609_161237/2px_84_bandas/Soil_71__84_Bandas_cubo_recorte_cuadrado_reflectancia.npy,FIRMAS/cubos/resultados_cubos_soil_bandas/Soil_71__cube_20260609_161237/2px_84_bandas/Soil_71__84_Bandas_mascara_soil.npy,1,1.0,0.01877020870076429
72,FIRMAS/cubos/resultados_cubos_soil_bandas/Soil_72__cube_20260609_161121/2px_84_bandas/Soil_72__84_Bandas_cubo_recorte_cuadrado_reflectancia.npy,FIRMAS/cubos/resultados_cubos_soil_bandas/Soil_72__cube_20260609_161121/2px_84_bandas/Soil_72__84_Bandas_mascara_soil.npy,1,0.9880864197530864,0.008655439435723111
73,FIRMAS/cubos/resultados_cubos_soil_bandas/Soil_73__cube_20260609_142819/2px_84_bandas/Soil_73__84_Bandas_cubo_recorte_cuadrado_reflectancia.npy,FIRMAS/cubos/resultados_cubos_soil_bandas/Soil_73__cube_20260609_142819/2px_84_bandas/Soil_73__84_Bandas_mascara_soil.npy,1,0.9987962962962963,0.015482701841281643
74,FIRMAS/cubos/resultados_cubos_soil_bandas/Soil_74__cube_20260610_144159/2px_84_bandas/Soil_74__84_Bandas_cubo_recorte_cuadrado_reflectancia.npy,FIRMAS/cubos/resultados_cubos_soil_bandas/Soil_74__cube_20260610_144159/2px_84_bandas/Soil_74__84_Bandas_mascara_soil.npy,1,0.9837654320987654,0.0002913256662393504
75,FIRMAS/cubos/resultados_cubos_soil_bandas/Soil_75__cube_20260609_162156/2px_84_bandas/Soil_75__84_Bandas_cubo_recorte_cuadrado_reflectancia.npy,FIRMAS/cubos/resultados_cubos_soil_bandas/Soil_75__cube_20260609_162156/2px_84_bandas/Soil_75__84_Bandas_mascara_soil.npy,1,1.0,0.009843106995884754
76,FIRMAS/cubos/resultados_cubos_soil_bandas/Soil_76__cube_20260609_154408/2px_84_bandas/Soil_76__84_Bandas_cubo_recorte_cuadrado_reflectancia.npy,FIRMAS/cubos/resultados_cubos_soil_bandas/Soil_76__cube_20260609_154408/2px_84_bandas/Soil_76__84_Bandas_mascara_soil.npy,1,0.7852777777777777,0.04047937219143449
77,FIRMAS/cubos/resultados_cubos_soil_bandas/Soil_77__cube_20260610_100157/2px_84_bandas/Soil_77__84_Bandas_cubo_recorte_cuadrado_reflectancia.npy,FIRMAS/cubos/resultados_cubos_soil_bandas/Soil_77__cube_20260610_100157/2px_84_bandas/Soil_77__84_Bandas_mascara_soil.npy,1,0.9887962962962963,0.00828617803521825
78,FIRMAS/cubos/resultados_cubos_soil_bandas/Soil_78__cube_20260610_095020/2px_84_bandas/Soil_78__84_Bandas_cubo_recorte_cuadrado_reflectancia.npy,FIRMAS/cubos/resultados_cubos_soil_bandas/Soil_78__cube_20260610_095020/2px_84_bandas/Soil_78__84_Bandas_mascara_soil.npy,1,0.7852777777777777,0.02823631909235025
79,FIRMAS/cubos/resultados_cubos_soil_bandas/Soil_79__cube_20260708_153927/2px_84_bandas/Soil_79__84_Bandas_cubo_recorte_cuadrado_reflectancia.npy,FIRMAS/cubos/resultados_cubos_soil_bandas/Soil_79__cube_20260708_153927/2px_84_bandas/Soil_79__84_Bandas_mascara_soil.npy,1,0.7852777777777777,0.00019792140414709447
80,FIRMAS/cubos/resultados_cubos_soil_bandas/Soil_80__cube_20260610_144047/2px_84_bandas/Soil_80__84_Bandas_cubo_recorte_cuadrado_reflectancia.npy,FIRMAS/cubos/resultados_cubos_soil_bandas/Soil_80__cube_20260610_144047/2px_84_bandas/Soil_80__84_Bandas_mascara_soil.npy,1,0.987037037037037,4.467077637804184e-05
81,FIRMAS/cubos/resultados_cubos_soil_bandas/Soil_81__cube_20260609_153846/2px_84_bandas/Soil_81__84_Bandas_cubo_recorte_cuadrado_reflectancia.npy,FIRMAS/cubos/resultados_cubos_soil_bandas/Soil_81__cube_20260609_153846/2px_84_bandas/Soil_81__84_Bandas_mascara_soil.npy,1,0.7852777777777777,0.002185557633028412
82,FIRMAS/cubos/resultados_cubos_soil_bandas/Soil_82__cube_20260610_151601/2px_84_bandas/Soil_82__84_Bandas_cubo_recorte_cuadrado_reflectancia.npy,FIRMAS/cubos/resultados_cubos_soil_bandas/Soil_82__cube_20260610_151601/2px_84_bandas/Soil_82__84_Bandas_mascara_soil.npy,1,1.0,0.0036287477954144443
83,FIRMAS/cubos/resultados_cubos_soil_bandas/Soil_83__cube_20260610_113331/2px_84_bandas/Soil_83__84_Bandas_cubo_recorte_cuadrado_reflectancia.npy,FIRMAS/cubos/resultados_cubos_soil_bandas/Soil_83__cube_20260610_113331/2px_84_bandas/Soil_83__84_Bandas_mascara_soil.npy,1,1.0,0.0019345238095238582
84,FIRMAS/cubos/resultados_cubos_soil_bandas/Soil_84__cube_20260610_151717/2px_84_bandas/Soil_84__84_Bandas_cubo_recorte_cuadrado_reflectancia.npy,FIRMAS/cubos/resultados_cubos_soil_bandas/Soil_84__cube_20260610_151717/2px_84_bandas/Soil_84__84_Bandas_mascara_soil.npy,1,0.7852777777777777,0.0015721416499626661
85,FIRMAS/cubos/resultados_cubos_soil_bandas/Soil_85__cube_20260610_144607/2px_84_bandas/Soil_85__84_Bandas_cubo_recorte_cuadrado_reflectancia.npy,FIRMAS/cubos/resultados_cubos_soil_bandas/Soil_85__cube_20260610_144607/2px_84_bandas/Soil_85__84_Bandas_mascara_soil.npy,1,0.9969135802469136,0.002149491375497581
86,FIRMAS/cubos/resultados_cubos_soil_bandas/Soil_86__cube_20260610_110021/2px_84_bandas/Soil_86__84_Bandas_cubo_recorte_cuadrado_reflectancia.npy,FIRMAS/cubos/resultados_cubos_soil_bandas/Soil_86__cube_20260610_110021/2px_84_bandas/Soil_86__84_Bandas_mascara_soil.npy,1,0.9962037037037037,0.004543630507939489
87,FIRMAS/cubos/resultados_cubos_soil_bandas/Soil_87__cube_20260610_151315/2px_84_bandas/Soil_87__84_Bandas_cubo_recorte_cuadrado_reflectancia.npy,FIRMAS/cubos/resultados_cubos_soil_bandas/Soil_87__cube_20260610_151315/2px_84_bandas/Soil_87__84_Bandas_mascara_soil.npy,1,0.8782716049382716,0.007558871172871684
88,FIRMAS/cubos/resultados_cubos_soil_bandas/Soil_88__cube_20260610_105908/2px_84_bandas/Soil_88__84_Bandas_cubo_recorte_cuadrado_reflectancia.npy,FIRMAS/cubos/resultados_cubos_soil_bandas/Soil_88__cube_20260610_105908/2px_84_bandas/Soil_88__84_Bandas_mascara_soil.npy,1,0.9924691358024691,0.009297309544541776
89,FIRMAS/cubos/resultados_cubos_soil_bandas/Soil_89__cube_20260610_152244/2px_84_bandas/Soil_89__84_Bandas_cubo_recorte_cuadrado_reflectancia.npy,FIRMAS/cubos/resultados_cubos_soil_bandas/Soil_89__cube_20260610_152244/2px_84_bandas/Soil_89__84_Bandas_mascara_soil.npy,1,0.7852777777777777,0.005706967769224525
90,FIRMAS/cubos/resultados_cubos_soil_bandas/Soil_90__cube_20260610_112916/2px_84_bandas/Soil_90__84_Bandas_cubo_recorte_cuadrado_reflectancia.npy,FIRMAS/cubos/resultados_cubos_soil_bandas/Soil_90__cube_20260610_112916/2px_84_bandas/Soil_90__84_Bandas_mascara_soil.npy,1,0.7852777777777777,0.008073602431579063
92,FIRMAS/cubos/resultados_cubos_soil_bandas/Soil_92__cube_20260610_143728/2px_84_bandas/Soil_92__84_Bandas_cubo_recorte_cuadrado_reflectancia.npy,FIRMAS/cubos/resultados_cubos_soil_bandas/Soil_92__cube_20260610_143728/2px_84_bandas/Soil_92__84_Bandas_mascara_soil.npy,1,0.9506481481481481,5.3724291573686855e-05
93,FIRMAS/cubos/resultados_cubos_soil_bandas/Soil_93__cube_20260610_143609/2px_84_bandas/Soil_93__84_Bandas_cubo_recorte_cuadrado_reflectancia.npy,FIRMAS/cubos/resultados_cubos_soil_bandas/Soil_93__cube_20260610_143609/2px_84_bandas/Soil_93__84_Bandas_mascara_soil.npy,1,0.9985185185185185,0.003154290895388767
94,FIRMAS/cubos/resultados_cubos_soil_bandas/Soil_94__cube_20260609_150219/2px_84_bandas/Soil_94__84_Bandas_cubo_recorte_cuadrado_reflectancia.npy,FIRMAS/cubos/resultados_cubos_soil_bandas/Soil_94__cube_20260609_150219/2px_84_bandas/Soil_94__84_Bandas_mascara_soil.npy,1,0.7852777777777777,0.02170023376249053
95,FIRMAS/cubos/resultados_cubos_soil_bandas/Soil_95__cube_20260609_162330/2px_84_bandas/Soil_95__84_Bandas_cubo_recorte_cuadrado_reflectancia.npy,FIRMAS/cubos/resultados_cubos_soil_bandas/Soil_95__cube_20260609_162330/2px_84_bandas/Soil_95__84_Bandas_mascara_soil.npy,1,0.7852777777777777,0.012587426984314143
96,FIRMAS/cubos/resultados_cubos_soil_bandas/Soil_96__cube_20260610_105107/2px_84_bandas/Soil_96__84_Bandas_cubo_recorte_cuadrado_reflectancia.npy,FIRMAS/cubos/resultados_cubos_soil_bandas/Soil_96__cube_20260610_105107/2px_84_bandas/Soil_96__84_Bandas_mascara_soil.npy,1,0.7852777777777777,0.09098067950208033
97,FIRMAS/cubos/resultados_cubos_soil_bandas/Soil_97__cube_20260708_153809/2px_84_bandas/Soil_97__84_Bandas_cubo_recorte_cuadrado_reflectancia.npy,FIRMAS/cubos/resultados_cubos_soil_bandas/Soil_97__cube_20260708_153809/2px_84_bandas/Soil_97__84_Bandas_mascara_soil.npy,1,0.7852777777777777,0.00048053258169988844
98,FIRMAS/cubos/resultados_cubos_soil_bandas/Soil_98__cube_20260609_161727/2px_84_bandas/Soil_98__84_Bandas_cubo_recorte_cuadrado_reflectancia.npy,FIRMAS/cubos/resultados_cubos_soil_bandas/Soil_98__cube_20260609_161727/2px_84_bandas/Soil_98__84_Bandas_mascara_soil.npy,1,0.7852777777777777,0.028022957011283878
99,FIRMAS/cubos/resultados_cubos_soil_bandas/Soil_99__cube_20260609_162453/2px_84_bandas/Soil_99__84_Bandas_cubo_recorte_cuadrado_reflectancia.npy,FIRMAS/cubos/resultados_cubos_soil_bandas/Soil_99__cube_20260609_162453/2px_84_bandas/Soil_99__84_Bandas_mascara_soil.npy,1,0.7852777777777777,0.011925817373288239
100,FIRMAS/cubos/resultados_cubos_soil_bandas/Soil_100__cube_20260609_154123/2px_84_bandas/Soil_100__84_Bandas_cubo_recorte_cuadrado_reflectancia.npy,FIRMAS/cubos/resultados_cubos_soil_bandas/Soil_100__cube_20260609_154123/2px_84_bandas/Soil_100__84_Bandas_mascara_soil.npy,1,0.7852777777777777,0.0003162999271948408
101,FIRMAS/cubos/resultados_cubos_soil_bandas/Soil_101__cube_20260609_153144/2px_84_bandas/Soil_101__84_Bandas_cubo_recorte_cuadrado_reflectancia.npy,FIRMAS/cubos/resultados_cubos_soil_bandas/Soil_101__cube_20260609_153144/2px_84_bandas/Soil_101__84_Bandas_mascara_soil.npy,1,0.9997222222222222,0.008827775499073098
102,FIRMAS/cubos/resultados_cubos_soil_bandas/Soil_102__cube_20260609_161857/2px_84_bandas/Soil_102__84_Bandas_cubo_recorte_cuadrado_reflectancia.npy,FIRMAS/cubos/resultados_cubos_soil_bandas/Soil_102__cube_20260609_161857/2px_84_bandas/Soil_102__84_Bandas_mascara_soil.npy,1,0.7852777777777777,0.01051416518342585
103,FIRMAS/cubos/resultados_cubos_soil_bandas/Soil_103__cube_20260609_145707/2px_84_bandas/Soil_103__84_Bandas_cubo_recorte_cuadrado_reflectancia.npy,FIRMAS/cubos/resultados_cubos_soil_bandas/Soil_103__cube_20260609_145707/2px_84_bandas/Soil_103__84_Bandas_mascara_soil.npy,1,0.9842283950617284,0.026144259328115815
104,FIRMAS/cubos/resultados_cubos_soil_bandas/Soil_104__cube_20260610_095653/2px_84_bandas/Soil_104__84_Bandas_cubo_recorte_cuadrado_reflectancia.npy,FIRMAS/cubos/resultados_cubos_soil_bandas/Soil_104__cube_20260610_095653/2px_84_bandas/Soil_104__84_Bandas_mascara_soil.npy,1,0.7852777777777777,0.0019249377226030484
105,FIRMAS/cubos/resultados_cubos_soil_bandas/Soil_105__cube_20260617_172352/2px_84_bandas/Soil_105__84_Bandas_cubo_recorte_cuadrado_reflectancia.npy,FIRMAS/cubos/resultados_cubos_soil_bandas/Soil_105__cube_20260617_172352/2px_84_bandas/Soil_105__84_Bandas_mascara_soil.npy,1,0.7852777777777777,5.6147916069893e-06
106,FIRMAS/cubos/resultados_cubos_soil_bandas/Soil_106__cube_20260610_095924/2px_84_bandas/Soil_106__84_Bandas_cubo_recorte_cuadrado_reflectancia.npy,FIRMAS/cubos/resultados_cubos_soil_bandas/Soil_106__cube_20260610_095924/2px_84_bandas/Soil_106__84_Bandas_mascara_soil.npy,1,0.7852777777777777,0.004382812748571552
107,FIRMAS/cubos/resultados_cubos_soil_bandas/Soil_107__cube_20260609_154245/2px_84_bandas/Soil_107__84_Bandas_cubo_recorte_cuadrado_reflectancia.npy,FIRMAS/cubos/resultados_cubos_soil_bandas/Soil_107__cube_20260609_154245/2px_84_bandas/Soil_107__84_Bandas_mascara_soil.npy,1,0.7852777777777777,0.024799130830259197
108,FIRMAS/cubos/resultados_cubos_soil_bandas/Soil_108__cube_20260609_153311/2px_84_bandas/Soil_108__84_Bandas_cubo_recorte_cuadrado_reflectancia.npy,FIRMAS/cubos/resultados_cubos_soil_bandas/Soil_108__cube_20260609_153311/2px_84_bandas/Soil_108__84_Bandas_mascara_soil.npy,1,0.7852777777777777,0.013499830620453235
109,FIRMAS/cubos/resultados_cubos_soil_bandas/Soil_109__cube_20260617_171455/2px_84_bandas/Soil_109__84_Bandas_cubo_recorte_cuadrado_reflectancia.npy,FIRMAS/cubos/resultados_cubos_soil_bandas/Soil_109__cube_20260617_171455/2px_84_bandas/Soil_109__84_Bandas_mascara_soil.npy,1,0.7852777777777777,0.0001525351719904311
110,FIRMAS/cubos/resultados_cubos_soil_bandas/Soil_110__cube_20260617_173200/2px_84_bandas/Soil_110__84_Bandas_cubo_recorte_cuadrado_reflectancia.npy,FIRMAS/cubos/resultados_cubos_soil_bandas/Soil_110__cube_20260617_173200/2px_84_bandas/Soil_110__84_Bandas_mascara_soil.npy,1,0.7852777777777777,0.0005993790040482727
111,FIRMAS/cubos/resultados_cubos_soil_bandas/Soil_111__cube_20260609_143221/2px_84_bandas/Soil_111__84_Bandas_cubo_recorte_cuadrado_reflectancia.npy,FIRMAS/cubos/resultados_cubos_soil_bandas/Soil_111__cube_20260609_143221/2px_84_bandas/Soil_111__84_Bandas_mascara_soil.npy,1,0.7852777777777777,0.01709048985313577
112,FIRMAS/cubos/resultados_cubos_soil_bandas/Soil_112__cube_20260708_154031/2px_84_bandas/Soil_112__84_Bandas_cubo_recorte_cuadrado_reflectancia.npy,FIRMAS/cubos/resultados_cubos_soil_bandas/Soil_112__cube_20260708_154031/2px_84_bandas/Soil_112__84_Bandas_mascara_soil.npy,1,0.8309567901234568,0.000375851413997208
113,FIRMAS/cubos/resultados_cubos_soil_bandas/Soil_113__cube_20260609_161429/2px_84_bandas/Soil_113__84_Bandas_cubo_recorte_cuadrado_reflectancia.npy,FIRMAS/cubos/resultados_cubos_soil_bandas/Soil_113__cube_20260609_161429/2px_84_bandas/Soil_113__84_Bandas_mascara_soil.npy,1,0.7852777777777777,0.11023192832531359
114,FIRMAS/cubos/resultados_cubos_soil_bandas/Soil_114__cube_20260609_142528/2px_84_bandas/Soil_114__84_Bandas_cubo_recorte_cuadrado_reflectancia.npy,FIRMAS/cubos/resultados_cubos_soil_bandas/Soil_114__cube_20260609_142528/2px_84_bandas/Soil_114__84_Bandas_mascara_soil.npy,1,0.7852777777777777,0.009320554067635767
115,FIRMAS/cubos/resultados_cubos_soil_bandas/Soil_115__cube_20260613_165147/2px_84_bandas/Soil_115__84_Bandas_cubo_recorte_cuadrado_reflectancia.npy,FIRMAS/cubos/resultados_cubos_soil_bandas/Soil_115__cube_20260613_165147/2px_84_bandas/Soil_115__84_Bandas_mascara_soil.npy,1,0.7852777777777777,0.0006634812082283448
116,FIRMAS/cubos/resultados_cubos_soil_bandas/Soil_116__cube_20260616_163323/2px_84_bandas/Soil_116__84_Bandas_cubo_recorte_cuadrado_reflectancia.npy,FIRMAS/cubos/resultados_cubos_soil_bandas/Soil_116__cube_20260616_163323/2px_84_bandas/Soil_116__84_Bandas_mascara_soil.npy,1,0.7852777777777777,0.0021761996470167633
117,FIRMAS/cubos/resultados_cubos_soil_bandas/Soil_117__cube_20260616_145321/2px_84_bandas/Soil_117__84_Bandas_cubo_recorte_cuadrado_reflectancia.npy,FIRMAS/cubos/resultados_cubos_soil_bandas/Soil_117__cube_20260616_145321/2px_84_bandas/Soil_117__84_Bandas_mascara_soil.npy,1,0.7852777777777777,0.0021256665225536375
118,FIRMAS/cubos/resultados_cubos_soil_bandas/Soil_118__cube_20260610_105751/2px_84_bandas/Soil_118__84_Bandas_cubo_recorte_cuadrado_reflectancia.npy,FIRMAS/cubos/resultados_cubos_soil_bandas/Soil_118__cube_20260610_105751/2px_84_bandas/Soil_118__84_Bandas_mascara_soil.npy,1,0.9994753086419753,0.0023395579397185173
119,FIRMAS/cubos/resultados_cubos_soil_bandas/Soil_119__cube_20260708_154137/2px_84_bandas/Soil_119__84_Bandas_cubo_recorte_cuadrado_reflectancia.npy,FIRMAS/cubos/resultados_cubos_soil_bandas/Soil_119__cube_20260708_154137/2px_84_bandas/Soil_119__84_Bandas_mascara_soil.npy,1,0.7852777777777777,0.0006218381704763409
120,FIRMAS/cubos/resultados_cubos_soil_bandas/Soil_120__cube_20260708_154241/2px_84_bandas/Soil_120__84_Bandas_cubo_recorte_cuadrado_reflectancia.npy,FIRMAS/cubos/resultados_cubos_soil_bandas/Soil_120__cube_20260708_154241/2px_84_bandas/Soil_120__84_Bandas_mascara_soil.npy,1,0.7852777777777777,0.0006747107914423234
121,FIRMAS/cubos/resultados_cubos_soil_bandas/Soil_121__cube_20260616_151822/2px_84_bandas/Soil_121__84_Bandas_cubo_recorte_cuadrado_reflectancia.npy,FIRMAS/cubos/resultados_cubos_soil_bandas/Soil_121__cube_20260616_151822/2px_84_bandas/Soil_121__84_Bandas_mascara_soil.npy,1,0.7852777777777777,0.004696773179263425
122,FIRMAS/cubos/resultados_cubos_soil_bandas/Soil_122__cube_20260613_165602/2px_84_bandas/Soil_122__84_Bandas_cubo_recorte_cuadrado_reflectancia.npy,FIRMAS/cubos/resultados_cubos_soil_bandas/Soil_122__cube_20260613_165602/2px_84_bandas/Soil_122__84_Bandas_mascara_soil.npy,1,0.8885802469135803,0.001189235680378431
123,FIRMAS/cubos/resultados_cubos_soil_bandas/Soil_123__cube_20260617_172918/2px_84_bandas/Soil_123__84_Bandas_cubo_recorte_cuadrado_reflectancia.npy,FIRMAS/cubos/resultados_cubos_soil_bandas/Soil_123__cube_20260617_172918/2px_84_bandas/Soil_123__84_Bandas_mascara_soil.npy,1,0.7852777777777777,7.018489508792136e-06
124,FIRMAS/cubos/resultados_cubos_soil_bandas/Soil_124__cube_20260610_151826/2px_84_bandas/Soil_124__84_Bandas_cubo_recorte_cuadrado_reflectancia.npy,FIRMAS/cubos/resultados_cubos_soil_bandas/Soil_124__cube_20260610_151826/2px_84_bandas/Soil_124__84_Bandas_mascara_soil.npy,1,0.9880864197530864,0.0007749585746712473
125,FIRMAS/cubos/resultados_cubos_soil_bandas/Soil_125__cube_20260610_152127/2px_84_bandas/Soil_125__84_Bandas_cubo_recorte_cuadrado_reflectancia.npy,FIRMAS/cubos/resultados_cubos_soil_bandas/Soil_125__cube_20260610_152127/2px_84_bandas/Soil_125__84_Bandas_mascara_soil.npy,1,0.9788580246913581,0.006877848096514372
126,FIRMAS/cubos/resultados_cubos_soil_bandas/Soil_126__cube_20260708_154349/2px_84_bandas/Soil_126__84_Bandas_cubo_recorte_cuadrado_reflectancia.npy,FIRMAS/cubos/resultados_cubos_soil_bandas/Soil_126__cube_20260708_154349/2px_84_bandas/Soil_126__84_Bandas_mascara_soil.npy,1,0.7852777777777777,0.00037244784326495584
127,FIRMAS/cubos/resultados_cubos_soil_bandas/Soil_127__cube_20260616_145505/2px_84_bandas/Soil_127__84_Bandas_cubo_recorte_cuadrado_reflectancia.npy,FIRMAS/cubos/resultados_cubos_soil_bandas/Soil_127__cube_20260616_145505/2px_84_bandas/Soil_127__84_Bandas_mascara_soil.npy,1,0.9708333333333333,0.0014726252923678018
128,FIRMAS/cubos/resultados_cubos_soil_bandas/Soil_128__cube_20260616_150004/2px_84_bandas/Soil_128__84_Bandas_cubo_recorte_cuadrado_reflectancia.npy,FIRMAS/cubos/resultados_cubos_soil_bandas/Soil_128__cube_20260616_150004/2px_84_bandas/Soil_128__84_Bandas_mascara_soil.npy,1,0.7852777777777777,0.002573914052513282
129,FIRMAS/cubos/resultados_cubos_soil_bandas/Soil_129__cube_20260613_165234/2px_84_bandas/Soil_129__84_Bandas_cubo_recorte_cuadrado_reflectancia.npy,FIRMAS/cubos/resultados_cubos_soil_bandas/Soil_129__cube_20260613_165234/2px_84_bandas/Soil_129__84_Bandas_mascara_soil.npy,1,0.7852777777777777,0.0010204883745740245
130,FIRMAS/cubos/resultados_cubos_soil_bandas/Soil_130__cube_20260708_154455/2px_84_bandas/Soil_130__84_Bandas_cubo_recorte_cuadrado_reflectancia.npy,FIRMAS/cubos/resultados_cubos_soil_bandas/Soil_130__cube_20260708_154455/2px_84_bandas/Soil_130__84_Bandas_mascara_soil.npy,1,0.7852777777777777,0.0005947000110424483
131,FIRMAS/cubos/resultados_cubos_soil_bandas/Soil_131__cube_20260609_150635/2px_84_bandas/Soil_131__84_Bandas_cubo_recorte_cuadrado_reflectancia.npy,FIRMAS/cubos/resultados_cubos_soil_bandas/Soil_131__cube_20260609_150635/2px_84_bandas/Soil_131__84_Bandas_mascara_soil.npy,1,0.9975,0.03337856693467944
132,FIRMAS/cubos/resultados_cubos_soil_bandas/Soil_132__cube_20260708_152510/2px_84_bandas/Soil_132__84_Bandas_cubo_recorte_cuadrado_reflectancia.npy,FIRMAS/cubos/resultados_cubos_soil_bandas/Soil_132__cube_20260708_152510/2px_84_bandas/Soil_132__84_Bandas_mascara_soil.npy,1,0.2852777777777778,0.000895143300206569
133,FIRMAS/cubos/resultados_cubos_soil_bandas/Soil_133__cube_20260616_145833/2px_84_bandas/Soil_133__84_Bandas_cubo_recorte_cuadrado_reflectancia.npy,FIRMAS/cubos/resultados_cubos_soil_bandas/Soil_133__cube_20260616_145833/2px_84_bandas/Soil_133__84_Bandas_mascara_soil.npy,1,0.7852777777777777,0.0021593552721956843
134,FIRMAS/cubos/resultados_cubos_soil_bandas/Soil_134__cube_20260617_172619/2px_84_bandas/Soil_134__84_Bandas_cubo_recorte_cuadrado_reflectancia.npy,FIRMAS/cubos/resultados_cubos_soil_bandas/Soil_134__cube_20260617_172619/2px_84_bandas/Soil_134__84_Bandas_mascara_soil.npy,1,0.7852777777777777,0.0014640569115277335
135,FIRMAS/cubos/resultados_cubos_soil_bandas/Soil_135__cube_20260616_163200/2px_84_bandas/Soil_135__84_Bandas_cubo_recorte_cuadrado_reflectancia.npy,FIRMAS/cubos/resultados_cubos_soil_bandas/Soil_135__cube_20260616_163200/2px_84_bandas/Soil_135__84_Bandas_mascara_soil.npy,1,0.7852777777777777,0.004490897487006484
136,FIRMAS/cubos/resultados_cubos_soil_bandas/Soil_136__cube_20260708_152923/2px_84_bandas/Soil_136__84_Bandas_cubo_recorte_cuadrado_reflectancia.npy,FIRMAS/cubos/resultados_cubos_soil_bandas/Soil_136__cube_20260708_152923/2px_84_bandas/Soil_136__84_Bandas_mascara_soil.npy,1,0.7852777777777777,8.79650685098321e-05
137,FIRMAS/cubos/resultados_cubos_soil_bandas/Soil_137__cube_20260708_153210/2px_84_bandas/Soil_137__84_Bandas_cubo_recorte_cuadrado_reflectancia.npy,FIRMAS/cubos/resultados_cubos_soil_bandas/Soil_137__cube_20260708_153210/2px_84_bandas/Soil_137__84_Bandas_mascara_soil.npy,1,0.7852777777777777,0.00021663737617050316
138,FIRMAS/cubos/resultados_cubos_soil_bandas/Soil_138__cube_20260612_153540/2px_84_bandas/Soil_138__84_Bandas_cubo_recorte_cuadrado_reflectancia.npy,FIRMAS/cubos/resultados_cubos_soil_bandas/Soil_138__cube_20260612_153540/2px_84_bandas/Soil_138__84_Bandas_mascara_soil.npy,1,0.9968518518518519,0.002700668477187196
139,FIRMAS/cubos/resultados_cubos_soil_bandas/Soil_139__cube_20260617_172448/2px_84_bandas/Soil_139__84_Bandas_cubo_recorte_cuadrado_reflectancia.npy,FIRMAS/cubos/resultados_cubos_soil_bandas/Soil_139__cube_20260617_172448/2px_84_bandas/Soil_139__84_Bandas_mascara_soil.npy,1,0.7852777777777777,8.702926990866722e-05
140,FIRMAS/cubos/resultados_cubos_soil_bandas/Soil_140__cube_20260616_144802/2px_84_bandas/Soil_140__84_Bandas_cubo_recorte_cuadrado_reflectancia.npy,FIRMAS/cubos/resultados_cubos_soil_bandas/Soil_140__cube_20260616_144802/2px_84_bandas/Soil_140__84_Bandas_mascara_soil.npy,1,0.7852777777777777,0.0008604668137741633
141,FIRMAS/cubos/resultados_cubos_soil_bandas/Soil_141__cube_20260616_161707/2px_84_bandas/Soil_141__84_Bandas_cubo_recorte_cuadrado_reflectancia.npy,FIRMAS/cubos/resultados_cubos_soil_bandas/Soil_141__cube_20260616_161707/2px_84_bandas/Soil_141__84_Bandas_mascara_soil.npy,1,0.7852777777777777,0.0013447425898788223
142,FIRMAS/cubos/resultados_cubos_soil_bandas/Soil_142__cube_20260612_150405/2px_84_bandas/Soil_142__84_Bandas_cubo_recorte_cuadrado_reflectancia.npy,FIRMAS/cubos/resultados_cubos_soil_bandas/Soil_142__cube_20260612_150405/2px_84_bandas/Soil_142__84_Bandas_mascara_soil.npy,1,0.9284567901234568,2.493185293528377e-05
143,FIRMAS/cubos/resultados_cubos_soil_bandas/Soil_143__cube_20260612_152625/2px_84_bandas/Soil_143__84_Bandas_cubo_recorte_cuadrado_reflectancia.npy,FIRMAS/cubos/resultados_cubos_soil_bandas/Soil_143__cube_20260612_152625/2px_84_bandas/Soil_143__84_Bandas_mascara_soil.npy,1,0.9423148148148148,0.001710985399695275
144,FIRMAS/cubos/resultados_cubos_soil_bandas/Soil_144__cube_20260612_151612/2px_84_bandas/Soil_144__84_Bandas_cubo_recorte_cuadrado_reflectancia.npy,FIRMAS/cubos/resultados_cubos_soil_bandas/Soil_144__cube_20260612_151612/2px_84_bandas/Soil_144__84_Bandas_mascara_soil.npy,1,0.9876234567901234,0.002029453301368056
145,FIRMAS/cubos/resultados_cubos_soil_bandas/Soil_145__cube_20260613_165059/2px_84_bandas/Soil_145__84_Bandas_cubo_recorte_cuadrado_reflectancia.npy,FIRMAS/cubos/resultados_cubos_soil_bandas/Soil_145__cube_20260613_165059/2px_84_bandas/Soil_145__84_Bandas_mascara_soil.npy,1,0.7852777777777777,0.0010186167773716948
146,FIRMAS/cubos/resultados_cubos_soil_bandas/Soil_146__cube_20260616_162255/2px_84_bandas/Soil_146__84_Bandas_cubo_recorte_cuadrado_reflectancia.npy,FIRMAS/cubos/resultados_cubos_soil_bandas/Soil_146__cube_20260616_162255/2px_84_bandas/Soil_146__84_Bandas_mascara_soil.npy,1,0.7852777777777777,0.0017148509366408105
147,FIRMAS/cubos/resultados_cubos_soil_bandas/Soil_147__cube_20260616_144424/2px_84_bandas/Soil_147__84_Bandas_cubo_recorte_cuadrado_reflectancia.npy,FIRMAS/cubos/resultados_cubos_soil_bandas/Soil_147__cube_20260616_144424/2px_84_bandas/Soil_147__84_Bandas_mascara_soil.npy,1,0.7852777777777777,0.0007252439159054491
148,FIRMAS/cubos/resultados_cubos_soil_bandas/Soil_148__cube_20260611_172836/2px_84_bandas/Soil_148__84_Bandas_cubo_recorte_cuadrado_reflectancia.npy,FIRMAS/cubos/resultados_cubos_soil_bandas/Soil_148__cube_20260611_172836/2px_84_bandas/Soil_148__84_Bandas_mascara_soil.npy,1,0.9263888888888889,0.0012077294685990392
149,FIRMAS/cubos/resultados_cubos_soil_bandas/Soil_149__cube_20260611_172211/2px_84_bandas/Soil_149__84_Bandas_cubo_recorte_cuadrado_reflectancia.npy,FIRMAS/cubos/resultados_cubos_soil_bandas/Soil_149__cube_20260611_172211/2px_84_bandas/Soil_149__84_Bandas_mascara_soil.npy,1,0.9241666666666667,0.0007387051270429934
150,FIRMAS/cubos/resultados_cubos_soil_bandas/Soil_150__cube_20260611_172414/2px_84_bandas/Soil_150__84_Bandas_cubo_recorte_cuadrado_reflectancia.npy,FIRMAS/cubos/resultados_cubos_soil_bandas/Soil_150__cube_20260611_172414/2px_84_bandas/Soil_150__84_Bandas_mascara_soil.npy,1,0.8587654320987654,0.0008364652646567494
151,FIRMAS/cubos/resultados_cubos_soil_bandas/Soil_151__cube_20260616_161930/2px_84_bandas/Soil_151__84_Bandas_cubo_recorte_cuadrado_reflectancia.npy,FIRMAS/cubos/resultados_cubos_soil_bandas/Soil_151__cube_20260616_161930/2px_84_bandas/Soil_151__84_Bandas_mascara_soil.npy,1,0.7852777777777777,0.0011833173311772693
152,FIRMAS/cubos/resultados_cubos_soil_bandas/Soil_152__cube_20260616_151222/2px_84_bandas/Soil_152__84_Bandas_cubo_recorte_cuadrado_reflectancia.npy,FIRMAS/cubos/resultados_cubos_soil_bandas/Soil_152__cube_20260616_151222/2px_84_bandas/Soil_152__84_Bandas_mascara_soil.npy,1,0.7852777777777777,0.003677688502591203
153,FIRMAS/cubos/resultados_cubos_soil_bandas/Soil_153__cube_20260616_152118/2px_84_bandas/Soil_153__84_Bandas_cubo_recorte_cuadrado_reflectancia.npy,FIRMAS/cubos/resultados_cubos_soil_bandas/Soil_153__cube_20260616_152118/2px_84_bandas/Soil_153__84_Bandas_mascara_soil.npy,1,0.7852777777777777,0.00210695055053034
154,FIRMAS/cubos/resultados_cubos_soil_bandas/Soil_154__cube_20260612_151033/2px_84_bandas/Soil_154__84_Bandas_cubo_recorte_cuadrado_reflectancia.npy,FIRMAS/cubos/resultados_cubos_soil_bandas/Soil_154__cube_20260612_151033/2px_84_bandas/Soil_154__84_Bandas_mascara_soil.npy,1,0.8940123456790123,0.0003694808034379049
155,FIRMAS/cubos/resultados_cubos_soil_bandas/Soil_155__cube_20260611_172320/2px_84_bandas/Soil_155__84_Bandas_cubo_recorte_cuadrado_reflectancia.npy,FIRMAS/cubos/resultados_cubos_soil_bandas/Soil_155__cube_20260611_172320/2px_84_bandas/Soil_155__84_Bandas_mascara_soil.npy,1,0.9869753086419754,0.0011719366588338609
156,FIRMAS/cubos/resultados_cubos_soil_bandas/Soil_156__cube_20260612_153217/2px_84_bandas/Soil_156__84_Bandas_cubo_recorte_cuadrado_reflectancia.npy,FIRMAS/cubos/resultados_cubos_soil_bandas/Soil_156__cube_20260612_153217/2px_84_bandas/Soil_156__84_Bandas_mascara_soil.npy,1,0.9839506172839506,0.002358920356097305
157,FIRMAS/cubos/resultados_cubos_soil_bandas/Soil_157__cube_20260616_162145/2px_84_bandas/Soil_157__84_Bandas_cubo_recorte_cuadrado_reflectancia.npy,FIRMAS/cubos/resultados_cubos_soil_bandas/Soil_157__cube_20260616_162145/2px_84_bandas/Soil_157__84_Bandas_mascara_soil.npy,1,0.7852777777777777,0.0022800732917463984
158,FIRMAS/cubos/resultados_cubos_soil_bandas/Soil_158__cube_20260613_164911/2px_84_bandas/Soil_158__84_Bandas_cubo_recorte_cuadrado_reflectancia.npy,FIRMAS/cubos/resultados_cubos_soil_bandas/Soil_158__cube_20260613_164911/2px_84_bandas/Soil_158__84_Bandas_mascara_soil.npy,1,0.9681481481481482,0.001956801593373858
159,FIRMAS/cubos/resultados_cubos_soil_bandas/Soil_159__cube_20260616_161217/2px_84_bandas/Soil_159__84_Bandas_cubo_recorte_cuadrado_reflectancia.npy,FIRMAS/cubos/resultados_cubos_soil_bandas/Soil_159__cube_20260616_161217/2px_84_bandas/Soil_159__84_Bandas_mascara_soil.npy,1,0.7852777777777777,6.878119718589648e-05
160,FIRMAS/cubos/resultados_cubos_soil_bandas/Soil_160__cube_20260612_152027/2px_84_bandas/Soil_160__84_Bandas_cubo_recorte_cuadrado_reflectancia.npy,FIRMAS/cubos/resultados_cubos_soil_bandas/Soil_160__cube_20260612_152027/2px_84_bandas/Soil_160__84_Bandas_mascara_soil.npy,1,0.9400617283950617,0.001398490974300337
161,FIRMAS/cubos/resultados_cubos_soil_bandas/Soil_161__cube_20260611_113154/2px_84_bandas/Soil_161__84_Bandas_cubo_recorte_cuadrado_reflectancia.npy,FIRMAS/cubos/resultados_cubos_soil_bandas/Soil_161__cube_20260611_113154/2px_84_bandas/Soil_161__84_Bandas_mascara_soil.npy,1,0.9897530864197531,0.0012317575152800408
162,FIRMAS/cubos/resultados_cubos_soil_bandas/Soil_162__cube_20260611_173457/2px_84_bandas/Soil_162__84_Bandas_cubo_recorte_cuadrado_reflectancia.npy,FIRMAS/cubos/resultados_cubos_soil_bandas/Soil_162__cube_20260611_173457/2px_84_bandas/Soil_162__84_Bandas_mascara_soil.npy,1,0.98,0.00011622814910794421
163,FIRMAS/cubos/resultados_cubos_soil_bandas/Soil_163__cube_20260613_114614/2px_84_bandas/Soil_163__84_Bandas_cubo_recorte_cuadrado_reflectancia.npy,FIRMAS/cubos/resultados_cubos_soil_bandas/Soil_163__cube_20260613_114614/2px_84_bandas/Soil_163__84_Bandas_mascara_soil.npy,1,0.9721296296296297,0.0015296241365391205
164,FIRMAS/cubos/resultados_cubos_soil_bandas/Soil_164__cube_20260617_173102/2px_84_bandas/Soil_164__84_Bandas_cubo_recorte_cuadrado_reflectancia.npy,FIRMAS/cubos/resultados_cubos_soil_bandas/Soil_164__cube_20260617_173102/2px_84_bandas/Soil_164__84_Bandas_mascara_soil.npy,1,0.7852777777777777,0.00025453721951773645
165,FIRMAS/cubos/resultados_cubos_soil_bandas/Soil_165__cube_20260613_164225/2px_84_bandas/Soil_165__84_Bandas_cubo_recorte_cuadrado_reflectancia.npy,FIRMAS/cubos/resultados_cubos_soil_bandas/Soil_165__cube_20260613_164225/2px_84_bandas/Soil_165__84_Bandas_mascara_soil.npy,1,0.797283950617284,4.193764839477421e-05
166,FIRMAS/cubos/resultados_cubos_soil_bandas/Soil_166__cube_20260612_153318/2px_84_bandas/Soil_166__84_Bandas_cubo_recorte_cuadrado_reflectancia.npy,FIRMAS/cubos/resultados_cubos_soil_bandas/Soil_166__cube_20260612_153318/2px_84_bandas/Soil_166__84_Bandas_mascara_soil.npy,1,0.9349074074074074,0.002832445909597525
167,FIRMAS/cubos/resultados_cubos_soil_bandas/Soil_167__cube_20260611_173354/2px_84_bandas/Soil_167__84_Bandas_cubo_recorte_cuadrado_reflectancia.npy,FIRMAS/cubos/resultados_cubos_soil_bandas/Soil_167__cube_20260611_173354/2px_84_bandas/Soil_167__84_Bandas_mascara_soil.npy,1,0.9261728395061728,0.0014202561856521134
168,FIRMAS/cubos/resultados_cubos_soil_bandas/Soil_168__cube_20260612_151857/2px_84_bandas/Soil_168__84_Bandas_cubo_recorte_cuadrado_reflectancia.npy,FIRMAS/cubos/resultados_cubos_soil_bandas/Soil_168__cube_20260612_151857/2px_84_bandas/Soil_168__84_Bandas_mascara_soil.npy,1,0.9807407407407407,0.001214228768043002
169,FIRMAS/cubos/resultados_cubos_soil_bandas/Soil_169__cube_20260611_172516/2px_84_bandas/Soil_169__84_Bandas_cubo_recorte_cuadrado_reflectancia.npy,FIRMAS/cubos/resultados_cubos_soil_bandas/Soil_169__cube_20260611_172516/2px_84_bandas/Soil_169__84_Bandas_mascara_soil.npy,1,0.9513271604938272,0.0010045837755664477
170,FIRMAS/cubos/resultados_cubos_soil_bandas/Soil_170__cube_20260611_171819/2px_84_bandas/Soil_170__84_Bandas_cubo_recorte_cuadrado_reflectancia.npy,FIRMAS/cubos/resultados_cubos_soil_bandas/Soil_170__cube_20260611_171819/2px_84_bandas/Soil_170__84_Bandas_mascara_soil.npy,1,0.8397222222222223,0.0007587333091798598
171,FIRMAS/cubos/resultados_cubos_soil_bandas/Soil_171__cube_20260611_172625/2px_84_bandas/Soil_171__84_Bandas_cubo_recorte_cuadrado_reflectancia.npy,FIRMAS/cubos/resultados_cubos_soil_bandas/Soil_171__cube_20260611_172625/2px_84_bandas/Soil_171__84_Bandas_mascara_soil.npy,1,0.5113888888888889,0.0012171323958396485
172,FIRMAS/cubos/resultados_cubos_soil_bandas/Soil_172__cube_20260612_150516/2px_84_bandas/Soil_172__84_Bandas_cubo_recorte_cuadrado_reflectancia.npy,FIRMAS/cubos/resultados_cubos_soil_bandas/Soil_172__cube_20260612_150516/2px_84_bandas/Soil_172__84_Bandas_mascara_soil.npy,1,0.9419135802469136,0.00324086643635757
173,FIRMAS/cubos/resultados_cubos_soil_bandas/Soil_173__cube_20260611_095415/2px_84_bandas/Soil_173__84_Bandas_cubo_recorte_cuadrado_reflectancia.npy,FIRMAS/cubos/resultados_cubos_soil_bandas/Soil_173__cube_20260611_095415/2px_84_bandas/Soil_173__84_Bandas_mascara_soil.npy,1,0.9355555555555556,0.0013950156467971153
174,FIRMAS/cubos/resultados_cubos_soil_bandas/Soil_174__cube_20260611_173251/2px_84_bandas/Soil_174__84_Bandas_cubo_recorte_cuadrado_reflectancia.npy,FIRMAS/cubos/resultados_cubos_soil_bandas/Soil_174__cube_20260611_173251/2px_84_bandas/Soil_174__84_Bandas_mascara_soil.npy,1,0.9283024691358025,0.0018674291540601295
175,FIRMAS/cubos/resultados_cubos_soil_bandas/Soil_175__cube_20260612_152754/2px_84_bandas/Soil_175__84_Bandas_cubo_recorte_cuadrado_reflectancia.npy,FIRMAS/cubos/resultados_cubos_soil_bandas/Soil_175__cube_20260612_152754/2px_84_bandas/Soil_175__84_Bandas_mascara_soil.npy,1,0.6874382716049383,0.005468397568698435
176,FIRMAS/cubos/resultados_cubos_soil_bandas/Soil_176__cube_20260611_172729/2px_84_bandas/Soil_176__84_Bandas_cubo_recorte_cuadrado_reflectancia.npy,FIRMAS/cubos/resultados_cubos_soil_bandas/Soil_176__cube_20260611_172729/2px_84_bandas/Soil_176__84_Bandas_mascara_soil.npy,1,0.921604938271605,0.0009943227123401233
177,FIRMAS/cubos/resultados_cubos_soil_bandas/Soil_177__cube_20260611_171912/2px_84_bandas/Soil_177__84_Bandas_cubo_recorte_cuadrado_reflectancia.npy,FIRMAS/cubos/resultados_cubos_soil_bandas/Soil_177__cube_20260611_171912/2px_84_bandas/Soil_177__84_Bandas_mascara_soil.npy,1,0.8818518518518519,0.004640740518522923
178,FIRMAS/cubos/resultados_cubos_soil_bandas/Soil_178__cube_20260611_173142/2px_84_bandas/Soil_178__84_Bandas_cubo_recorte_cuadrado_reflectancia.npy,FIRMAS/cubos/resultados_cubos_soil_bandas/Soil_178__cube_20260611_173142/2px_84_bandas/Soil_178__84_Bandas_mascara_soil.npy,1,0.9414814814814815,0.0013140353177725217
179,FIRMAS/cubos/resultados_cubos_soil_bandas/Soil_179__cube_20260611_095136/2px_84_bandas/Soil_179__84_Bandas_cubo_recorte_cuadrado_reflectancia.npy,FIRMAS/cubos/resultados_cubos_soil_bandas/Soil_179__cube_20260611_095136/2px_84_bandas/Soil_179__84_Bandas_mascara_soil.npy,1,0.7628395061728395,0.003928436563167104
180,FIRMAS/cubos/resultados_cubos_soil_bandas/Soil_180__cube_20260612_153024/2px_84_bandas/Soil_180__84_Bandas_cubo_recorte_cuadrado_reflectancia.npy,FIRMAS/cubos/resultados_cubos_soil_bandas/Soil_180__cube_20260612_153024/2px_84_bandas/Soil_180__84_Bandas_mascara_soil.npy,1,0.8346604938271605,0.0026765134186648165
181,FIRMAS/cubos/resultados_cubos_soil_bandas/Soil_181__cube_20260611_100338/2px_84_bandas/Soil_181__84_Bandas_cubo_recorte_cuadrado_reflectancia.npy,FIRMAS/cubos/resultados_cubos_soil_bandas/Soil_181__cube_20260611_100338/2px_84_bandas/Soil_181__84_Bandas_mascara_soil.npy,1,0.9440740740740741,0.005286853854919782
182,FIRMAS/cubos/resultados_cubos_soil_bandas/Soil_182__cube_20260612_152921/2px_84_bandas/Soil_182__84_Bandas_cubo_recorte_cuadrado_reflectancia.npy,FIRMAS/cubos/resultados_cubos_soil_bandas/Soil_182__cube_20260612_152921/2px_84_bandas/Soil_182__84_Bandas_mascara_soil.npy,1,0.7514814814814815,0.0033781008707081117
183,FIRMAS/cubos/resultados_cubos_soil_bandas/Soil_183__cube_20260612_150641/2px_84_bandas/Soil_183__84_Bandas_cubo_recorte_cuadrado_reflectancia.npy,FIRMAS/cubos/resultados_cubos_soil_bandas/Soil_183__cube_20260612_150641/2px_84_bandas/Soil_183__84_Bandas_mascara_soil.npy,1,0.7546604938271605,0.00024149367734493943
184,FIRMAS/cubos/resultados_cubos_soil_bandas/Soil_184__cube_20260611_113305/2px_84_bandas/Soil_184__84_Bandas_cubo_recorte_cuadrado_reflectancia.npy,FIRMAS/cubos/resultados_cubos_soil_bandas/Soil_184__cube_20260611_113305/2px_84_bandas/Soil_184__84_Bandas_mascara_soil.npy,1,0.5828086419753087,0.0003190070181543492
185,FIRMAS/cubos/resultados_cubos_soil_bandas/Soil_185__cube_20260611_101707/2px_84_bandas/Soil_185__84_Bandas_cubo_recorte_cuadrado_reflectancia.npy,FIRMAS/cubos/resultados_cubos_soil_bandas/Soil_185__cube_20260611_101707/2px_84_bandas/Soil_185__84_Bandas_mascara_soil.npy,1,0.8332098765432099,0.010270480988365138
186,FIRMAS/cubos/resultados_cubos_soil_bandas/Soil_186__cube_20260611_113413/2px_84_bandas/Soil_186__84_Bandas_cubo_recorte_cuadrado_reflectancia.npy,FIRMAS/cubos/resultados_cubos_soil_bandas/Soil_186__cube_20260611_113413/2px_84_bandas/Soil_186__84_Bandas_mascara_soil.npy,1,0.7852777777777777,0.001299824257022686
187,FIRMAS/cubos/resultados_cubos_soil_bandas/Soil_187__cube_20260612_153433/2px_84_bandas/Soil_187__84_Bandas_cubo_recorte_cuadrado_reflectancia.npy,FIRMAS/cubos/resultados_cubos_soil_bandas/Soil_187__cube_20260612_153433/2px_84_bandas/Soil_187__84_Bandas_mascara_soil.npy,1,0.7852777777777777,0.0015548293758410603
188,FIRMAS/cubos/resultados_cubos_soil_bandas/Soil_188__cube_20260611_172118/2px_84_bandas/Soil_188__84_Bandas_cubo_recorte_cuadrado_reflectancia.npy,FIRMAS/cubos/resultados_cubos_soil_bandas/Soil_188__cube_20260611_172118/2px_84_bandas/Soil_188__84_Bandas_mascara_soil.npy,1,0.7019135802469135,0.0007182012722422026
189,FIRMAS/cubos/resultados_cubos_soil_bandas/Soil_189__cube_20260611_172936/2px_84_bandas/Soil_189__84_Bandas_cubo_recorte_cuadrado_reflectancia.npy,FIRMAS/cubos/resultados_cubos_soil_bandas/Soil_189__cube_20260611_172936/2px_84_bandas/Soil_189__84_Bandas_mascara_soil.npy,1,0.5300617283950617,0.001262983358010672
190,FIRMAS/cubos/resultados_cubos_soil_bandas/Soil_190__cube_20260612_150802/2px_84_bandas/Soil_190__84_Bandas_cubo_recorte_cuadrado_reflectancia.npy,FIRMAS/cubos/resultados_cubos_soil_bandas/Soil_190__cube_20260612_150802/2px_84_bandas/Soil_190__84_Bandas_mascara_soil.npy,1,0.7852777777777777,0.0023287348190071944
191,FIRMAS/cubos/resultados_cubos_soil_bandas/Soil_191__cube_20260611_113909/2px_84_bandas/Soil_191__84_Bandas_cubo_recorte_cuadrado_reflectancia.npy,FIRMAS/cubos/resultados_cubos_soil_bandas/Soil_191__cube_20260611_113909/2px_84_bandas/Soil_191__84_Bandas_mascara_soil.npy,1,0.7852777777777777,0.003976208256363911
192,FIRMAS/cubos/resultados_cubos_soil_bandas/Soil_192__cube_20260612_153653/2px_84_bandas/Soil_192__84_Bandas_cubo_recorte_cuadrado_reflectancia.npy,FIRMAS/cubos/resultados_cubos_soil_bandas/Soil_192__cube_20260612_153653/2px_84_bandas/Soil_192__84_Bandas_mascara_soil.npy,1,0.7852777777777777,0.0018659824107294387
193,FIRMAS/cubos/resultados_cubos_soil_bandas/Soil_193__cube_20260612_151342/2px_84_bandas/Soil_193__84_Bandas_cubo_recorte_cuadrado_reflectancia.npy,FIRMAS/cubos/resultados_cubos_soil_bandas/Soil_193__cube_20260612_151342/2px_84_bandas/Soil_193__84_Bandas_mascara_soil.npy,1,0.7852777777777777,0.013764661624583785
194,FIRMAS/cubos/resultados_cubos_soil_bandas/Soil_194__cube_20260611_173604/2px_84_bandas/Soil_194__84_Bandas_cubo_recorte_cuadrado_reflectancia.npy,FIRMAS/cubos/resultados_cubos_soil_bandas/Soil_194__cube_20260611_173604/2px_84_bandas/Soil_194__84_Bandas_mascara_soil.npy,1,0.7352777777777778,0.0020523383764788905
195,FIRMAS/cubos/resultados_cubos_soil_bandas/Soil_195__cube_20260611_173043/2px_84_bandas/Soil_195__84_Bandas_cubo_recorte_cuadrado_reflectancia.npy,FIRMAS/cubos/resultados_cubos_soil_bandas/Soil_195__cube_20260611_173043/2px_84_bandas/Soil_195__84_Bandas_mascara_soil.npy,1,0.7816358024691358,0.0013763926103511626
196,FIRMAS/cubos/resultados_cubos_soil_bandas/Soil_196__cube_20260611_101131/2px_84_bandas/Soil_196__84_Bandas_cubo_recorte_cuadrado_reflectancia.npy,FIRMAS/cubos/resultados_cubos_soil_bandas/Soil_196__cube_20260611_101131/2px_84_bandas/Soil_196__84_Bandas_mascara_soil.npy,1,0.7042901234567901,0.0024285317790729843
197,FIRMAS/cubos/resultados_cubos_soil_bandas/Soil_197__cube_20260611_112837/2px_84_bandas/Soil_197__84_Bandas_cubo_recorte_cuadrado_reflectancia.npy,FIRMAS/cubos/resultados_cubos_soil_bandas/Soil_197__cube_20260611_112837/2px_84_bandas/Soil_197__84_Bandas_mascara_soil.npy,1,0.6939197530864197,0.0019247346672511823
198,FIRMAS/cubos/resultados_cubos_soil_bandas/Soil_198__cube_20260612_150907/2px_84_bandas/Soil_198__84_Bandas_cubo_recorte_cuadrado_reflectancia.npy,FIRMAS/cubos/resultados_cubos_soil_bandas/Soil_198__cube_20260612_150907/2px_84_bandas/Soil_198__84_Bandas_mascara_soil.npy,1,0.8444135802469136,0.0018728058495594002
199,FIRMAS/cubos/resultados_cubos_soil_bandas/Soil_199__cube_20260611_113746/2px_84_bandas/Soil_199__84_Bandas_cubo_recorte_cuadrado_reflectancia.npy,FIRMAS/cubos/resultados_cubos_soil_bandas/Soil_199__cube_20260611_113746/2px_84_bandas/Soil_199__84_Bandas_mascara_soil.npy,1,0.7026543209876543,0.0010479286153537437
200,FIRMAS/cubos/resultados_cubos_soil_bandas/Soil_200__cube_20260611_173705/2px_84_bandas/Soil_200__84_Bandas_cubo_recorte_cuadrado_reflectancia.npy,FIRMAS/cubos/resultados_cubos_soil_bandas/Soil_200__cube_20260611_173705/2px_84_bandas/Soil_200__84_Bandas_mascara_soil.npy,1,0.7539197530864198,0.0060403495741441215
201,FIRMAS/cubos/resultados_cubos_soil_bandas/Soil_201__cube_20260616_162717/2px_84_bandas/Soil_201__84_Bandas_cubo_recorte_cuadrado_reflectancia.npy,FIRMAS/cubos/resultados_cubos_soil_bandas/Soil_201__cube_20260616_162717/2px_84_bandas/Soil_201__84_Bandas_mascara_soil.npy,1,0.7852777777777777,0.003177504150266741
202,FIRMAS/cubos/resultados_cubos_soil_bandas/Soil_202__cube_20260616_151056/2px_84_bandas/Soil_202__84_Bandas_cubo_recorte_cuadrado_reflectancia.npy,FIRMAS/cubos/resultados_cubos_soil_bandas/Soil_202__cube_20260616_151056/2px_84_bandas/Soil_202__84_Bandas_mascara_soil.npy,1,0.7852777777777777,0.006041515769142247
203,FIRMAS/cubos/resultados_cubos_soil_bandas/Soil_203__cube_20260612_155050/2px_84_bandas/Soil_203__84_Bandas_cubo_recorte_cuadrado_reflectancia.npy,FIRMAS/cubos/resultados_cubos_soil_bandas/Soil_203__cube_20260612_155050/2px_84_bandas/Soil_203__84_Bandas_mascara_soil.npy,1,0.7270061728395062,0.002373371339620567
204,FIRMAS/cubos/resultados_cubos_soil_bandas/Soil_204__cube_20260612_151750/2px_84_bandas/Soil_204__84_Bandas_cubo_recorte_cuadrado_reflectancia.npy,FIRMAS/cubos/resultados_cubos_soil_bandas/Soil_204__cube_20260612_151750/2px_84_bandas/Soil_204__84_Bandas_mascara_soil.npy,1,0.7083641975308642,0.0022397613134400585
205,FIRMAS/cubos/resultados_cubos_soil_bandas/Soil_205__cube_20260610_164755/2px_84_bandas/Soil_205__84_Bandas_cubo_recorte_cuadrado_reflectancia.npy,FIRMAS/cubos/resultados_cubos_soil_bandas/Soil_205__cube_20260610_164755/2px_84_bandas/Soil_205__84_Bandas_mascara_soil.npy,1,0.7852777777777777,0.019517015625965084
206,FIRMAS/cubos/resultados_cubos_soil_bandas/Soil_206__cube_20260610_164627/2px_84_bandas/Soil_206__84_Bandas_cubo_recorte_cuadrado_reflectancia.npy,FIRMAS/cubos/resultados_cubos_soil_bandas/Soil_206__cube_20260610_164627/2px_84_bandas/Soil_206__84_Bandas_mascara_soil.npy,1,0.917716049382716,0.009655452952688437
207,FIRMAS/cubos/resultados_cubos_soil_bandas/Soil_207__cube_20260616_150711/2px_84_bandas/Soil_207__84_Bandas_cubo_recorte_cuadrado_reflectancia.npy,FIRMAS/cubos/resultados_cubos_soil_bandas/Soil_207__cube_20260616_150711/2px_84_bandas/Soil_207__84_Bandas_mascara_soil.npy,1,0.7852777777777777,0.002886938684604101
208,FIRMAS/cubos/resultados_cubos_soil_bandas/Soil_208__cube_20260616_161552/2px_84_bandas/Soil_208__84_Bandas_cubo_recorte_cuadrado_reflectancia.npy,FIRMAS/cubos/resultados_cubos_soil_bandas/Soil_208__cube_20260616_161552/2px_84_bandas/Soil_208__84_Bandas_mascara_soil.npy,1,0.7852777777777777,0.005362125984694099
209,FIRMAS/cubos/resultados_cubos_soil_bandas/Soil_209__cube_20260616_163525/2px_84_bandas/Soil_209__84_Bandas_cubo_recorte_cuadrado_reflectancia.npy,FIRMAS/cubos/resultados_cubos_soil_bandas/Soil_209__cube_20260616_163525/2px_84_bandas/Soil_209__84_Bandas_mascara_soil.npy,1,0.7852777777777777,0.005275096714785432
210,FIRMAS/cubos/resultados_cubos_soil_bandas/Soil_210__cube_20260610_163415/2px_84_bandas/Soil_210__84_Bandas_cubo_recorte_cuadrado_reflectancia.npy,FIRMAS/cubos/resultados_cubos_soil_bandas/Soil_210__cube_20260610_163415/2px_84_bandas/Soil_210__84_Bandas_mascara_soil.npy,1,0.7852777777777777,0.028482902023758028
211,FIRMAS/cubos/resultados_cubos_soil_bandas/Soil_211__cube_20260611_100829/2px_84_bandas/Soil_211__84_Bandas_cubo_recorte_cuadrado_reflectancia.npy,FIRMAS/cubos/resultados_cubos_soil_bandas/Soil_211__cube_20260611_100829/2px_84_bandas/Soil_211__84_Bandas_mascara_soil.npy,1,0.8872222222222222,0.0015248498341797756
212,FIRMAS/cubos/resultados_cubos_soil_bandas/Soil_212__cube_20260610_162634/2px_84_bandas/Soil_212__84_Bandas_cubo_recorte_cuadrado_reflectancia.npy,FIRMAS/cubos/resultados_cubos_soil_bandas/Soil_212__cube_20260610_162634/2px_84_bandas/Soil_212__84_Bandas_mascara_soil.npy,1,0.7278086419753086,0.0041008600548060326
213,FIRMAS/cubos/resultados_cubos_soil_bandas/Soil_213__cube_20260616_162613/2px_84_bandas/Soil_213__84_Bandas_cubo_recorte_cuadrado_reflectancia.npy,FIRMAS/cubos/resultados_cubos_soil_bandas/Soil_213__cube_20260616_162613/2px_84_bandas/Soil_213__84_Bandas_mascara_soil.npy,1,0.7852777777777777,0.0020358298568414757
214,FIRMAS/cubos/resultados_cubos_soil_bandas/Soil_214__cube_20260616_144257/2px_84_bandas/Soil_214__84_Bandas_cubo_recorte_cuadrado_reflectancia.npy,FIRMAS/cubos/resultados_cubos_soil_bandas/Soil_214__cube_20260616_144257/2px_84_bandas/Soil_214__84_Bandas_mascara_soil.npy,1,0.7852777777777777,0.0004234488670286085
215,FIRMAS/cubos/resultados_cubos_soil_bandas/Soil_215__cube_20260610_162337/2px_84_bandas/Soil_215__84_Bandas_cubo_recorte_cuadrado_reflectancia.npy,FIRMAS/cubos/resultados_cubos_soil_bandas/Soil_215__cube_20260610_162337/2px_84_bandas/Soil_215__84_Bandas_mascara_soil.npy,1,0.8979012345679013,0.007167327951392299
216,FIRMAS/cubos/resultados_cubos_soil_bandas/Soil_216__cube_20260611_100219/2px_84_bandas/Soil_216__84_Bandas_cubo_recorte_cuadrado_reflectancia.npy,FIRMAS/cubos/resultados_cubos_soil_bandas/Soil_216__cube_20260611_100219/2px_84_bandas/Soil_216__84_Bandas_mascara_soil.npy,1,0.8443827160493828,0.0012849902004811176
217,FIRMAS/cubos/resultados_cubos_soil_bandas/Soil_217__cube_20260610_163124/2px_84_bandas/Soil_217__84_Bandas_cubo_recorte_cuadrado_reflectancia.npy,FIRMAS/cubos/resultados_cubos_soil_bandas/Soil_217__cube_20260610_163124/2px_84_bandas/Soil_217__84_Bandas_mascara_soil.npy,1,0.6880555555555555,0.008686796837785948
218,FIRMAS/cubos/resultados_cubos_soil_bandas/Soil_218__cube_20260610_162754/2px_84_bandas/Soil_218__84_Bandas_cubo_recorte_cuadrado_reflectancia.npy,FIRMAS/cubos/resultados_cubos_soil_bandas/Soil_218__cube_20260610_162754/2px_84_bandas/Soil_218__84_Bandas_mascara_soil.npy,1,0.8182098765432099,0.22523576009053192
219,FIRMAS/cubos/resultados_cubos_soil_bandas/Soil_219__cube_20260616_162040/2px_84_bandas/Soil_219__84_Bandas_cubo_recorte_cuadrado_reflectancia.npy,FIRMAS/cubos/resultados_cubos_soil_bandas/Soil_219__cube_20260616_162040/2px_84_bandas/Soil_219__84_Bandas_mascara_soil.npy,1,0.7852777777777777,0.0018168529841681158
220,FIRMAS/cubos/resultados_cubos_soil_bandas/Soil_220__cube_20260613_114738/2px_84_bandas/Soil_220__84_Bandas_cubo_recorte_cuadrado_reflectancia.npy,FIRMAS/cubos/resultados_cubos_soil_bandas/Soil_220__cube_20260613_114738/2px_84_bandas/Soil_220__84_Bandas_mascara_soil.npy,1,0.49296296296296294,0.0013803918762596012
221,FIRMAS/cubos/resultados_cubos_soil_bandas/Soil_221__cube_20260610_164147/2px_84_bandas/Soil_221__84_Bandas_cubo_recorte_cuadrado_reflectancia.npy,FIRMAS/cubos/resultados_cubos_soil_bandas/Soil_221__cube_20260610_164147/2px_84_bandas/Soil_221__84_Bandas_mascara_soil.npy,1,0.8494444444444444,0.005959734377000592
222,FIRMAS/cubos/resultados_cubos_soil_bandas/Soil_222__cube_20260611_095253/2px_84_bandas/Soil_222__84_Bandas_cubo_recorte_cuadrado_reflectancia.npy,FIRMAS/cubos/resultados_cubos_soil_bandas/Soil_222__cube_20260611_095253/2px_84_bandas/Soil_222__84_Bandas_mascara_soil.npy,1,0.635895061728395,0.0005437257172441479
223,FIRMAS/cubos/resultados_cubos_soil_bandas/Soil_223__cube_20260610_163746/2px_84_bandas/Soil_223__84_Bandas_cubo_recorte_cuadrado_reflectancia.npy,FIRMAS/cubos/resultados_cubos_soil_bandas/Soil_223__cube_20260610_163746/2px_84_bandas/Soil_223__84_Bandas_mascara_soil.npy,1,0.8684567901234568,0.022479768081800966
224,FIRMAS/cubos/resultados_cubos_soil_bandas/Soil_224__cube_20260610_163851/2px_84_bandas/Soil_224__84_Bandas_cubo_recorte_cuadrado_reflectancia.npy,FIRMAS/cubos/resultados_cubos_soil_bandas/Soil_224__cube_20260610_163851/2px_84_bandas/Soil_224__84_Bandas_mascara_soil.npy,1,0.7872222222222223,0.0030328998218907
225,FIRMAS/cubos/resultados_cubos_soil_bandas/Soil_225__cube_20260613_114512/2px_84_bandas/Soil_225__84_Bandas_cubo_recorte_cuadrado_reflectancia.npy,FIRMAS/cubos/resultados_cubos_soil_bandas/Soil_225__cube_20260613_114512/2px_84_bandas/Soil_225__84_Bandas_mascara_soil.npy,1,0.6647222222222222,0.0015665178640523747
226,FIRMAS/cubos/resultados_cubos_soil_bandas/Soil_226__cube_20260616_145149/2px_84_bandas/Soil_226__84_Bandas_cubo_recorte_cuadrado_reflectancia.npy,FIRMAS/cubos/resultados_cubos_soil_bandas/Soil_226__cube_20260616_145149/2px_84_bandas/Soil_226__84_Bandas_mascara_soil.npy,1,0.7852777777777777,0.0014804333870481745
227,FIRMAS/cubos/resultados_cubos_soil_bandas/Soil_227__cube_20260611_101409/2px_84_bandas/Soil_227__84_Bandas_cubo_recorte_cuadrado_reflectancia.npy,FIRMAS/cubos/resultados_cubos_soil_bandas/Soil_227__cube_20260611_101409/2px_84_bandas/Soil_227__84_Bandas_mascara_soil.npy,1,0.775679012345679,0.007446870997324551
228,FIRMAS/cubos/resultados_cubos_soil_bandas/Soil_228__cube_20260611_095934/2px_84_bandas/Soil_228__84_Bandas_cubo_recorte_cuadrado_reflectancia.npy,FIRMAS/cubos/resultados_cubos_soil_bandas/Soil_228__cube_20260611_095934/2px_84_bandas/Soil_228__84_Bandas_mascara_soil.npy,1,0.6722222222222223,0.017641785823603984
229,FIRMAS/cubos/resultados_cubos_soil_bandas/Soil_229__cube_20260616_161817/2px_84_bandas/Soil_229__84_Bandas_cubo_recorte_cuadrado_reflectancia.npy,FIRMAS/cubos/resultados_cubos_soil_bandas/Soil_229__cube_20260616_161817/2px_84_bandas/Soil_229__84_Bandas_mascara_soil.npy,1,0.7852777777777777,0.000871228497687615
230,FIRMAS/cubos/resultados_cubos_soil_bandas/Soil_230__cube_20260610_164520/2px_84_bandas/Soil_230__84_Bandas_cubo_recorte_cuadrado_reflectancia.npy,FIRMAS/cubos/resultados_cubos_soil_bandas/Soil_230__cube_20260610_164520/2px_84_bandas/Soil_230__84_Bandas_mascara_soil.npy,1,0.5711111111111111,0.006472217075329967
231,FIRMAS/cubos/resultados_cubos_soil_bandas/Soil_231__cube_20260613_164738/2px_84_bandas/Soil_231__84_Bandas_cubo_recorte_cuadrado_reflectancia.npy,FIRMAS/cubos/resultados_cubos_soil_bandas/Soil_231__cube_20260613_164738/2px_84_bandas/Soil_231__84_Bandas_mascara_soil.npy,1,0.6342283950617283,0.00015989655388171098
232,FIRMAS/cubos/resultados_cubos_soil_bandas/Soil_232__cube_20260610_163533/2px_84_bandas/Soil_232__84_Bandas_cubo_recorte_cuadrado_reflectancia.npy,FIRMAS/cubos/resultados_cubos_soil_bandas/Soil_232__cube_20260610_163533/2px_84_bandas/Soil_232__84_Bandas_mascara_soil.npy,1,0.7852777777777777,0.06778691117212521
233,FIRMAS/cubos/resultados_cubos_soil_bandas/Soil_233__cube_20260611_095545/2px_84_bandas/Soil_233__84_Bandas_cubo_recorte_cuadrado_reflectancia.npy,FIRMAS/cubos/resultados_cubos_soil_bandas/Soil_233__cube_20260611_095545/2px_84_bandas/Soil_233__84_Bandas_mascara_soil.npy,1,0.8232716049382716,0.0014848595207745952
234,FIRMAS/cubos/resultados_cubos_soil_bandas/Soil_234__cube_20260610_163305/2px_84_bandas/Soil_234__84_Bandas_cubo_recorte_cuadrado_reflectancia.npy,FIRMAS/cubos/resultados_cubos_soil_bandas/Soil_234__cube_20260610_163305/2px_84_bandas/Soil_234__84_Bandas_mascara_soil.npy,1,0.9028703703703703,0.030867814941243354
235,FIRMAS/cubos/resultados_cubos_soil_bandas/Soil_235__cube_20260613_164053/2px_84_bandas/Soil_235__84_Bandas_cubo_recorte_cuadrado_reflectancia.npy,FIRMAS/cubos/resultados_cubos_soil_bandas/Soil_235__cube_20260613_164053/2px_84_bandas/Soil_235__84_Bandas_mascara_soil.npy,1,0.6077160493827161,0.00011003893685457289
236,FIRMAS/cubos/resultados_cubos_soil_bandas/Soil_236__cube_20260611_100052/2px_84_bandas/Soil_236__84_Bandas_cubo_recorte_cuadrado_reflectancia.npy,FIRMAS/cubos/resultados_cubos_soil_bandas/Soil_236__cube_20260611_100052/2px_84_bandas/Soil_236__84_Bandas_mascara_soil.npy,1,0.7576851851851852,0.003222418137485916
237,FIRMAS/cubos/resultados_cubos_soil_bandas/Soil_237__cube_20260616_162833/2px_84_bandas/Soil_237__84_Bandas_cubo_recorte_cuadrado_reflectancia.npy,FIRMAS/cubos/resultados_cubos_soil_bandas/Soil_237__cube_20260616_162833/2px_84_bandas/Soil_237__84_Bandas_mascara_soil.npy,1,0.7852777777777777,0.0031681461642550923
238,FIRMAS/cubos/resultados_cubos_soil_bandas/Soil_238__cube_20260610_164903/2px_84_bandas/Soil_238__84_Bandas_cubo_recorte_cuadrado_reflectancia.npy,FIRMAS/cubos/resultados_cubos_soil_bandas/Soil_238__cube_20260610_164903/2px_84_bandas/Soil_238__84_Bandas_mascara_soil.npy,1,0.7852777777777777,0.013891930234342653
239,FIRMAS/cubos/resultados_cubos_soil_bandas/Soil_239__cube_20260611_114718/2px_84_bandas/Soil_239__84_Bandas_cubo_recorte_cuadrado_reflectancia.npy,FIRMAS/cubos/resultados_cubos_soil_bandas/Soil_239__cube_20260611_114718/2px_84_bandas/Soil_239__84_Bandas_mascara_soil.npy,1,0.5294444444444445,0.0023103038580478685
240,FIRMAS/cubos/resultados_cubos_soil_bandas/Soil_240__cube_20260610_164405/2px_84_bandas/Soil_240__84_Bandas_cubo_recorte_cuadrado_reflectancia.npy,FIRMAS/cubos/resultados_cubos_soil_bandas/Soil_240__cube_20260610_164405/2px_84_bandas/Soil_240__84_Bandas_mascara_soil.npy,1,0.8912345679012346,0.029428376836258763
241,FIRMAS/cubos/resultados_cubos_soil_bandas/Soil_241__cube_20260611_114255/2px_84_bandas/Soil_241__84_Bandas_cubo_recorte_cuadrado_reflectancia.npy,FIRMAS/cubos/resultados_cubos_soil_bandas/Soil_241__cube_20260611_114255/2px_84_bandas/Soil_241__84_Bandas_mascara_soil.npy,1,0.8620987654320987,0.0022448224599879163
242,FIRMAS/cubos/resultados_cubos_soil_bandas/Soil_242__cube_20260611_113045/2px_84_bandas/Soil_242__84_Bandas_cubo_recorte_cuadrado_reflectancia.npy,FIRMAS/cubos/resultados_cubos_soil_bandas/Soil_242__cube_20260611_113045/2px_84_bandas/Soil_242__84_Bandas_mascara_soil.npy,1,0.7462962962962963,0.0008217141281657847
243,FIRMAS/cubos/resultados_cubos_soil_bandas/Soil_243__cube_20260611_112722/2px_84_bandas/Soil_243__84_Bandas_cubo_recorte_cuadrado_reflectancia.npy,FIRMAS/cubos/resultados_cubos_soil_bandas/Soil_243__cube_20260611_112722/2px_84_bandas/Soil_243__84_Bandas_mascara_soil.npy,1,0.4867592592592593,0.0033424821326666354
244,FIRMAS/cubos/resultados_cubos_soil_bandas/Soil_244__cube_20260610_162224/2px_84_bandas/Soil_244__84_Bandas_cubo_recorte_cuadrado_reflectancia.npy,FIRMAS/cubos/resultados_cubos_soil_bandas/Soil_244__cube_20260610_162224/2px_84_bandas/Soil_244__84_Bandas_mascara_soil.npy,1,0.7852777777777777,9.35798601168214e-05
245,FIRMAS/cubos/resultados_cubos_soil_bandas/Soil_245__cube_20260611_094843/2px_84_bandas/Soil_245__84_Bandas_cubo_recorte_cuadrado_reflectancia.npy,FIRMAS/cubos/resultados_cubos_soil_bandas/Soil_245__cube_20260611_094843/2px_84_bandas/Soil_245__84_Bandas_mascara_soil.npy,1,0.7852777777777777,0.0008740358934911097
246,FIRMAS/cubos/resultados_cubos_soil_bandas/Soil_246__cube_20260611_100453/2px_84_bandas/Soil_246__84_Bandas_cubo_recorte_cuadrado_reflectancia.npy,FIRMAS/cubos/resultados_cubos_soil_bandas/Soil_246__cube_20260611_100453/2px_84_bandas/Soil_246__84_Bandas_mascara_soil.npy,1,0.6500617283950617,0.0021303317642696884
247,FIRMAS/cubos/resultados_cubos_soil_bandas/Soil_247__cube_20260616_144053/2px_84_bandas/Soil_247__84_Bandas_cubo_recorte_cuadrado_reflectancia.npy,FIRMAS/cubos/resultados_cubos_soil_bandas/Soil_247__cube_20260616_144053/2px_84_bandas/Soil_247__84_Bandas_mascara_soil.npy,1,0.7852777777777777,2.994555523738729e-05
248,FIRMAS/cubos/resultados_cubos_soil_bandas/Soil_248__cube_20260611_095819/2px_84_bandas/Soil_248__84_Bandas_cubo_recorte_cuadrado_reflectancia.npy,FIRMAS/cubos/resultados_cubos_soil_bandas/Soil_248__cube_20260611_095819/2px_84_bandas/Soil_248__84_Bandas_mascara_soil.npy,1,0.8355555555555556,0.0011521304739390281
249,FIRMAS/cubos/resultados_cubos_soil_bandas/Soil_249__cube_20260611_114021/2px_84_bandas/Soil_249__84_Bandas_cubo_recorte_cuadrado_reflectancia.npy,FIRMAS/cubos/resultados_cubos_soil_bandas/Soil_249__cube_20260611_114021/2px_84_bandas/Soil_249__84_Bandas_mascara_soil.npy,1,0.8391975308641976,0.0030066200809121257
250,FIRMAS/cubos/resultados_cubos_soil_bandas/Soil_250__cube_20260611_095702/2px_84_bandas/Soil_250__84_Bandas_cubo_recorte_cuadrado_reflectancia.npy,FIRMAS/cubos/resultados_cubos_soil_bandas/Soil_250__cube_20260611_095702/2px_84_bandas/Soil_250__84_Bandas_mascara_soil.npy,1,0.4913888888888889,0.001562775728971344
251,FIRMAS/cubos/resultados_cubos_soil_bandas/Soil_251__cube_20260610_164031/2px_84_bandas/Soil_251__84_Bandas_cubo_recorte_cuadrado_reflectancia.npy,FIRMAS/cubos/resultados_cubos_soil_bandas/Soil_251__cube_20260610_164031/2px_84_bandas/Soil_251__84_Bandas_mascara_soil.npy,1,0.6539814814814815,0.024284837820162775
252,FIRMAS/cubos/resultados_cubos_soil_bandas/Soil_252__cube_20260611_095022/2px_84_bandas/Soil_252__84_Bandas_cubo_recorte_cuadrado_reflectancia.npy,FIRMAS/cubos/resultados_cubos_soil_bandas/Soil_252__cube_20260611_095022/2px_84_bandas/Soil_252__84_Bandas_mascara_soil.npy,1,0.6958024691358025,0.0005761220385954724
253,FIRMAS/cubos/resultados_cubos_soil_bandas/Soil_253__cube_20260613_113605/2px_84_bandas/Soil_253__84_Bandas_cubo_recorte_cuadrado_reflectancia.npy,FIRMAS/cubos/resultados_cubos_soil_bandas/Soil_253__cube_20260613_113605/2px_84_bandas/Soil_253__84_Bandas_mascara_soil.npy,1,0.7852777777777777,0.0011482248836334197
254,FIRMAS/cubos/resultados_cubos_soil_bandas/Soil_254__cube_20260610_162517/2px_84_bandas/Soil_254__84_Bandas_cubo_recorte_cuadrado_reflectancia.npy,FIRMAS/cubos/resultados_cubos_soil_bandas/Soil_254__cube_20260610_162517/2px_84_bandas/Soil_254__84_Bandas_mascara_soil.npy,1,0.7303086419753086,0.004940612032151237
255,FIRMAS/cubos/resultados_cubos_soil_bandas/Soil_255__cube_20260611_112417/2px_84_bandas/Soil_255__84_Bandas_cubo_recorte_cuadrado_reflectancia.npy,FIRMAS/cubos/resultados_cubos_soil_bandas/Soil_255__cube_20260611_112417/2px_84_bandas/Soil_255__84_Bandas_mascara_soil.npy,1,0.8294444444444444,0.004033815654713169
256,FIRMAS/cubos/resultados_cubos_soil_bandas/Soil_256__cube_20260611_100658/2px_84_bandas/Soil_256__84_Bandas_cubo_recorte_cuadrado_reflectancia.npy,FIRMAS/cubos/resultados_cubos_soil_bandas/Soil_256__cube_20260611_100658/2px_84_bandas/Soil_256__84_Bandas_mascara_soil.npy,1,0.7852777777777777,0.001991847322586615
257,FIRMAS/cubos/resultados_cubos_soil_bandas/Soil_257__cube_20260611_114514/2px_84_bandas/Soil_257__84_Bandas_cubo_recorte_cuadrado_reflectancia.npy,FIRMAS/cubos/resultados_cubos_soil_bandas/Soil_257__cube_20260611_114514/2px_84_bandas/Soil_257__84_Bandas_mascara_soil.npy,1,0.8323456790123457,0.0026203895975477343
258,FIRMAS/cubos/resultados_cubos_soil_bandas/Soil_258__cube_20260611_114135/2px_84_bandas/Soil_258__84_Bandas_cubo_recorte_cuadrado_reflectancia.npy,FIRMAS/cubos/resultados_cubos_soil_bandas/Soil_258__cube_20260611_114135/2px_84_bandas/Soil_258__84_Bandas_mascara_soil.npy,1,0.7852777777777777,0.002959930975495184
259,FIRMAS/cubos/resultados_cubos_soil_bandas/Soil_259__cube_20260611_101252/2px_84_bandas/Soil_259__84_Bandas_cubo_recorte_cuadrado_reflectancia.npy,FIRMAS/cubos/resultados_cubos_soil_bandas/Soil_259__cube_20260611_101252/2px_84_bandas/Soil_259__84_Bandas_mascara_soil.npy,1,0.7852777777777777,0.0022969176665674773
260,FIRMAS/cubos/resultados_cubos_soil_bandas/Soil_260__cube_20260611_112552/2px_84_bandas/Soil_260__84_Bandas_cubo_recorte_cuadrado_reflectancia.npy,FIRMAS/cubos/resultados_cubos_soil_bandas/Soil_260__cube_20260611_112552/2px_84_bandas/Soil_260__84_Bandas_mascara_soil.npy,1,0.39685185185185184,0.00019350561814401868
261,FIRMAS/cubos/resultados_cubos_soil_bandas/Soil_261__cube_20260613_154814/2px_84_bandas/Soil_261__84_Bandas_cubo_recorte_cuadrado_reflectancia.npy,FIRMAS/cubos/resultados_cubos_soil_bandas/Soil_261__cube_20260613_154814/2px_84_bandas/Soil_261__84_Bandas_mascara_soil.npy,1,0.7773148148148148,0.0021739130434782483
262,FIRMAS/cubos/resultados_cubos_soil_bandas/Soil_262__cube_20260611_173802/2px_84_bandas/Soil_262__84_Bandas_cubo_recorte_cuadrado_reflectancia.npy,FIRMAS/cubos/resultados_cubos_soil_bandas/Soil_262__cube_20260611_173802/2px_84_bandas/Soil_262__84_Bandas_mascara_soil.npy,1,0.5726234567901235,0.0011049425968846505
263,FIRMAS/cubos/resultados_cubos_soil_bandas/Soil_263__cube_20260611_112252/2px_84_bandas/Soil_263__84_Bandas_cubo_recorte_cuadrado_reflectancia.npy,FIRMAS/cubos/resultados_cubos_soil_bandas/Soil_263__cube_20260611_112252/2px_84_bandas/Soil_263__84_Bandas_mascara_soil.npy,1,0.7947222222222222,0.00016829132522944157
265,FIRMAS/cubos/resultados_cubos_soil_bandas/Soil_265__cube_20260611_113633/2px_84_bandas/Soil_265__84_Bandas_cubo_recorte_cuadrado_reflectancia.npy,FIRMAS/cubos/resultados_cubos_soil_bandas/Soil_265__cube_20260611_113633/2px_84_bandas/Soil_265__84_Bandas_mascara_soil.npy,1,0.6284567901234568,0.055762133946988035
266,FIRMAS/cubos/resultados_cubos_soil_bandas/Soil_266__cube_20260610_162937/2px_84_bandas/Soil_266__84_Bandas_cubo_recorte_cuadrado_reflectancia.npy,FIRMAS/cubos/resultados_cubos_soil_bandas/Soil_266__cube_20260610_162937/2px_84_bandas/Soil_266__84_Bandas_mascara_soil.npy,1,0.7852777777777777,0.0005900210180366239
267,FIRMAS/cubos/resultados_cubos_soil_bandas/Soil_267__cube_20260610_165024/2px_84_bandas/Soil_267__84_Bandas_cubo_recorte_cuadrado_reflectancia.npy,FIRMAS/cubos/resultados_cubos_soil_bandas/Soil_267__cube_20260610_165024/2px_84_bandas/Soil_267__84_Bandas_mascara_soil.npy,1,0.7238580246913581,0.00709473658563331
268,FIRMAS/cubos/resultados_cubos_soil_bandas/Soil_268__cube_20260611_172014/2px_84_bandas/Soil_268__84_Bandas_cubo_recorte_cuadrado_reflectancia.npy,FIRMAS/cubos/resultados_cubos_soil_bandas/Soil_268__cube_20260611_172014/2px_84_bandas/Soil_268__84_Bandas_mascara_soil.npy,1,0.5174691358024691,0.00042603227620519046
269,FIRMAS/cubos/resultados_cubos_soil_bandas/Soil_269__cube_20260611_101005/2px_84_bandas/Soil_269__84_Bandas_cubo_recorte_cuadrado_reflectancia.npy,FIRMAS/cubos/resultados_cubos_soil_bandas/Soil_269__cube_20260611_101005/2px_84_bandas/Soil_269__84_Bandas_mascara_soil.npy,1,0.4486111111111111,0.0024112569004209883
270,FIRMAS/cubos/resultados_cubos_soil_bandas/Soil_270__cube_20260611_113523/2px_84_bandas/Soil_270__84_Bandas_cubo_recorte_cuadrado_reflectancia.npy,FIRMAS/cubos/resultados_cubos_soil_bandas/Soil_270__cube_20260611_113523/2px_84_bandas/Soil_270__84_Bandas_mascara_soil.npy,1,0.9529320987654321,0.0034428378638905466
271,FIRMAS/cubos/resultados_cubos_soil_bandas/Soil_271__cube_20260611_112941/2px_84_bandas/Soil_271__84_Bandas_cubo_recorte_cuadrado_reflectancia.npy,FIRMAS/cubos/resultados_cubos_soil_bandas/Soil_271__cube_20260611_112941/2px_84_bandas/Soil_271__84_Bandas_mascara_soil.npy,1,0.7732407407407408,0.002720898362138957
272,FIRMAS/cubos/resultados_cubos_soil_bandas/Soil_272__cube_20260611_114832/2px_84_bandas/Soil_272__84_Bandas_cubo_recorte_cuadrado_reflectancia.npy,FIRMAS/cubos/resultados_cubos_soil_bandas/Soil_272__cube_20260611_114832/2px_84_bandas/Soil_272__84_Bandas_mascara_soil.npy,1,0.7852777777777777,0.002903783059425069
273,FIRMAS/cubos/resultados_cubos_soil_bandas/Soil_273__cube_20260613_153818/2px_84_bandas/Soil_273__84_Bandas_cubo_recorte_cuadrado_reflectancia.npy,FIRMAS/cubos/resultados_cubos_soil_bandas/Soil_273__cube_20260613_153818/2px_84_bandas/Soil_273__84_Bandas_mascara_soil.npy,1,0.6573456790123456,0.00033425897356786916
274,FIRMAS/cubos/resultados_cubos_soil_bandas/Soil_274__cube_20260613_100944/2px_84_bandas/Soil_274__84_Bandas_cubo_recorte_cuadrado_reflectancia.npy,FIRMAS/cubos/resultados_cubos_soil_bandas/Soil_274__cube_20260613_100944/2px_84_bandas/Soil_274__84_Bandas_mascara_soil.npy,1,0.6673148148148148,0.00025438231349150797
275,FIRMAS/cubos/resultados_cubos_soil_bandas/Soil_275__cube_20260613_153626/2px_84_bandas/Soil_275__84_Bandas_cubo_recorte_cuadrado_reflectancia.npy,FIRMAS/cubos/resultados_cubos_soil_bandas/Soil_275__cube_20260613_153626/2px_84_bandas/Soil_275__84_Bandas_mascara_soil.npy,1,0.7852777777777777,0.0003687046488602963
276,FIRMAS/cubos/resultados_cubos_soil_bandas/Soil_276__cube_20260613_164312/2px_84_bandas/Soil_276__84_Bandas_cubo_recorte_cuadrado_reflectancia.npy,FIRMAS/cubos/resultados_cubos_soil_bandas/Soil_276__cube_20260613_164312/2px_84_bandas/Soil_276__84_Bandas_mascara_soil.npy,1,0.7769444444444444,1.087711134184488e-05
277,FIRMAS/cubos/resultados_cubos_soil_bandas/Soil_277__cube_20260612_171726/2px_84_bandas/Soil_277__84_Bandas_cubo_recorte_cuadrado_reflectancia.npy,FIRMAS/cubos/resultados_cubos_soil_bandas/Soil_277__cube_20260612_171726/2px_84_bandas/Soil_277__84_Bandas_mascara_soil.npy,1,0.4487037037037037,0.0004683948142470973
278,FIRMAS/cubos/resultados_cubos_soil_bandas/Soil_278__cube_20260612_171229/2px_84_bandas/Soil_278__84_Bandas_cubo_recorte_cuadrado_reflectancia.npy,FIRMAS/cubos/resultados_cubos_soil_bandas/Soil_278__cube_20260612_171229/2px_84_bandas/Soil_278__84_Bandas_mascara_soil.npy,1,0.7854629629629629,1.2162513636004846e-05
279,FIRMAS/cubos/resultados_cubos_soil_bandas/Soil_279__cube_20260612_172131/2px_84_bandas/Soil_279__84_Bandas_cubo_recorte_cuadrado_reflectancia.npy,FIRMAS/cubos/resultados_cubos_soil_bandas/Soil_279__cube_20260612_172131/2px_84_bandas/Soil_279__84_Bandas_mascara_soil.npy,1,0.9480555555555555,0.0004394960445356366
280,FIRMAS/cubos/resultados_cubos_soil_bandas/Soil_280__cube_20260612_173010/2px_84_bandas/Soil_280__84_Bandas_cubo_recorte_cuadrado_reflectancia.npy,FIRMAS/cubos/resultados_cubos_soil_bandas/Soil_280__cube_20260612_173010/2px_84_bandas/Soil_280__84_Bandas_mascara_soil.npy,1,0.6303086419753087,0.0006867010833321308
281,FIRMAS/cubos/resultados_cubos_soil_bandas/Soil_281__cube_20260612_172539/2px_84_bandas/Soil_281__84_Bandas_cubo_recorte_cuadrado_reflectancia.npy,FIRMAS/cubos/resultados_cubos_soil_bandas/Soil_281__cube_20260612_172539/2px_84_bandas/Soil_281__84_Bandas_mascara_soil.npy,1,0.7852777777777777,0.001750879182785825
282,FIRMAS/cubos/resultados_cubos_soil_bandas/Soil_282__cube_20260612_172033/2px_84_bandas/Soil_282__84_Bandas_cubo_recorte_cuadrado_reflectancia.npy,FIRMAS/cubos/resultados_cubos_soil_bandas/Soil_282__cube_20260612_172033/2px_84_bandas/Soil_282__84_Bandas_mascara_soil.npy,1,0.8670987654320987,0.001027163908917994
283,FIRMAS/cubos/resultados_cubos_soil_bandas/Soil_283__cube_20260613_153002/2px_84_bandas/Soil_283__84_Bandas_cubo_recorte_cuadrado_reflectancia.npy,FIRMAS/cubos/resultados_cubos_soil_bandas/Soil_283__cube_20260613_153002/2px_84_bandas/Soil_283__84_Bandas_mascara_soil.npy,1,0.37376543209876545,0.0005809838386221511
284,FIRMAS/cubos/resultados_cubos_soil_bandas/Soil_284__cube_20260612_171610/2px_84_bandas/Soil_284__84_Bandas_cubo_recorte_cuadrado_reflectancia.npy,FIRMAS/cubos/resultados_cubos_soil_bandas/Soil_284__cube_20260612_171610/2px_84_bandas/Soil_284__84_Bandas_mascara_soil.npy,1,0.5270679012345679,0.00020077129639695102
285,FIRMAS/cubos/resultados_cubos_soil_bandas/Soil_285__cube_20260612_171120/2px_84_bandas/Soil_285__84_Bandas_cubo_recorte_cuadrado_reflectancia.npy,FIRMAS/cubos/resultados_cubos_soil_bandas/Soil_285__cube_20260612_171120/2px_84_bandas/Soil_285__84_Bandas_mascara_soil.npy,1,0.5066975308641976,0.001522086571121073
286,FIRMAS/cubos/resultados_cubos_soil_bandas/Soil_286__cube_20260612_172231/2px_84_bandas/Soil_286__84_Bandas_cubo_recorte_cuadrado_reflectancia.npy,FIRMAS/cubos/resultados_cubos_soil_bandas/Soil_286__cube_20260612_172231/2px_84_bandas/Soil_286__84_Bandas_mascara_soil.npy,1,0.7852777777777777,0.0017929901198383558
287,FIRMAS/cubos/resultados_cubos_soil_bandas/Soil_287__cube_20260612_172740/2px_84_bandas/Soil_287__84_Bandas_cubo_recorte_cuadrado_reflectancia.npy,FIRMAS/cubos/resultados_cubos_soil_bandas/Soil_287__cube_20260612_172740/2px_84_bandas/Soil_287__84_Bandas_mascara_soil.npy,1,0.7253086419753086,0.0009564336372847038
288,FIRMAS/cubos/resultados_cubos_soil_bandas/Soil_288__cube_20260612_171934/2px_84_bandas/Soil_288__84_Bandas_cubo_recorte_cuadrado_reflectancia.npy,FIRMAS/cubos/resultados_cubos_soil_bandas/Soil_288__cube_20260612_171934/2px_84_bandas/Soil_288__84_Bandas_mascara_soil.npy,1,0.5912962962962963,0.0014981929717288178
289,FIRMAS/cubos/resultados_cubos_soil_bandas/Soil_289__cube_20260613_114214/2px_84_bandas/Soil_289__84_Bandas_cubo_recorte_cuadrado_reflectancia.npy,FIRMAS/cubos/resultados_cubos_soil_bandas/Soil_289__cube_20260613_114214/2px_84_bandas/Soil_289__84_Bandas_mascara_soil.npy,1,0.7852777777777777,0.0012329146570391192
290,FIRMAS/cubos/resultados_cubos_soil_bandas/Soil_290__cube_20260613_154636/2px_84_bandas/Soil_290__84_Bandas_cubo_recorte_cuadrado_reflectancia.npy,FIRMAS/cubos/resultados_cubos_soil_bandas/Soil_290__cube_20260613_154636/2px_84_bandas/Soil_290__84_Bandas_mascara_soil.npy,1,0.7852777777777777,0.0008033830991029944
291,FIRMAS/cubos/resultados_cubos_soil_bandas/Soil_291__cube_20260612_173125/2px_84_bandas/Soil_291__84_Bandas_cubo_recorte_cuadrado_reflectancia.npy,FIRMAS/cubos/resultados_cubos_soil_bandas/Soil_291__cube_20260612_173125/2px_84_bandas/Soil_291__84_Bandas_mascara_soil.npy,1,0.9756481481481482,0.001319989575660041
292,FIRMAS/cubos/resultados_cubos_soil_bandas/Soil_292__cube_20260612_172637/2px_84_bandas/Soil_292__84_Bandas_cubo_recorte_cuadrado_reflectancia.npy,FIRMAS/cubos/resultados_cubos_soil_bandas/Soil_292__cube_20260612_172637/2px_84_bandas/Soil_292__84_Bandas_mascara_soil.npy,1,0.6479320987654321,0.0011846352412255845
293,FIRMAS/cubos/resultados_cubos_soil_bandas/Soil_293__cube_20260612_171834/2px_84_bandas/Soil_293__84_Bandas_cubo_recorte_cuadrado_reflectancia.npy,FIRMAS/cubos/resultados_cubos_soil_bandas/Soil_293__cube_20260612_171834/2px_84_bandas/Soil_293__84_Bandas_mascara_soil.npy,1,0.7613271604938272,0.0004642794402391903
294,FIRMAS/cubos/resultados_cubos_soil_bandas/Soil_294__cube_20260612_171510/2px_84_bandas/Soil_294__84_Bandas_cubo_recorte_cuadrado_reflectancia.npy,FIRMAS/cubos/resultados_cubos_soil_bandas/Soil_294__cube_20260612_171510/2px_84_bandas/Soil_294__84_Bandas_mascara_soil.npy,1,0.6475,0.0005362505362505043
295,FIRMAS/cubos/resultados_cubos_soil_bandas/Soil_295__cube_20260612_171331/2px_84_bandas/Soil_295__84_Bandas_cubo_recorte_cuadrado_reflectancia.npy,FIRMAS/cubos/resultados_cubos_soil_bandas/Soil_295__cube_20260612_171331/2px_84_bandas/Soil_295__84_Bandas_mascara_soil.npy,1,0.7852777777777777,0.0008810543829999018
296,FIRMAS/cubos/resultados_cubos_soil_bandas/Soil_296__cube_20260613_103033/2px_84_bandas/Soil_296__84_Bandas_cubo_recorte_cuadrado_reflectancia.npy,FIRMAS/cubos/resultados_cubos_soil_bandas/Soil_296__cube_20260613_103033/2px_84_bandas/Soil_296__84_Bandas_mascara_soil.npy,1,0.5453086419753086,0.0021797546276830504
297,FIRMAS/cubos/resultados_cubos_soil_bandas/Soil_297__cube_20260613_085823/2px_84_bandas/Soil_297__84_Bandas_cubo_recorte_cuadrado_reflectancia.npy,FIRMAS/cubos/resultados_cubos_soil_bandas/Soil_297__cube_20260613_085823/2px_84_bandas/Soil_297__84_Bandas_mascara_soil.npy,1,0.7828395061728395,0.0010860912729703243
298,FIRMAS/cubos/resultados_cubos_soil_bandas/Soil_298__cube_20260613_113114/2px_84_bandas/Soil_298__84_Bandas_cubo_recorte_cuadrado_reflectancia.npy,FIRMAS/cubos/resultados_cubos_soil_bandas/Soil_298__cube_20260613_113114/2px_84_bandas/Soil_298__84_Bandas_mascara_soil.npy,1,0.4447530864197531,0.0
299,FIRMAS/cubos/resultados_cubos_soil_bandas/Soil_299__cube_20260612_170953/2px_84_bandas/Soil_299__84_Bandas_cubo_recorte_cuadrado_reflectancia.npy,FIRMAS/cubos/resultados_cubos_soil_bandas/Soil_299__cube_20260612_170953/2px_84_bandas/Soil_299__84_Bandas_mascara_soil.npy,1,0.6239506172839506,0.00032564965044190597
300,FIRMAS/cubos/resultados_cubos_soil_bandas/Soil_300__cube_20260612_173231/2px_84_bandas/Soil_300__84_Bandas_cubo_recorte_cuadrado_reflectancia.npy,FIRMAS/cubos/resultados_cubos_soil_bandas/Soil_300__cube_20260612_173231/2px_84_bandas/Soil_300__84_Bandas_mascara_soil.npy,1,0.864567901234568,0.001105393606821603
301,FIRMAS/cubos/resultados_cubos_soil_bandas/Soil_301__cube_20260613_153909/2px_84_bandas/Soil_301__84_Bandas_cubo_recorte_cuadrado_reflectancia.npy,FIRMAS/cubos/resultados_cubos_soil_bandas/Soil_301__cube_20260613_153909/2px_84_bandas/Soil_301__84_Bandas_mascara_soil.npy,1,0.7852777777777777,0.0005848741257301615
302,FIRMAS/cubos/resultados_cubos_soil_bandas/Soil_302__cube_20260613_164006/2px_84_bandas/Soil_302__84_Bandas_cubo_recorte_cuadrado_reflectancia.npy,FIRMAS/cubos/resultados_cubos_soil_bandas/Soil_302__cube_20260613_164006/2px_84_bandas/Soil_302__84_Bandas_mascara_soil.npy,1,0.7135185185185186,0.0002837409728144724
303,FIRMAS/cubos/resultados_cubos_soil_bandas/Soil_303__cube_20260613_101045/2px_84_bandas/Soil_303__84_Bandas_cubo_recorte_cuadrado_reflectancia.npy,FIRMAS/cubos/resultados_cubos_soil_bandas/Soil_303__cube_20260613_101045/2px_84_bandas/Soil_303__84_Bandas_mascara_soil.npy,1,0.7852777777777777,2.152336782690334e-05
304,FIRMAS/cubos/resultados_cubos_soil_bandas/Soil_304__cube_20260613_090434/2px_84_bandas/Soil_304__84_Bandas_cubo_recorte_cuadrado_reflectancia.npy,FIRMAS/cubos/resultados_cubos_soil_bandas/Soil_304__cube_20260613_090434/2px_84_bandas/Soil_304__84_Bandas_mascara_soil.npy,1,0.7852777777777777,0.00737315717860465
305,FIRMAS/cubos/resultados_cubos_soil_bandas/Soil_305__cube_20260612_172335/2px_84_bandas/Soil_305__84_Bandas_cubo_recorte_cuadrado_reflectancia.npy,FIRMAS/cubos/resultados_cubos_soil_bandas/Soil_305__cube_20260612_172335/2px_84_bandas/Soil_305__84_Bandas_mascara_soil.npy,1,0.7852777777777777,0.0016970707632186777
306,FIRMAS/cubos/resultados_cubos_soil_bandas/Soil_306__cube_20260613_113657/2px_84_bandas/Soil_306__84_Bandas_cubo_recorte_cuadrado_reflectancia.npy,FIRMAS/cubos/resultados_cubos_soil_bandas/Soil_306__cube_20260613_113657/2px_84_bandas/Soil_306__84_Bandas_mascara_soil.npy,1,0.7852777777777777,0.0009287801116595329
307,FIRMAS/cubos/resultados_cubos_soil_bandas/Soil_307__cube_20260613_114420/2px_84_bandas/Soil_307__84_Bandas_cubo_recorte_cuadrado_reflectancia.npy,FIRMAS/cubos/resultados_cubos_soil_bandas/Soil_307__cube_20260613_114420/2px_84_bandas/Soil_307__84_Bandas_mascara_soil.npy,1,0.759783950617284,0.0024233156722899274
308,FIRMAS/cubos/resultados_cubos_soil_bandas/Soil_308__cube_20260613_113854/2px_84_bandas/Soil_308__84_Bandas_cubo_recorte_cuadrado_reflectancia.npy,FIRMAS/cubos/resultados_cubos_soil_bandas/Soil_308__cube_20260613_113854/2px_84_bandas/Soil_308__84_Bandas_mascara_soil.npy,1,0.7852777777777777,0.001484176581452834
309,FIRMAS/cubos/resultados_cubos_soil_bandas/Soil_309__cube_20260613_164824/2px_84_bandas/Soil_309__84_Bandas_cubo_recorte_cuadrado_reflectancia.npy,FIRMAS/cubos/resultados_cubos_soil_bandas/Soil_309__cube_20260613_164824/2px_84_bandas/Soil_309__84_Bandas_mascara_soil.npy,1,0.6072222222222222,0.00018516098113541268
310,FIRMAS/cubos/resultados_cubos_soil_bandas/Soil_310__cube_20260613_092212/2px_84_bandas/Soil_310__84_Bandas_cubo_recorte_cuadrado_reflectancia.npy,FIRMAS/cubos/resultados_cubos_soil_bandas/Soil_310__cube_20260613_092212/2px_84_bandas/Soil_310__84_Bandas_mascara_soil.npy,1,0.635462962962963,0.003099782824393049
311,FIRMAS/cubos/resultados_cubos_soil_bandas/Soil_311__cube_20260613_101611/2px_84_bandas/Soil_311__84_Bandas_cubo_recorte_cuadrado_reflectancia.npy,FIRMAS/cubos/resultados_cubos_soil_bandas/Soil_311__cube_20260613_101611/2px_84_bandas/Soil_311__84_Bandas_mascara_soil.npy,1,0.5263580246913581,0.0004495524021734809
312,FIRMAS/cubos/resultados_cubos_soil_bandas/Soil_312__cube_20260613_113752/2px_84_bandas/Soil_312__84_Bandas_cubo_recorte_cuadrado_reflectancia.npy,FIRMAS/cubos/resultados_cubos_soil_bandas/Soil_312__cube_20260613_113752/2px_84_bandas/Soil_312__84_Bandas_mascara_soil.npy,1,0.7852777777777777,0.0006719033956388287
313,FIRMAS/cubos/resultados_cubos_soil_bandas/Soil_313__cube_20260613_115023/2px_84_bandas/Soil_313__84_Bandas_cubo_recorte_cuadrado_reflectancia.npy,FIRMAS/cubos/resultados_cubos_soil_bandas/Soil_313__cube_20260613_115023/2px_84_bandas/Soil_313__84_Bandas_mascara_soil.npy,1,0.5702777777777778,0.0027453694039178966
314,FIRMAS/cubos/resultados_cubos_soil_bandas/Soil_314__cube_20260616_144620/2px_84_bandas/Soil_314__84_Bandas_cubo_recorte_cuadrado_reflectancia.npy,FIRMAS/cubos/resultados_cubos_soil_bandas/Soil_314__cube_20260616_144620/2px_84_bandas/Soil_314__84_Bandas_mascara_soil.npy,1,0.7852777777777777,0.0010438833396031466
315,FIRMAS/cubos/resultados_cubos_soil_bandas/Soil_315__cube_20260613_101238/2px_84_bandas/Soil_315__84_Bandas_cubo_recorte_cuadrado_reflectancia.npy,FIRMAS/cubos/resultados_cubos_soil_bandas/Soil_315__cube_20260613_101238/2px_84_bandas/Soil_315__84_Bandas_mascara_soil.npy,1,0.8272222222222222,0.00012925474644753798
316,FIRMAS/cubos/resultados_cubos_soil_bandas/Soil_316__cube_20260612_172434/2px_84_bandas/Soil_316__84_Bandas_cubo_recorte_cuadrado_reflectancia.npy,FIRMAS/cubos/resultados_cubos_soil_bandas/Soil_316__cube_20260612_172434/2px_84_bandas/Soil_316__84_Bandas_mascara_soil.npy,1,0.6440432098765432,0.0016533282215939193
317,FIRMAS/cubos/resultados_cubos_soil_bandas/Soil_317__cube_20260613_153217/2px_84_bandas/Soil_317__84_Bandas_cubo_recorte_cuadrado_reflectancia.npy,FIRMAS/cubos/resultados_cubos_soil_bandas/Soil_317__cube_20260613_153217/2px_84_bandas/Soil_317__84_Bandas_mascara_soil.npy,1,0.7608333333333334,0.00019993393487371947
318,FIRMAS/cubos/resultados_cubos_soil_bandas/Soil_318__cube_20260613_091044/2px_84_bandas/Soil_318__84_Bandas_cubo_recorte_cuadrado_reflectancia.npy,FIRMAS/cubos/resultados_cubos_soil_bandas/Soil_318__cube_20260613_091044/2px_84_bandas/Soil_318__84_Bandas_mascara_soil.npy,1,0.816358024691358,0.00399630929876682
319,FIRMAS/cubos/resultados_cubos_soil_bandas/Soil_319__cube_20260613_101145/2px_84_bandas/Soil_319__84_Bandas_cubo_recorte_cuadrado_reflectancia.npy,FIRMAS/cubos/resultados_cubos_soil_bandas/Soil_319__cube_20260613_101145/2px_84_bandas/Soil_319__84_Bandas_mascara_soil.npy,1,0.7852777777777777,0.0012132628864146566
320,FIRMAS/cubos/resultados_cubos_soil_bandas/Soil_320__cube_20260613_165416/2px_84_bandas/Soil_320__84_Bandas_cubo_recorte_cuadrado_reflectancia.npy,FIRMAS/cubos/resultados_cubos_soil_bandas/Soil_320__cube_20260613_165416/2px_84_bandas/Soil_320__84_Bandas_mascara_soil.npy,1,0.4561728395061728,0.0019669437463754047
322,FIRMAS/cubos/resultados_cubos_soil_bandas/Soil_322__cube_20260613_114323/2px_84_bandas/Soil_322__84_Bandas_cubo_recorte_cuadrado_reflectancia.npy,FIRMAS/cubos/resultados_cubos_soil_bandas/Soil_322__cube_20260613_114323/2px_84_bandas/Soil_322__84_Bandas_mascara_soil.npy,1,0.6545987654320987,0.0017445424112405572
323,FIRMAS/cubos/resultados_cubos_soil_bandas/Soil_323__cube_20260613_164648/2px_84_bandas/Soil_323__84_Bandas_cubo_recorte_cuadrado_reflectancia.npy,FIRMAS/cubos/resultados_cubos_soil_bandas/Soil_323__cube_20260613_164648/2px_84_bandas/Soil_323__84_Bandas_mascara_soil.npy,1,0.8097839506172839,0.00036072286138988385
324,FIRMAS/cubos/resultados_cubos_soil_bandas/Soil_324__cube_20260613_113318/2px_84_bandas/Soil_324__84_Bandas_cubo_recorte_cuadrado_reflectancia.npy,FIRMAS/cubos/resultados_cubos_soil_bandas/Soil_324__cube_20260613_113318/2px_84_bandas/Soil_324__84_Bandas_mascara_soil.npy,1,0.7741975308641975,0.0004926304758867683
325,FIRMAS/cubos/resultados_cubos_soil_bandas/Soil_325__cube_20260613_153115/2px_84_bandas/Soil_325__84_Bandas_cubo_recorte_cuadrado_reflectancia.npy,FIRMAS/cubos/resultados_cubos_soil_bandas/Soil_325__cube_20260613_153115/2px_84_bandas/Soil_325__84_Bandas_mascara_soil.npy,1,0.9243518518518519,0.0001860305376282234
326,FIRMAS/cubos/resultados_cubos_soil_bandas/Soil_326__cube_20260613_154324/2px_84_bandas/Soil_326__84_Bandas_cubo_recorte_cuadrado_reflectancia.npy,FIRMAS/cubos/resultados_cubos_soil_bandas/Soil_326__cube_20260613_154324/2px_84_bandas/Soil_326__84_Bandas_mascara_soil.npy,1,0.7302777777777778,0.0008095499727298616
327,FIRMAS/cubos/resultados_cubos_soil_bandas/Soil_327__cube_20260613_163906/2px_84_bandas/Soil_327__84_Bandas_cubo_recorte_cuadrado_reflectancia.npy,FIRMAS/cubos/resultados_cubos_soil_bandas/Soil_327__cube_20260613_163906/2px_84_bandas/Soil_327__84_Bandas_mascara_soil.npy,1,0.7852777777777777,0.00013428709926766036
328,FIRMAS/cubos/resultados_cubos_soil_bandas/Soil_328__cube_20260613_101414/2px_84_bandas/Soil_328__84_Bandas_cubo_recorte_cuadrado_reflectancia.npy,FIRMAS/cubos/resultados_cubos_soil_bandas/Soil_328__cube_20260613_101414/2px_84_bandas/Soil_328__84_Bandas_mascara_soil.npy,1,0.7852777777777777,0.00023020645588733846
329,FIRMAS/cubos/resultados_cubos_soil_bandas/Soil_329__cube_20260613_101512/2px_84_bandas/Soil_329__84_Bandas_cubo_recorte_cuadrado_reflectancia.npy,FIRMAS/cubos/resultados_cubos_soil_bandas/Soil_329__cube_20260613_101512/2px_84_bandas/Soil_329__84_Bandas_mascara_soil.npy,1,0.5828395061728395,0.0004400298564670724
330,FIRMAS/cubos/resultados_cubos_soil_bandas/Soil_330__cube_20260613_090337/2px_84_bandas/Soil_330__84_Bandas_cubo_recorte_cuadrado_reflectancia.npy,FIRMAS/cubos/resultados_cubos_soil_bandas/Soil_330__cube_20260613_090337/2px_84_bandas/Soil_330__84_Bandas_mascara_soil.npy,1,0.7852777777777777,0.0021836860358260823
331,FIRMAS/cubos/resultados_cubos_soil_bandas/Soil_331__cube_20260613_153408/2px_84_bandas/Soil_331__84_Bandas_cubo_recorte_cuadrado_reflectancia.npy,FIRMAS/cubos/resultados_cubos_soil_bandas/Soil_331__cube_20260613_153408/2px_84_bandas/Soil_331__84_Bandas_mascara_soil.npy,1,0.8523148148148149,0.0003819525275255975
332,FIRMAS/cubos/resultados_cubos_soil_bandas/Soil_332__cube_20260616_151417/2px_84_bandas/Soil_332__84_Bandas_cubo_recorte_cuadrado_reflectancia.npy,FIRMAS/cubos/resultados_cubos_soil_bandas/Soil_332__cube_20260616_151417/2px_84_bandas/Soil_332__84_Bandas_mascara_soil.npy,1,0.7852777777777777,0.0030057851069523744
333,FIRMAS/cubos/resultados_cubos_soil_bandas/Soil_333__cube_20260613_165326/2px_84_bandas/Soil_333__84_Bandas_cubo_recorte_cuadrado_reflectancia.npy,FIRMAS/cubos/resultados_cubos_soil_bandas/Soil_333__cube_20260613_165326/2px_84_bandas/Soil_333__84_Bandas_mascara_soil.npy,1,0.5428086419753086,0.001075605087090814
334,FIRMAS/cubos/resultados_cubos_soil_bandas/Soil_334__cube_20260616_160651/2px_84_bandas/Soil_334__84_Bandas_cubo_recorte_cuadrado_reflectancia.npy,FIRMAS/cubos/resultados_cubos_soil_bandas/Soil_334__cube_20260616_160651/2px_84_bandas/Soil_334__84_Bandas_mascara_soil.npy,1,0.41805555555555557,0.0
335,FIRMAS/cubos/resultados_cubos_soil_bandas/Soil_335__cube_20260613_113414/2px_84_bandas/Soil_335__84_Bandas_cubo_recorte_cuadrado_reflectancia.npy,FIRMAS/cubos/resultados_cubos_soil_bandas/Soil_335__cube_20260613_113414/2px_84_bandas/Soil_335__84_Bandas_mascara_soil.npy,1,0.5689197530864197,0.0005760889502005595
336,FIRMAS/cubos/resultados_cubos_soil_bandas/Soil_336__cube_20260613_090240/2px_84_bandas/Soil_336__84_Bandas_cubo_recorte_cuadrado_reflectancia.npy,FIRMAS/cubos/resultados_cubos_soil_bandas/Soil_336__cube_20260613_090240/2px_84_bandas/Soil_336__84_Bandas_mascara_soil.npy,1,0.7222839506172839,0.0021640397035662673
337,FIRMAS/cubos/resultados_cubos_soil_bandas/Soil_337__cube_20260613_164604/2px_84_bandas/Soil_337__84_Bandas_cubo_recorte_cuadrado_reflectancia.npy,FIRMAS/cubos/resultados_cubos_soil_bandas/Soil_337__cube_20260613_164604/2px_84_bandas/Soil_337__84_Bandas_mascara_soil.npy,1,0.840895061728395,8.651652990065983e-05
338,FIRMAS/cubos/resultados_cubos_soil_bandas/Soil_338__cube_20260613_103139/2px_84_bandas/Soil_338__84_Bandas_cubo_recorte_cuadrado_reflectancia.npy,FIRMAS/cubos/resultados_cubos_soil_bandas/Soil_338__cube_20260613_103139/2px_84_bandas/Soil_338__84_Bandas_mascara_soil.npy,1,0.52,0.002042068014290188
339,FIRMAS/cubos/resultados_cubos_soil_bandas/Soil_339__cube_20260613_101801/2px_84_bandas/Soil_339__84_Bandas_cubo_recorte_cuadrado_reflectancia.npy,FIRMAS/cubos/resultados_cubos_soil_bandas/Soil_339__cube_20260613_101801/2px_84_bandas/Soil_339__84_Bandas_mascara_soil.npy,1,0.7852777777777777,0.0009353307018676871
340,FIRMAS/cubos/resultados_cubos_soil_bandas/Soil_340__cube_20260613_114835/2px_84_bandas/Soil_340__84_Bandas_cubo_recorte_cuadrado_reflectancia.npy,FIRMAS/cubos/resultados_cubos_soil_bandas/Soil_340__cube_20260613_114835/2px_84_bandas/Soil_340__84_Bandas_mascara_soil.npy,1,0.6219135802469136,0.0023366418527709376
341,FIRMAS/cubos/resultados_cubos_soil_bandas/Soil_341__cube_20260613_154057/2px_84_bandas/Soil_341__84_Bandas_cubo_recorte_cuadrado_reflectancia.npy,FIRMAS/cubos/resultados_cubos_soil_bandas/Soil_341__cube_20260613_154057/2px_84_bandas/Soil_341__84_Bandas_mascara_soil.npy,1,0.7720679012345679,0.0013634676337055396
342,FIRMAS/cubos/resultados_cubos_soil_bandas/Soil_342__cube_20260613_114118/2px_84_bandas/Soil_342__84_Bandas_cubo_recorte_cuadrado_reflectancia.npy,FIRMAS/cubos/resultados_cubos_soil_bandas/Soil_342__cube_20260613_114118/2px_84_bandas/Soil_342__84_Bandas_mascara_soil.npy,1,0.7852777777777777,0.0019324241114124785
343,FIRMAS/cubos/resultados_cubos_soil_bandas/Soil_343__cube_20260613_154722/2px_84_bandas/Soil_343__84_Bandas_cubo_recorte_cuadrado_reflectancia.npy,FIRMAS/cubos/resultados_cubos_soil_bandas/Soil_343__cube_20260613_154722/2px_84_bandas/Soil_343__84_Bandas_mascara_soil.npy,1,0.7852777777777777,0.0013335130066647327
345,FIRMAS/cubos/resultados_cubos_soil_bandas/Soil_345__cube_20260613_102943/2px_84_bandas/Soil_345__84_Bandas_cubo_recorte_cuadrado_reflectancia.npy,FIRMAS/cubos/resultados_cubos_soil_bandas/Soil_345__cube_20260613_102943/2px_84_bandas/Soil_345__84_Bandas_mascara_soil.npy,1,0.6132098765432099,0.001372151437583291
346,FIRMAS/cubos/resultados_cubos_soil_bandas/Soil_346__cube_20260708_152059/2px_84_bandas/Soil_346__84_Bandas_cubo_recorte_cuadrado_reflectancia.npy,FIRMAS/cubos/resultados_cubos_soil_bandas/Soil_346__cube_20260708_152059/2px_84_bandas/Soil_346__84_Bandas_mascara_soil.npy,1,0.7852777777777777,1.9651770624573572e-05
347,FIRMAS/cubos/resultados_cubos_soil_bandas/Soil_347__cube_20260613_114927/2px_84_bandas/Soil_347__84_Bandas_cubo_recorte_cuadrado_reflectancia.npy,FIRMAS/cubos/resultados_cubos_soil_bandas/Soil_347__cube_20260613_114927/2px_84_bandas/Soil_347__84_Bandas_mascara_soil.npy,1,0.7417592592592592,0.0009560267330832595
348,FIRMAS/cubos/resultados_cubos_soil_bandas/Soil_348__cube_20260613_090628/2px_84_bandas/Soil_348__84_Bandas_cubo_recorte_cuadrado_reflectancia.npy,FIRMAS/cubos/resultados_cubos_soil_bandas/Soil_348__cube_20260613_090628/2px_84_bandas/Soil_348__84_Bandas_mascara_soil.npy,1,0.5626234567901235,0.0004780451870254332
349,FIRMAS/cubos/resultados_cubos_soil_bandas/Soil_349__cube_20260613_103439/2px_84_bandas/Soil_349__84_Bandas_cubo_recorte_cuadrado_reflectancia.npy,FIRMAS/cubos/resultados_cubos_soil_bandas/Soil_349__cube_20260613_103439/2px_84_bandas/Soil_349__84_Bandas_mascara_soil.npy,1,0.8750308641975308,0.0020092513743531493
350,FIRMAS/cubos/resultados_cubos_soil_bandas/Soil_350__cube_20260613_114020/2px_84_bandas/Soil_350__84_Bandas_cubo_recorte_cuadrado_reflectancia.npy,FIRMAS/cubos/resultados_cubos_soil_bandas/Soil_350__cube_20260613_114020/2px_84_bandas/Soil_350__84_Bandas_mascara_soil.npy,1,0.891358024691358,0.00045137514839732606
351,FIRMAS/cubos/resultados_cubos_soil_bandas/Soil_351__cube_20260616_150842/2px_84_bandas/Soil_351__84_Bandas_cubo_recorte_cuadrado_reflectancia.npy,FIRMAS/cubos/resultados_cubos_soil_bandas/Soil_351__cube_20260616_150842/2px_84_bandas/Soil_351__84_Bandas_mascara_soil.npy,1,0.7852777777777777,0.0037895164354307953
352,FIRMAS/cubos/resultados_cubos_soil_bandas/Soil_352__cube_20260613_164454/2px_84_bandas/Soil_352__84_Bandas_cubo_recorte_cuadrado_reflectancia.npy,FIRMAS/cubos/resultados_cubos_soil_bandas/Soil_352__cube_20260613_164454/2px_84_bandas/Soil_352__84_Bandas_mascara_soil.npy,1,0.7852777777777777,0.0023591482735451086
353,FIRMAS/cubos/resultados_cubos_soil_bandas/Soil_353__cube_20260613_164140/2px_84_bandas/Soil_353__84_Bandas_cubo_recorte_cuadrado_reflectancia.npy,FIRMAS/cubos/resultados_cubos_soil_bandas/Soil_353__cube_20260613_164140/2px_84_bandas/Soil_353__84_Bandas_mascara_soil.npy,1,0.9798148148148148,0.00019537519537515813
354,FIRMAS/cubos/resultados_cubos_soil_bandas/Soil_354__cube_20260613_091319/2px_84_bandas/Soil_354__84_Bandas_cubo_recorte_cuadrado_reflectancia.npy,FIRMAS/cubos/resultados_cubos_soil_bandas/Soil_354__cube_20260613_091319/2px_84_bandas/Soil_354__84_Bandas_mascara_soil.npy,1,0.7852777777777777,0.0022856880833534987
355,FIRMAS/cubos/resultados_cubos_soil_bandas/Soil_355__cube_20260613_100724/2px_84_bandas/Soil_355__84_Bandas_cubo_recorte_cuadrado_reflectancia.npy,FIRMAS/cubos/resultados_cubos_soil_bandas/Soil_355__cube_20260613_100724/2px_84_bandas/Soil_355__84_Bandas_mascara_soil.npy,1,0.7852777777777777,9.357986011648833e-07
356,FIRMAS/cubos/resultados_cubos_soil_bandas/Soil_356__cube_20260613_090138/2px_84_bandas/Soil_356__84_Bandas_cubo_recorte_cuadrado_reflectancia.npy,FIRMAS/cubos/resultados_cubos_soil_bandas/Soil_356__cube_20260613_090138/2px_84_bandas/Soil_356__84_Bandas_mascara_soil.npy,1,0.6243827160493827,0.0019125297177694511
357,FIRMAS/cubos/resultados_cubos_soil_bandas/Soil_357__cube_20260613_091148/2px_84_bandas/Soil_357__84_Bandas_cubo_recorte_cuadrado_reflectancia.npy,FIRMAS/cubos/resultados_cubos_soil_bandas/Soil_357__cube_20260613_091148/2px_84_bandas/Soil_357__84_Bandas_mascara_soil.npy,1,0.7852777777777777,0.0016105093926105374
358,FIRMAS/cubos/resultados_cubos_soil_bandas/Soil_358__cube_20260613_091503/2px_84_bandas/Soil_358__84_Bandas_cubo_recorte_cuadrado_reflectancia.npy,FIRMAS/cubos/resultados_cubos_soil_bandas/Soil_358__cube_20260613_091503/2px_84_bandas/Soil_358__84_Bandas_mascara_soil.npy,1,0.5814197530864198,0.0039206467171218895
359,FIRMAS/cubos/resultados_cubos_soil_bandas/Soil_359__cube_20260613_091958/2px_84_bandas/Soil_359__84_Bandas_cubo_recorte_cuadrado_reflectancia.npy,FIRMAS/cubos/resultados_cubos_soil_bandas/Soil_359__cube_20260613_091958/2px_84_bandas/Soil_359__84_Bandas_mascara_soil.npy,1,0.7531172839506173,0.0016763559651146176
360,FIRMAS/cubos/resultados_cubos_soil_bandas/Soil_360__cube_20260613_100836/2px_84_bandas/Soil_360__84_Bandas_cubo_recorte_cuadrado_reflectancia.npy,FIRMAS/cubos/resultados_cubos_soil_bandas/Soil_360__cube_20260613_100836/2px_84_bandas/Soil_360__84_Bandas_mascara_soil.npy,1,0.7852777777777777,4.678993005824417e-06
361,FIRMAS/cubos/resultados_cubos_soil_bandas/Soil_361__cube_20260613_154146/2px_84_bandas/Soil_361__84_Bandas_cubo_recorte_cuadrado_reflectancia.npy,FIRMAS/cubos/resultados_cubos_soil_bandas/Soil_361__cube_20260613_154146/2px_84_bandas/Soil_361__84_Bandas_mascara_soil.npy,1,0.7077777777777777,0.0014530537489720885
362,FIRMAS/cubos/resultados_cubos_soil_bandas/Soil_362__cube_20260613_090024/2px_84_bandas/Soil_362__84_Bandas_cubo_recorte_cuadrado_reflectancia.npy,FIRMAS/cubos/resultados_cubos_soil_bandas/Soil_362__cube_20260613_090024/2px_84_bandas/Soil_362__84_Bandas_mascara_soil.npy,1,0.8271913580246913,0.0011273566551354142
363,FIRMAS/cubos/resultados_cubos_soil_bandas/Soil_363__cube_20260613_091847/2px_84_bandas/Soil_363__84_Bandas_cubo_recorte_cuadrado_reflectancia.npy,FIRMAS/cubos/resultados_cubos_soil_bandas/Soil_363__cube_20260613_091847/2px_84_bandas/Soil_363__84_Bandas_mascara_soil.npy,1,0.6611111111111111,0.0021202925614690615
364,FIRMAS/cubos/resultados_cubos_soil_bandas/Soil_364__cube_20260613_090530/2px_84_bandas/Soil_364__84_Bandas_cubo_recorte_cuadrado_reflectancia.npy,FIRMAS/cubos/resultados_cubos_soil_bandas/Soil_364__cube_20260613_090530/2px_84_bandas/Soil_364__84_Bandas_mascara_soil.npy,1,0.9564814814814815,0.004114998693895089
365,FIRMAS/cubos/resultados_cubos_soil_bandas/Soil_365__cube_20260613_154518/2px_84_bandas/Soil_365__84_Bandas_cubo_recorte_cuadrado_reflectancia.npy,FIRMAS/cubos/resultados_cubos_soil_bandas/Soil_365__cube_20260613_154518/2px_84_bandas/Soil_365__84_Bandas_mascara_soil.npy,1,0.7852777777777777,0.0014387903492961707
366,FIRMAS/cubos/resultados_cubos_soil_bandas/Soil_366__cube_20260613_154232/2px_84_bandas/Soil_366__84_Bandas_cubo_recorte_cuadrado_reflectancia.npy,FIRMAS/cubos/resultados_cubos_soil_bandas/Soil_366__cube_20260613_154232/2px_84_bandas/Soil_366__84_Bandas_mascara_soil.npy,1,0.9460185185185185,0.000995461967371547
367,FIRMAS/cubos/resultados_cubos_soil_bandas/Soil_367__cube_20260624_091556/2px_84_bandas/Soil_367__84_Bandas_cubo_recorte_cuadrado_reflectancia.npy,FIRMAS/cubos/resultados_cubos_soil_bandas/Soil_367__cube_20260624_091556/2px_84_bandas/Soil_367__84_Bandas_mascara_soil.npy,1,0.4587962962962963,8.16875690740071e-05
368,FIRMAS/cubos/resultados_cubos_soil_bandas/Soil_368__cube_20260624_103948/2px_84_bandas/Soil_368__84_Bandas_cubo_recorte_cuadrado_reflectancia.npy,FIRMAS/cubos/resultados_cubos_soil_bandas/Soil_368__cube_20260624_103948/2px_84_bandas/Soil_368__84_Bandas_mascara_soil.npy,1,0.7949691358024691,0.0014956636845832039
369,FIRMAS/cubos/resultados_cubos_soil_bandas/Soil_369__cube_20260624_102809/2px_84_bandas/Soil_369__84_Bandas_cubo_recorte_cuadrado_reflectancia.npy,FIRMAS/cubos/resultados_cubos_soil_bandas/Soil_369__cube_20260624_102809/2px_84_bandas/Soil_369__84_Bandas_mascara_soil.npy,1,0.4507407407407407,0.00017118597644483202
370,FIRMAS/cubos/resultados_cubos_soil_bandas/Soil_370__cube_20260624_103448/2px_84_bandas/Soil_370__84_Bandas_cubo_recorte_cuadrado_reflectancia.npy,FIRMAS/cubos/resultados_cubos_soil_bandas/Soil_370__cube_20260624_103448/2px_84_bandas/Soil_370__84_Bandas_mascara_soil.npy,1,0.5940740740740741,0.0006172564620195997
371,FIRMAS/cubos/resultados_cubos_soil_bandas/Soil_371__cube_20260624_102446/2px_84_bandas/Soil_371__84_Bandas_cubo_recorte_cuadrado_reflectancia.npy,FIRMAS/cubos/resultados_cubos_soil_bandas/Soil_371__cube_20260624_102446/2px_84_bandas/Soil_371__84_Bandas_mascara_soil.npy,1,0.8145370370370371,1.3081660234059989e-05
372,FIRMAS/cubos/resultados_cubos_soil_bandas/Soil_372__cube_20260624_112900/2px_84_bandas/Soil_372__84_Bandas_cubo_recorte_cuadrado_reflectancia.npy,FIRMAS/cubos/resultados_cubos_soil_bandas/Soil_372__cube_20260624_112900/2px_84_bandas/Soil_372__84_Bandas_mascara_soil.npy,1,0.6412962962962963,4.469012554486618e-05
373,FIRMAS/cubos/resultados_cubos_soil_bandas/Soil_373__cube_20260624_104250/2px_84_bandas/Soil_373__84_Bandas_cubo_recorte_cuadrado_reflectancia.npy,FIRMAS/cubos/resultados_cubos_soil_bandas/Soil_373__cube_20260624_104250/2px_84_bandas/Soil_373__84_Bandas_mascara_soil.npy,1,0.9575308641975309,0.00033959883592427076
374,FIRMAS/cubos/resultados_cubos_soil_bandas/Soil_374__cube_20260624_103852/2px_84_bandas/Soil_374__84_Bandas_cubo_recorte_cuadrado_reflectancia.npy,FIRMAS/cubos/resultados_cubos_soil_bandas/Soil_374__cube_20260624_103852/2px_84_bandas/Soil_374__84_Bandas_mascara_soil.npy,1,0.5584876543209877,0.0009283016881801442
375,FIRMAS/cubos/resultados_cubos_soil_bandas/Soil_375__cube_20260624_113105/2px_84_bandas/Soil_375__84_Bandas_cubo_recorte_cuadrado_reflectancia.npy,FIRMAS/cubos/resultados_cubos_soil_bandas/Soil_375__cube_20260624_113105/2px_84_bandas/Soil_375__84_Bandas_mascara_soil.npy,1,0.5576234567901235,6.589230034936833e-07
376,FIRMAS/cubos/resultados_cubos_soil_bandas/Soil_376__cube_20260624_113008/2px_84_bandas/Soil_376__84_Bandas_cubo_recorte_cuadrado_reflectancia.npy,FIRMAS/cubos/resultados_cubos_soil_bandas/Soil_376__cube_20260624_113008/2px_84_bandas/Soil_376__84_Bandas_mascara_soil.npy,1,0.7876851851851852,7.929977366871732e-06
377,FIRMAS/cubos/resultados_cubos_soil_bandas/Soil_377__cube_20260624_103652/2px_84_bandas/Soil_377__84_Bandas_cubo_recorte_cuadrado_reflectancia.npy,FIRMAS/cubos/resultados_cubos_soil_bandas/Soil_377__cube_20260624_103652/2px_84_bandas/Soil_377__84_Bandas_mascara_soil.npy,1,0.9602160493827161,0.00039528202396643675
378,FIRMAS/cubos/resultados_cubos_soil_bandas/Soil_378__cube_20260624_103040/2px_84_bandas/Soil_378__84_Bandas_cubo_recorte_cuadrado_reflectancia.npy,FIRMAS/cubos/resultados_cubos_soil_bandas/Soil_378__cube_20260624_103040/2px_84_bandas/Soil_378__84_Bandas_mascara_soil.npy,1,0.9046913580246914,0.00037608520482423913
379,FIRMAS/cubos/resultados_cubos_soil_bandas/Soil_379__cube_20260624_103748/2px_84_bandas/Soil_379__84_Bandas_cubo_recorte_cuadrado_reflectancia.npy,FIRMAS/cubos/resultados_cubos_soil_bandas/Soil_379__cube_20260624_103748/2px_84_bandas/Soil_379__84_Bandas_mascara_soil.npy,1,0.7207407407407408,0.0007086167800453014
380,FIRMAS/cubos/resultados_cubos_soil_bandas/Soil_380__cube_20260624_115143/2px_84_bandas/Soil_380__84_Bandas_cubo_recorte_cuadrado_reflectancia.npy,FIRMAS/cubos/resultados_cubos_soil_bandas/Soil_380__cube_20260624_115143/2px_84_bandas/Soil_380__84_Bandas_mascara_soil.npy,1,0.822716049382716,0.013439304293145882
381,FIRMAS/cubos/resultados_cubos_soil_bandas/Soil_381__cube_20260624_104353/2px_84_bandas/Soil_381__84_Bandas_cubo_recorte_cuadrado_reflectancia.npy,FIRMAS/cubos/resultados_cubos_soil_bandas/Soil_381__cube_20260624_104353/2px_84_bandas/Soil_381__84_Bandas_mascara_soil.npy,1,0.8262345679012346,0.000900528309941806
382,FIRMAS/cubos/resultados_cubos_soil_bandas/Soil_382__cube_20260624_091828/2px_84_bandas/Soil_382__84_Bandas_cubo_recorte_cuadrado_reflectancia.npy,FIRMAS/cubos/resultados_cubos_soil_bandas/Soil_382__cube_20260624_091828/2px_84_bandas/Soil_382__84_Bandas_mascara_soil.npy,1,0.9184876543209877,0.00029242854102562443
383,FIRMAS/cubos/resultados_cubos_soil_bandas/Soil_383__cube_20260623_104246/2px_84_bandas/Soil_383__84_Bandas_cubo_recorte_cuadrado_reflectancia.npy,FIRMAS/cubos/resultados_cubos_soil_bandas/Soil_383__cube_20260623_104246/2px_84_bandas/Soil_383__84_Bandas_mascara_soil.npy,1,0.7852777777777777,0.0006770502879451801
384,FIRMAS/cubos/resultados_cubos_soil_bandas/Soil_384__cube_20260624_092345/2px_84_bandas/Soil_384__84_Bandas_cubo_recorte_cuadrado_reflectancia.npy,FIRMAS/cubos/resultados_cubos_soil_bandas/Soil_384__cube_20260624_092345/2px_84_bandas/Soil_384__84_Bandas_mascara_soil.npy,1,0.6954938271604938,0.000853208062314259
385,FIRMAS/cubos/resultados_cubos_soil_bandas/Soil_385__cube_20260624_112738/2px_84_bandas/Soil_385__84_Bandas_cubo_recorte_cuadrado_reflectancia.npy,FIRMAS/cubos/resultados_cubos_soil_bandas/Soil_385__cube_20260624_112738/2px_84_bandas/Soil_385__84_Bandas_mascara_soil.npy,1,0.6713271604938271,5.473202108197128e-07
386,FIRMAS/cubos/resultados_cubos_soil_bandas/Soil_386__cube_20260624_104149/2px_84_bandas/Soil_386__84_Bandas_cubo_recorte_cuadrado_reflectancia.npy,FIRMAS/cubos/resultados_cubos_soil_bandas/Soil_386__cube_20260624_104149/2px_84_bandas/Soil_386__84_Bandas_mascara_soil.npy,1,0.8598765432098765,0.001605390900078607
387,FIRMAS/cubos/resultados_cubos_soil_bandas/Soil_387__cube_20260623_104110/2px_84_bandas/Soil_387__84_Bandas_cubo_recorte_cuadrado_reflectancia.npy,FIRMAS/cubos/resultados_cubos_soil_bandas/Soil_387__cube_20260623_104110/2px_84_bandas/Soil_387__84_Bandas_mascara_soil.npy,1,0.7852777777777777,0.0008043188977041593
388,FIRMAS/cubos/resultados_cubos_soil_bandas/Soil_388__cube_20260624_102702/2px_84_bandas/Soil_388__84_Bandas_cubo_recorte_cuadrado_reflectancia.npy,FIRMAS/cubos/resultados_cubos_soil_bandas/Soil_388__cube_20260624_102702/2px_84_bandas/Soil_388__84_Bandas_mascara_soil.npy,1,0.44959876543209876,0.0003873726328590399
389,FIRMAS/cubos/resultados_cubos_soil_bandas/Soil_389__cube_20260624_102546/2px_84_bandas/Soil_389__84_Bandas_cubo_recorte_cuadrado_reflectancia.npy,FIRMAS/cubos/resultados_cubos_soil_bandas/Soil_389__cube_20260624_102546/2px_84_bandas/Soil_389__84_Bandas_mascara_soil.npy,1,0.714320987654321,8.024295096542566e-05
390,FIRMAS/cubos/resultados_cubos_soil_bandas/Soil_390__cube_20260624_093350/2px_84_bandas/Soil_390__84_Bandas_cubo_recorte_cuadrado_reflectancia.npy,FIRMAS/cubos/resultados_cubos_soil_bandas/Soil_390__cube_20260624_093350/2px_84_bandas/Soil_390__84_Bandas_mascara_soil.npy,1,0.9334259259259259,0.0011120243488064174
391,FIRMAS/cubos/resultados_cubos_soil_bandas/Soil_391__cube_20260624_112642/2px_84_bandas/Soil_391__84_Bandas_cubo_recorte_cuadrado_reflectancia.npy,FIRMAS/cubos/resultados_cubos_soil_bandas/Soil_391__cube_20260624_112642/2px_84_bandas/Soil_391__84_Bandas_mascara_soil.npy,1,0.5030864197530864,0.00044332456909146334
392,FIRMAS/cubos/resultados_cubos_soil_bandas/Soil_392__cube_20260624_103544/2px_84_bandas/Soil_392__84_Bandas_cubo_recorte_cuadrado_reflectancia.npy,FIRMAS/cubos/resultados_cubos_soil_bandas/Soil_392__cube_20260624_103544/2px_84_bandas/Soil_392__84_Bandas_mascara_soil.npy,1,0.8226543209876543,0.0007320441495424213
393,FIRMAS/cubos/resultados_cubos_soil_bandas/Soil_393__cube_20260624_113257/2px_84_bandas/Soil_393__84_Bandas_cubo_recorte_cuadrado_reflectancia.npy,FIRMAS/cubos/resultados_cubos_soil_bandas/Soil_393__cube_20260624_113257/2px_84_bandas/Soil_393__84_Bandas_mascara_soil.npy,1,0.8129320987654322,0.00011254359369317068
394,FIRMAS/cubos/resultados_cubos_soil_bandas/Soil_394__cube_20260624_102238/2px_84_bandas/Soil_394__84_Bandas_cubo_recorte_cuadrado_reflectancia.npy,FIRMAS/cubos/resultados_cubos_soil_bandas/Soil_394__cube_20260624_102238/2px_84_bandas/Soil_394__84_Bandas_mascara_soil.npy,1,0.8296913580246914,0.0
395,FIRMAS/cubos/resultados_cubos_soil_bandas/Soil_395__cube_20260624_113201/2px_84_bandas/Soil_395__84_Bandas_cubo_recorte_cuadrado_reflectancia.npy,FIRMAS/cubos/resultados_cubos_soil_bandas/Soil_395__cube_20260624_113201/2px_84_bandas/Soil_395__84_Bandas_mascara_soil.npy,1,0.8805246913580247,2.086431684422685e-06
396,FIRMAS/cubos/resultados_cubos_soil_bandas/Soil_396__cube_20260623_102829/2px_84_bandas/Soil_396__84_Bandas_cubo_recorte_cuadrado_reflectancia.npy,FIRMAS/cubos/resultados_cubos_soil_bandas/Soil_396__cube_20260623_102829/2px_84_bandas/Soil_396__84_Bandas_mascara_soil.npy,1,0.7852777777777777,0.0
397,FIRMAS/cubos/resultados_cubos_soil_bandas/Soil_397__cube_20260613_103241/2px_84_bandas/Soil_397__84_Bandas_cubo_recorte_cuadrado_reflectancia.npy,FIRMAS/cubos/resultados_cubos_soil_bandas/Soil_397__cube_20260613_103241/2px_84_bandas/Soil_397__84_Bandas_mascara_soil.npy,1,0.9107407407407407,0.0022854980408864023
398,FIRMAS/cubos/resultados_cubos_soil_bandas/Soil_398__cube_20260613_090934/2px_84_bandas/Soil_398__84_Bandas_cubo_recorte_cuadrado_reflectancia.npy,FIRMAS/cubos/resultados_cubos_soil_bandas/Soil_398__cube_20260613_090934/2px_84_bandas/Soil_398__84_Bandas_mascara_soil.npy,1,0.7852777777777777,0.003791855931933763
399,FIRMAS/cubos/resultados_cubos_soil_bandas/Soil_399__cube_20260613_154003/2px_84_bandas/Soil_399__84_Bandas_cubo_recorte_cuadrado_reflectancia.npy,FIRMAS/cubos/resultados_cubos_soil_bandas/Soil_399__cube_20260613_154003/2px_84_bandas/Soil_399__84_Bandas_mascara_soil.npy,1,0.8084259259259259,0.001075805422386611
400,FIRMAS/cubos/resultados_cubos_soil_bandas/Soil_400__cube_20260613_092109/2px_84_bandas/Soil_400__84_Bandas_cubo_recorte_cuadrado_reflectancia.npy,FIRMAS/cubos/resultados_cubos_soil_bandas/Soil_400__cube_20260613_092109/2px_84_bandas/Soil_400__84_Bandas_mascara_soil.npy,1,0.7852777777777777,0.0033197455376443585
401,FIRMAS/cubos/resultados_cubos_soil_bandas/Soil_401__cube_20260623_085356/2px_84_bandas/Soil_401__84_Bandas_cubo_recorte_cuadrado_reflectancia.npy,FIRMAS/cubos/resultados_cubos_soil_bandas/Soil_401__cube_20260623_085356/2px_84_bandas/Soil_401__84_Bandas_mascara_soil.npy,1,0.7852777777777777,0.0006110764865628893
402,FIRMAS/cubos/resultados_cubos_soil_bandas/Soil_402__cube_20260624_093819/2px_84_bandas/Soil_402__84_Bandas_cubo_recorte_cuadrado_reflectancia.npy,FIRMAS/cubos/resultados_cubos_soil_bandas/Soil_402__cube_20260624_093819/2px_84_bandas/Soil_402__84_Bandas_mascara_soil.npy,1,0.6600617283950617,0.0003022671707793023
403,FIRMAS/cubos/resultados_cubos_soil_bandas/Soil_403__cube_20260623_105029/2px_84_bandas/Soil_403__84_Bandas_cubo_recorte_cuadrado_reflectancia.npy,FIRMAS/cubos/resultados_cubos_soil_bandas/Soil_403__cube_20260623_105029/2px_84_bandas/Soil_403__84_Bandas_mascara_soil.npy,1,0.7852777777777777,6.129480837646639e-05
404,FIRMAS/cubos/resultados_cubos_soil_bandas/Soil_404__cube_20260623_085716/2px_84_bandas/Soil_404__84_Bandas_cubo_recorte_cuadrado_reflectancia.npy,FIRMAS/cubos/resultados_cubos_soil_bandas/Soil_404__cube_20260623_085716/2px_84_bandas/Soil_404__84_Bandas_mascara_soil.npy,1,0.7852777777777777,0.0004173661761210923
405,FIRMAS/cubos/resultados_cubos_soil_bandas/Soil_405__cube_20260623_103525/2px_84_bandas/Soil_405__84_Bandas_cubo_recorte_cuadrado_reflectancia.npy,FIRMAS/cubos/resultados_cubos_soil_bandas/Soil_405__cube_20260623_103525/2px_84_bandas/Soil_405__84_Bandas_mascara_soil.npy,1,0.7852777777777777,0.0005114139355384406
406,FIRMAS/cubos/resultados_cubos_soil_bandas/Soil_406__cube_20260624_093219/2px_84_bandas/Soil_406__84_Bandas_cubo_recorte_cuadrado_reflectancia.npy,FIRMAS/cubos/resultados_cubos_soil_bandas/Soil_406__cube_20260624_093219/2px_84_bandas/Soil_406__84_Bandas_mascara_soil.npy,1,0.9013580246913581,0.0006114622263094782
407,FIRMAS/cubos/resultados_cubos_soil_bandas/Soil_407__cube_20260623_103648/2px_84_bandas/Soil_407__84_Bandas_cubo_recorte_cuadrado_reflectancia.npy,FIRMAS/cubos/resultados_cubos_soil_bandas/Soil_407__cube_20260623_103648/2px_84_bandas/Soil_407__84_Bandas_mascara_soil.npy,1,0.7852777777777777,0.0004398253425490495
408,FIRMAS/cubos/resultados_cubos_soil_bandas/Soil_408__cube_20260623_093757/2px_84_bandas/Soil_408__84_Bandas_cubo_recorte_cuadrado_reflectancia.npy,FIRMAS/cubos/resultados_cubos_soil_bandas/Soil_408__cube_20260623_093757/2px_84_bandas/Soil_408__84_Bandas_mascara_soil.npy,1,0.7852777777777777,0.0006887477704597966
409,FIRMAS/cubos/resultados_cubos_soil_bandas/Soil_409__cube_20260623_085535/2px_84_bandas/Soil_409__84_Bandas_cubo_recorte_cuadrado_reflectancia.npy,FIRMAS/cubos/resultados_cubos_soil_bandas/Soil_409__cube_20260623_085535/2px_84_bandas/Soil_409__84_Bandas_mascara_soil.npy,1,0.7852777777777777,0.0004052007943058378
410,FIRMAS/cubos/resultados_cubos_soil_bandas/Soil_410__cube_20260623_105600/2px_84_bandas/Soil_410__84_Bandas_cubo_recorte_cuadrado_reflectancia.npy,FIRMAS/cubos/resultados_cubos_soil_bandas/Soil_410__cube_20260623_105600/2px_84_bandas/Soil_410__84_Bandas_mascara_soil.npy,1,0.5883333333333334,0.0011666192025021616
411,FIRMAS/cubos/resultados_cubos_soil_bandas/Soil_411__cube_20260623_105342/2px_84_bandas/Soil_411__84_Bandas_cubo_recorte_cuadrado_reflectancia.npy,FIRMAS/cubos/resultados_cubos_soil_bandas/Soil_411__cube_20260623_105342/2px_84_bandas/Soil_411__84_Bandas_mascara_soil.npy,1,0.7852777777777777,0.0014149274849664106
412,FIRMAS/cubos/resultados_cubos_soil_bandas/Soil_412__cube_20260624_103235/2px_84_bandas/Soil_412__84_Bandas_cubo_recorte_cuadrado_reflectancia.npy,FIRMAS/cubos/resultados_cubos_soil_bandas/Soil_412__cube_20260624_103235/2px_84_bandas/Soil_412__84_Bandas_mascara_soil.npy,1,0.7173456790123457,0.0006699693903893245
413,FIRMAS/cubos/resultados_cubos_soil_bandas/Soil_413__cube_20260623_094751/2px_84_bandas/Soil_413__84_Bandas_cubo_recorte_cuadrado_reflectancia.npy,FIRMAS/cubos/resultados_cubos_soil_bandas/Soil_413__cube_20260623_094751/2px_84_bandas/Soil_413__84_Bandas_mascara_soil.npy,1,0.7852777777777777,0.0006999773536738862
414,FIRMAS/cubos/resultados_cubos_soil_bandas/Soil_414__cube_20260624_093928/2px_84_bandas/Soil_414__84_Bandas_cubo_recorte_cuadrado_reflectancia.npy,FIRMAS/cubos/resultados_cubos_soil_bandas/Soil_414__cube_20260624_093928/2px_84_bandas/Soil_414__84_Bandas_mascara_soil.npy,1,0.8374691358024692,0.0010652598918243772
415,FIRMAS/cubos/resultados_cubos_soil_bandas/Soil_415__cube_20260623_105704/2px_84_bandas/Soil_415__84_Bandas_cubo_recorte_cuadrado_reflectancia.npy,FIRMAS/cubos/resultados_cubos_soil_bandas/Soil_415__cube_20260623_105704/2px_84_bandas/Soil_415__84_Bandas_mascara_soil.npy,1,0.7852777777777777,0.0011178114290955055
416,FIRMAS/cubos/resultados_cubos_soil_bandas/Soil_416__cube_20260623_085123/2px_84_bandas/Soil_416__84_Bandas_cubo_recorte_cuadrado_reflectancia.npy,FIRMAS/cubos/resultados_cubos_soil_bandas/Soil_416__cube_20260623_085123/2px_84_bandas/Soil_416__84_Bandas_mascara_soil.npy,1,0.7852777777777777,0.0001413055887764525
417,FIRMAS/cubos/resultados_cubos_soil_bandas/Soil_417__cube_20260613_154424/2px_84_bandas/Soil_417__84_Bandas_cubo_recorte_cuadrado_reflectancia.npy,FIRMAS/cubos/resultados_cubos_soil_bandas/Soil_417__cube_20260613_154424/2px_84_bandas/Soil_417__84_Bandas_mascara_soil.npy,1,0.5402160493827161,0.0007223251524228758
418,FIRMAS/cubos/resultados_cubos_soil_bandas/Soil_418__cube_20260613_153313/2px_84_bandas/Soil_418__84_Bandas_cubo_recorte_cuadrado_reflectancia.npy,FIRMAS/cubos/resultados_cubos_soil_bandas/Soil_418__cube_20260613_153313/2px_84_bandas/Soil_418__84_Bandas_mascara_soil.npy,1,0.5634567901234568,0.0005236373690580276
419,FIRMAS/cubos/resultados_cubos_soil_bandas/Soil_419__cube_20260623_104535/2px_84_bandas/Soil_419__84_Bandas_cubo_recorte_cuadrado_reflectancia.npy,FIRMAS/cubos/resultados_cubos_soil_bandas/Soil_419__cube_20260623_104535/2px_84_bandas/Soil_419__84_Bandas_mascara_soil.npy,1,0.7852777777777777,0.0006513158264130903
420,FIRMAS/cubos/resultados_cubos_soil_bandas/Soil_420__cube_20260623_093653/2px_84_bandas/Soil_420__84_Bandas_cubo_recorte_cuadrado_reflectancia.npy,FIRMAS/cubos/resultados_cubos_soil_bandas/Soil_420__cube_20260623_093653/2px_84_bandas/Soil_420__84_Bandas_mascara_soil.npy,1,0.7852777777777777,5.9423211174136625e-05
421,FIRMAS/cubos/resultados_cubos_soil_bandas/Soil_421__cube_20260623_095219/2px_84_bandas/Soil_421__84_Bandas_cubo_recorte_cuadrado_reflectancia.npy,FIRMAS/cubos/resultados_cubos_soil_bandas/Soil_421__cube_20260623_095219/2px_84_bandas/Soil_421__84_Bandas_mascara_soil.npy,1,0.7852777777777777,0.0004234488670286085
422,FIRMAS/cubos/resultados_cubos_soil_bandas/Soil_422__cube_20260623_084445/2px_84_bandas/Soil_422__84_Bandas_cubo_recorte_cuadrado_reflectancia.npy,FIRMAS/cubos/resultados_cubos_soil_bandas/Soil_422__cube_20260623_084445/2px_84_bandas/Soil_422__84_Bandas_mascara_soil.npy,1,0.7852777777777777,9.732305452148093e-05
423,FIRMAS/cubos/resultados_cubos_soil_bandas/Soil_423__cube_20260623_093359/2px_84_bandas/Soil_423__84_Bandas_cubo_recorte_cuadrado_reflectancia.npy,FIRMAS/cubos/resultados_cubos_soil_bandas/Soil_423__cube_20260623_093359/2px_84_bandas/Soil_423__84_Bandas_mascara_soil.npy,1,0.7852777777777777,4.632203075782826e-05
424,FIRMAS/cubos/resultados_cubos_soil_bandas/Soil_424__cube_20260613_101711/2px_84_bandas/Soil_424__84_Bandas_cubo_recorte_cuadrado_reflectancia.npy,FIRMAS/cubos/resultados_cubos_soil_bandas/Soil_424__cube_20260613_101711/2px_84_bandas/Soil_424__84_Bandas_mascara_soil.npy,1,0.7091666666666666,0.0008108522601276702
425,FIRMAS/cubos/resultados_cubos_soil_bandas/Soil_425__cube_20260624_092546/2px_84_bandas/Soil_425__84_Bandas_cubo_recorte_cuadrado_reflectancia.npy,FIRMAS/cubos/resultados_cubos_soil_bandas/Soil_425__cube_20260624_092546/2px_84_bandas/Soil_425__84_Bandas_mascara_soil.npy,1,0.8888888888888888,0.0006270667989417555
426,FIRMAS/cubos/resultados_cubos_soil_bandas/Soil_426__cube_20260623_105446/2px_84_bandas/Soil_426__84_Bandas_cubo_recorte_cuadrado_reflectancia.npy,FIRMAS/cubos/resultados_cubos_soil_bandas/Soil_426__cube_20260623_105446/2px_84_bandas/Soil_426__84_Bandas_mascara_soil.npy,1,0.7852777777777777,0.0014823049842505043
427,FIRMAS/cubos/resultados_cubos_soil_bandas/Soil_427__cube_20260623_084921/2px_84_bandas/Soil_427__84_Bandas_cubo_recorte_cuadrado_reflectancia.npy,FIRMAS/cubos/resultados_cubos_soil_bandas/Soil_427__cube_20260623_084921/2px_84_bandas/Soil_427__84_Bandas_mascara_soil.npy,1,0.7852777777777777,0.00045479812016779864
428,FIRMAS/cubos/resultados_cubos_soil_bandas/Soil_428__cube_20260622_154945/2px_84_bandas/Soil_428__84_Bandas_cubo_recorte_cuadrado_reflectancia.npy,FIRMAS/cubos/resultados_cubos_soil_bandas/Soil_428__cube_20260622_154945/2px_84_bandas/Soil_428__84_Bandas_mascara_soil.npy,1,0.7852777777777777,0.00026436310483002323
429,FIRMAS/cubos/resultados_cubos_soil_bandas/Soil_429__cube_20260623_094953/2px_84_bandas/Soil_429__84_Bandas_cubo_recorte_cuadrado_reflectancia.npy,FIRMAS/cubos/resultados_cubos_soil_bandas/Soil_429__cube_20260623_094953/2px_84_bandas/Soil_429__84_Bandas_mascara_soil.npy,1,0.7852777777777777,0.0010831868808522938
430,FIRMAS/cubos/resultados_cubos_soil_bandas/Soil_430__cube_20260613_103539/2px_84_bandas/Soil_430__84_Bandas_cubo_recorte_cuadrado_reflectancia.npy,FIRMAS/cubos/resultados_cubos_soil_bandas/Soil_430__cube_20260613_103539/2px_84_bandas/Soil_430__84_Bandas_mascara_soil.npy,1,0.7852777777777777,0.0020283434680321566
431,FIRMAS/cubos/resultados_cubos_soil_bandas/Soil_431__cube_20260623_094120/2px_84_bandas/Soil_431__84_Bandas_cubo_recorte_cuadrado_reflectancia.npy,FIRMAS/cubos/resultados_cubos_soil_bandas/Soil_431__cube_20260623_094120/2px_84_bandas/Soil_431__84_Bandas_mascara_soil.npy,1,0.7852777777777777,0.0004814683803010533
432,FIRMAS/cubos/resultados_cubos_soil_bandas/Soil_432__cube_20260623_094855/2px_84_bandas/Soil_432__84_Bandas_cubo_recorte_cuadrado_reflectancia.npy,FIRMAS/cubos/resultados_cubos_soil_bandas/Soil_432__cube_20260623_094855/2px_84_bandas/Soil_432__84_Bandas_mascara_soil.npy,1,0.7852777777777777,0.0005310657061630142
433,FIRMAS/cubos/resultados_cubos_soil_bandas/Soil_433__cube_20260622_161957/2px_84_bandas/Soil_433__84_Bandas_cubo_recorte_cuadrado_reflectancia.npy,FIRMAS/cubos/resultados_cubos_soil_bandas/Soil_433__cube_20260622_161957/2px_84_bandas/Soil_433__84_Bandas_mascara_soil.npy,1,0.7852777777777777,0.0012235566710274703
434,FIRMAS/cubos/resultados_cubos_soil_bandas/Soil_434__cube_20260622_161638/2px_84_bandas/Soil_434__84_Bandas_cubo_recorte_cuadrado_reflectancia.npy,FIRMAS/cubos/resultados_cubos_soil_bandas/Soil_434__cube_20260622_161638/2px_84_bandas/Soil_434__84_Bandas_mascara_soil.npy,1,0.7852777777777777,0.0005614791607009284
435,FIRMAS/cubos/resultados_cubos_soil_bandas/Soil_435__cube_20260622_161731/2px_84_bandas/Soil_435__84_Bandas_cubo_recorte_cuadrado_reflectancia.npy,FIRMAS/cubos/resultados_cubos_soil_bandas/Soil_435__cube_20260622_161731/2px_84_bandas/Soil_435__84_Bandas_mascara_soil.npy,1,0.7852777777777777,0.001419138578671597
436,FIRMAS/cubos/resultados_cubos_soil_bandas/Soil_436__cube_20260613_165513/2px_84_bandas/Soil_436__84_Bandas_cubo_recorte_cuadrado_reflectancia.npy,FIRMAS/cubos/resultados_cubos_soil_bandas/Soil_436__cube_20260613_165513/2px_84_bandas/Soil_436__84_Bandas_mascara_soil.npy,1,0.5316049382716049,0.001714799946917922
437,FIRMAS/cubos/resultados_cubos_soil_bandas/Soil_437__cube_20260623_103344/2px_84_bandas/Soil_437__84_Bandas_cubo_recorte_cuadrado_reflectancia.npy,FIRMAS/cubos/resultados_cubos_soil_bandas/Soil_437__cube_20260623_103344/2px_84_bandas/Soil_437__84_Bandas_mascara_soil.npy,1,0.7852777777777777,0.00019885720274825935
438,FIRMAS/cubos/resultados_cubos_soil_bandas/Soil_438__cube_20260623_084345/2px_84_bandas/Soil_438__84_Bandas_cubo_recorte_cuadrado_reflectancia.npy,FIRMAS/cubos/resultados_cubos_soil_bandas/Soil_438__cube_20260623_084345/2px_84_bandas/Soil_438__84_Bandas_mascara_soil.npy,1,0.7852777777777777,7.57996866945776e-05
439,FIRMAS/cubos/resultados_cubos_soil_bandas/Soil_439__cube_20260623_093217/2px_84_bandas/Soil_439__84_Bandas_cubo_recorte_cuadrado_reflectancia.npy,FIRMAS/cubos/resultados_cubos_soil_bandas/Soil_439__cube_20260623_093217/2px_84_bandas/Soil_439__84_Bandas_mascara_soil.npy,1,0.7852777777777777,1.7780173422243806e-05
440,FIRMAS/cubos/resultados_cubos_soil_bandas/Soil_440__cube_20260622_162302/2px_84_bandas/Soil_440__84_Bandas_cubo_recorte_cuadrado_reflectancia.npy,FIRMAS/cubos/resultados_cubos_soil_bandas/Soil_440__cube_20260622_162302/2px_84_bandas/Soil_440__84_Bandas_mascara_soil.npy,1,0.7852777777777777,0.001243208441652044
441,FIRMAS/cubos/resultados_cubos_soil_bandas/Soil_441__cube_20260623_095329/2px_84_bandas/Soil_441__84_Bandas_cubo_recorte_cuadrado_reflectancia.npy,FIRMAS/cubos/resultados_cubos_soil_bandas/Soil_441__cube_20260623_095329/2px_84_bandas/Soil_441__84_Bandas_mascara_soil.npy,1,0.7852777777777777,0.0008188237760222705
442,FIRMAS/cubos/resultados_cubos_soil_bandas/Soil_442__cube_20260624_090741/2px_84_bandas/Soil_442__84_Bandas_cubo_recorte_cuadrado_reflectancia.npy,FIRMAS/cubos/resultados_cubos_soil_bandas/Soil_442__cube_20260624_090741/2px_84_bandas/Soil_442__84_Bandas_mascara_soil.npy,1,0.8021296296296296,7.741370433278494e-05
443,FIRMAS/cubos/resultados_cubos_soil_bandas/Soil_443__cube_20260623_103801/2px_84_bandas/Soil_443__84_Bandas_cubo_recorte_cuadrado_reflectancia.npy,FIRMAS/cubos/resultados_cubos_soil_bandas/Soil_443__cube_20260623_103801/2px_84_bandas/Soil_443__84_Bandas_mascara_soil.npy,1,0.7852777777777777,0.0003935033117912212
444,FIRMAS/cubos/resultados_cubos_soil_bandas/Soil_444__cube_20260623_094216/2px_84_bandas/Soil_444__84_Bandas_cubo_recorte_cuadrado_reflectancia.npy,FIRMAS/cubos/resultados_cubos_soil_bandas/Soil_444__cube_20260623_094216/2px_84_bandas/Soil_444__84_Bandas_mascara_soil.npy,1,0.7852777777777777,0.0002194447719739978
445,FIRMAS/cubos/resultados_cubos_soil_bandas/Soil_445__cube_20260623_092950/2px_84_bandas/Soil_445__84_Bandas_cubo_recorte_cuadrado_reflectancia.npy,FIRMAS/cubos/resultados_cubos_soil_bandas/Soil_445__cube_20260623_092950/2px_84_bandas/Soil_445__84_Bandas_mascara_soil.npy,1,0.7852777777777777,4.678993006379528e-07
446,FIRMAS/cubos/resultados_cubos_soil_bandas/Soil_446__cube_20260623_085806/2px_84_bandas/Soil_446__84_Bandas_cubo_recorte_cuadrado_reflectancia.npy,FIRMAS/cubos/resultados_cubos_soil_bandas/Soil_446__cube_20260623_085806/2px_84_bandas/Soil_446__84_Bandas_mascara_soil.npy,1,0.7852777777777777,0.0009072567438326296
447,FIRMAS/cubos/resultados_cubos_soil_bandas/Soil_447__cube_20260623_085627/2px_84_bandas/Soil_447__84_Bandas_cubo_recorte_cuadrado_reflectancia.npy,FIRMAS/cubos/resultados_cubos_soil_bandas/Soil_447__cube_20260623_085627/2px_84_bandas/Soil_447__84_Bandas_mascara_soil.npy,1,0.7852777777777777,0.00043374265164153325
448,FIRMAS/cubos/resultados_cubos_soil_bandas/Soil_448__cube_20260623_104416/2px_84_bandas/Soil_448__84_Bandas_cubo_recorte_cuadrado_reflectancia.npy,FIRMAS/cubos/resultados_cubos_soil_bandas/Soil_448__cube_20260623_104416/2px_84_bandas/Soil_448__84_Bandas_mascara_soil.npy,1,0.7852777777777777,0.00043140315513856553
449,FIRMAS/cubos/resultados_cubos_soil_bandas/Soil_449__cube_20260624_091014/2px_84_bandas/Soil_449__84_Bandas_cubo_recorte_cuadrado_reflectancia.npy,FIRMAS/cubos/resultados_cubos_soil_bandas/Soil_449__cube_20260624_091014/2px_84_bandas/Soil_449__84_Bandas_mascara_soil.npy,1,0.6237962962962963,0.0002538692979542345
450,FIRMAS/cubos/resultados_cubos_soil_bandas/Soil_450__cube_20260624_092649/2px_84_bandas/Soil_450__84_Bandas_cubo_recorte_cuadrado_reflectancia.npy,FIRMAS/cubos/resultados_cubos_soil_bandas/Soil_450__cube_20260624_092649/2px_84_bandas/Soil_450__84_Bandas_mascara_soil.npy,1,0.9058641975308642,0.000504583434736805
451,FIRMAS/cubos/resultados_cubos_soil_bandas/Soil_451__cube_20260623_104925/2px_84_bandas/Soil_451__84_Bandas_cubo_recorte_cuadrado_reflectancia.npy,FIRMAS/cubos/resultados_cubos_soil_bandas/Soil_451__cube_20260623_104925/2px_84_bandas/Soil_451__84_Bandas_mascara_soil.npy,1,0.7852777777777777,0.000750042578836374
452,FIRMAS/cubos/resultados_cubos_soil_bandas/Soil_452__cube_20260622_161349/2px_84_bandas/Soil_452__84_Bandas_cubo_recorte_cuadrado_reflectancia.npy,FIRMAS/cubos/resultados_cubos_soil_bandas/Soil_452__cube_20260622_161349/2px_84_bandas/Soil_452__84_Bandas_mascara_soil.npy,1,0.7852777777777777,0.0010911411689621398
453,FIRMAS/cubos/resultados_cubos_soil_bandas/Soil_453__cube_20260623_085021/2px_84_bandas/Soil_453__84_Bandas_cubo_recorte_cuadrado_reflectancia.npy,FIRMAS/cubos/resultados_cubos_soil_bandas/Soil_453__cube_20260623_085021/2px_84_bandas/Soil_453__84_Bandas_mascara_soil.npy,1,0.7852777777777777,0.00025874831322303393
454,FIRMAS/cubos/resultados_cubos_soil_bandas/Soil_454__cube_20260624_103341/2px_84_bandas/Soil_454__84_Bandas_cubo_recorte_cuadrado_reflectancia.npy,FIRMAS/cubos/resultados_cubos_soil_bandas/Soil_454__cube_20260624_103341/2px_84_bandas/Soil_454__84_Bandas_mascara_soil.npy,1,0.9003703703703704,0.0008431111372287914
455,FIRMAS/cubos/resultados_cubos_soil_bandas/Soil_455__cube_20260624_103140/2px_84_bandas/Soil_455__84_Bandas_cubo_recorte_cuadrado_reflectancia.npy,FIRMAS/cubos/resultados_cubos_soil_bandas/Soil_455__cube_20260624_103140/2px_84_bandas/Soil_455__84_Bandas_mascara_soil.npy,1,0.6649382716049382,0.0004779808321397905
456,FIRMAS/cubos/resultados_cubos_soil_bandas/Soil_456__cube_20260623_085445/2px_84_bandas/Soil_456__84_Bandas_cubo_recorte_cuadrado_reflectancia.npy,FIRMAS/cubos/resultados_cubos_soil_bandas/Soil_456__cube_20260623_085445/2px_84_bandas/Soil_456__84_Bandas_mascara_soil.npy,1,0.7852777777777777,0.000637746746696144
457,FIRMAS/cubos/resultados_cubos_soil_bandas/Soil_457__cube_20260622_162203/2px_84_bandas/Soil_457__84_Bandas_cubo_recorte_cuadrado_reflectancia.npy,FIRMAS/cubos/resultados_cubos_soil_bandas/Soil_457__cube_20260622_162203/2px_84_bandas/Soil_457__84_Bandas_mascara_soil.npy,1,0.7852777777777777,0.000991946517238329
458,FIRMAS/cubos/resultados_cubos_soil_bandas/Soil_458__cube_20260623_084144/2px_84_bandas/Soil_458__84_Bandas_cubo_recorte_cuadrado_reflectancia.npy,FIRMAS/cubos/resultados_cubos_soil_bandas/Soil_458__cube_20260623_084144/2px_84_bandas/Soil_458__84_Bandas_mascara_soil.npy,1,0.7852777777777777,9.966255102444865e-05
460,FIRMAS/cubos/resultados_cubos_soil_bandas/Soil_460__cube_20260624_091948/2px_84_bandas/Soil_460__84_Bandas_cubo_recorte_cuadrado_reflectancia.npy,FIRMAS/cubos/resultados_cubos_soil_bandas/Soil_460__cube_20260624_091948/2px_84_bandas/Soil_460__84_Bandas_mascara_soil.npy,1,0.6425925925925926,0.0003493664516719397
461,FIRMAS/cubos/resultados_cubos_soil_bandas/Soil_461__cube_20260623_103019/2px_84_bandas/Soil_461__84_Bandas_cubo_recorte_cuadrado_reflectancia.npy,FIRMAS/cubos/resultados_cubos_soil_bandas/Soil_461__cube_20260623_103019/2px_84_bandas/Soil_461__84_Bandas_mascara_soil.npy,1,0.7852777777777777,5.989111047477458e-05
462,FIRMAS/cubos/resultados_cubos_soil_bandas/Soil_462__cube_20260623_095112/2px_84_bandas/Soil_462__84_Bandas_cubo_recorte_cuadrado_reflectancia.npy,FIRMAS/cubos/resultados_cubos_soil_bandas/Soil_462__cube_20260623_095112/2px_84_bandas/Soil_462__84_Bandas_mascara_soil.npy,1,0.7852777777777777,0.00046509190478061235
463,FIRMAS/cubos/resultados_cubos_soil_bandas/Soil_463__cube_20260622_161028/2px_84_bandas/Soil_463__84_Bandas_cubo_recorte_cuadrado_reflectancia.npy,FIRMAS/cubos/resultados_cubos_soil_bandas/Soil_463__cube_20260622_161028/2px_84_bandas/Soil_463__84_Bandas_mascara_soil.npy,1,0.7852777777777777,0.0008585952165718336
464,FIRMAS/cubos/resultados_cubos_soil_bandas/Soil_464__cube_20260623_094331/2px_84_bandas/Soil_464__84_Bandas_cubo_recorte_cuadrado_reflectancia.npy,FIRMAS/cubos/resultados_cubos_soil_bandas/Soil_464__cube_20260623_094331/2px_84_bandas/Soil_464__84_Bandas_mascara_soil.npy,1,0.7852777777777777,0.0025313352161601133
465,FIRMAS/cubos/resultados_cubos_soil_bandas/Soil_465__cube_20260623_084234/2px_84_bandas/Soil_465__84_Bandas_cubo_recorte_cuadrado_reflectancia.npy,FIRMAS/cubos/resultados_cubos_soil_bandas/Soil_465__cube_20260623_084234/2px_84_bandas/Soil_465__84_Bandas_mascara_soil.npy,1,0.7852777777777777,9.638725592031605e-05
466,FIRMAS/cubos/resultados_cubos_soil_bandas/Soil_466__cube_20260623_102722/2px_84_bandas/Soil_466__84_Bandas_cubo_recorte_cuadrado_reflectancia.npy,FIRMAS/cubos/resultados_cubos_soil_bandas/Soil_466__cube_20260623_102722/2px_84_bandas/Soil_466__84_Bandas_mascara_soil.npy,1,0.7852777777777777,5.006522516248779e-05
467,FIRMAS/cubos/resultados_cubos_soil_bandas/Soil_467__cube_20260623_094439/2px_84_bandas/Soil_467__84_Bandas_cubo_recorte_cuadrado_reflectancia.npy,FIRMAS/cubos/resultados_cubos_soil_bandas/Soil_467__cube_20260623_094439/2px_84_bandas/Soil_467__84_Bandas_mascara_soil.npy,1,0.7852777777777777,0.00044965122786133627
468,FIRMAS/cubos/resultados_cubos_soil_bandas/Soil_468__cube_20260623_093856/2px_84_bandas/Soil_468__84_Bandas_cubo_recorte_cuadrado_reflectancia.npy,FIRMAS/cubos/resultados_cubos_soil_bandas/Soil_468__cube_20260623_093856/2px_84_bandas/Soil_468__84_Bandas_mascara_soil.npy,1,0.7852777777777777,0.0003055382432813891
469,FIRMAS/cubos/resultados_cubos_soil_bandas/Soil_469__cube_20260613_103341/2px_84_bandas/Soil_469__84_Bandas_cubo_recorte_cuadrado_reflectancia.npy,FIRMAS/cubos/resultados_cubos_soil_bandas/Soil_469__cube_20260613_103341/2px_84_bandas/Soil_469__84_Bandas_mascara_soil.npy,1,0.7852777777777777,0.0014537631269149198
470,FIRMAS/cubos/resultados_cubos_soil_bandas/Soil_470__cube_20260623_085856/2px_84_bandas/Soil_470__84_Bandas_cubo_recorte_cuadrado_reflectancia.npy,FIRMAS/cubos/resultados_cubos_soil_bandas/Soil_470__cube_20260623_085856/2px_84_bandas/Soil_470__84_Bandas_mascara_soil.npy,1,0.7852777777777777,0.0006414899411008035
471,FIRMAS/cubos/resultados_cubos_soil_bandas/Soil_471__cube_20260622_160316/2px_84_bandas/Soil_471__84_Bandas_cubo_recorte_cuadrado_reflectancia.npy,FIRMAS/cubos/resultados_cubos_soil_bandas/Soil_471__cube_20260622_160316/2px_84_bandas/Soil_471__84_Bandas_mascara_soil.npy,1,0.7189197530864198,0.0030062168687506885
472,FIRMAS/cubos/resultados_cubos_soil_bandas/Soil_472__cube_20260624_091133/2px_84_bandas/Soil_472__84_Bandas_cubo_recorte_cuadrado_reflectancia.npy,FIRMAS/cubos/resultados_cubos_soil_bandas/Soil_472__cube_20260624_091133/2px_84_bandas/Soil_472__84_Bandas_mascara_soil.npy,1,0.7852777777777777,7.767128389701838e-05
473,FIRMAS/cubos/resultados_cubos_soil_bandas/Soil_473__cube_20260623_102925/2px_84_bandas/Soil_473__84_Bandas_cubo_recorte_cuadrado_reflectancia.npy,FIRMAS/cubos/resultados_cubos_soil_bandas/Soil_473__cube_20260623_102925/2px_84_bandas/Soil_473__84_Bandas_mascara_soil.npy,1,0.7852777777777777,1.871597202340869e-05
474,FIRMAS/cubos/resultados_cubos_soil_bandas/Soil_474__cube_20260623_093555/2px_84_bandas/Soil_474__84_Bandas_cubo_recorte_cuadrado_reflectancia.npy,FIRMAS/cubos/resultados_cubos_soil_bandas/Soil_474__cube_20260623_093555/2px_84_bandas/Soil_474__84_Bandas_mascara_soil.npy,1,0.7852777777777777,1.4036979018028362e-06
475,FIRMAS/cubos/resultados_cubos_soil_bandas/Soil_475__cube_20260620_162823/2px_84_bandas/Soil_475__84_Bandas_cubo_recorte_cuadrado_reflectancia.npy,FIRMAS/cubos/resultados_cubos_soil_bandas/Soil_475__cube_20260620_162823/2px_84_bandas/Soil_475__84_Bandas_mascara_soil.npy,1,0.7852777777777777,0.0014266249674810272
476,FIRMAS/cubos/resultados_cubos_soil_bandas/Soil_476__cube_20260623_084830/2px_84_bandas/Soil_476__84_Bandas_cubo_recorte_cuadrado_reflectancia.npy,FIRMAS/cubos/resultados_cubos_soil_bandas/Soil_476__cube_20260623_084830/2px_84_bandas/Soil_476__84_Bandas_mascara_soil.npy,1,0.7852777777777777,0.0002517298237142418
477,FIRMAS/cubos/resultados_cubos_soil_bandas/Soil_477__cube_20260622_155658/2px_84_bandas/Soil_477__84_Bandas_cubo_recorte_cuadrado_reflectancia.npy,FIRMAS/cubos/resultados_cubos_soil_bandas/Soil_477__cube_20260622_155658/2px_84_bandas/Soil_477__84_Bandas_mascara_soil.npy,1,0.7852777777777777,0.0007631437592526824
478,FIRMAS/cubos/resultados_cubos_soil_bandas/Soil_478__cube_20260624_092056/2px_84_bandas/Soil_478__84_Bandas_cubo_recorte_cuadrado_reflectancia.npy,FIRMAS/cubos/resultados_cubos_soil_bandas/Soil_478__cube_20260624_092056/2px_84_bandas/Soil_478__84_Bandas_mascara_soil.npy,1,0.740216049382716,0.0006502621896860017
479,FIRMAS/cubos/resultados_cubos_soil_bandas/Soil_479__cube_20260623_103245/2px_84_bandas/Soil_479__84_Bandas_cubo_recorte_cuadrado_reflectancia.npy,FIRMAS/cubos/resultados_cubos_soil_bandas/Soil_479__cube_20260623_103245/2px_84_bandas/Soil_479__84_Bandas_mascara_soil.npy,1,0.7852777777777777,0.0002461150321072525
480,FIRMAS/cubos/resultados_cubos_soil_bandas/Soil_480__cube_20260623_095429/2px_84_bandas/Soil_480__84_Bandas_cubo_recorte_cuadrado_reflectancia.npy,FIRMAS/cubos/resultados_cubos_soil_bandas/Soil_480__cube_20260623_095429/2px_84_bandas/Soil_480__84_Bandas_mascara_soil.npy,1,0.7852777777777777,0.0016245463716281217
481,FIRMAS/cubos/resultados_cubos_soil_bandas/Soil_481__cube_20260620_162448/2px_84_bandas/Soil_481__84_Bandas_cubo_recorte_cuadrado_reflectancia.npy,FIRMAS/cubos/resultados_cubos_soil_bandas/Soil_481__cube_20260620_162448/2px_84_bandas/Soil_481__84_Bandas_mascara_soil.npy,1,0.6675617283950618,0.0014993097891059515
482,FIRMAS/cubos/resultados_cubos_soil_bandas/Soil_482__cube_20260620_162109/2px_84_bandas/Soil_482__84_Bandas_cubo_recorte_cuadrado_reflectancia.npy,FIRMAS/cubos/resultados_cubos_soil_bandas/Soil_482__cube_20260620_162109/2px_84_bandas/Soil_482__84_Bandas_mascara_soil.npy,1,0.8803703703703704,0.0008710292418748766
483,FIRMAS/cubos/resultados_cubos_soil_bandas/Soil_483__cube_20260622_160433/2px_84_bandas/Soil_483__84_Bandas_cubo_recorte_cuadrado_reflectancia.npy,FIRMAS/cubos/resultados_cubos_soil_bandas/Soil_483__cube_20260622_160433/2px_84_bandas/Soil_483__84_Bandas_mascara_soil.npy,1,0.5716666666666667,0.0005405412353906014
484,FIRMAS/cubos/resultados_cubos_soil_bandas/Soil_484__cube_20260624_092233/2px_84_bandas/Soil_484__84_Bandas_cubo_recorte_cuadrado_reflectancia.npy,FIRMAS/cubos/resultados_cubos_soil_bandas/Soil_484__cube_20260624_092233/2px_84_bandas/Soil_484__84_Bandas_mascara_soil.npy,1,0.7597222222222222,0.0005629552247468084
485,FIRMAS/cubos/resultados_cubos_soil_bandas/Soil_485__cube_20260624_090859/2px_84_bandas/Soil_485__84_Bandas_cubo_recorte_cuadrado_reflectancia.npy,FIRMAS/cubos/resultados_cubos_soil_bandas/Soil_485__cube_20260624_090859/2px_84_bandas/Soil_485__84_Bandas_mascara_soil.npy,1,0.7656172839506172,1.3437609180599885e-05
486,FIRMAS/cubos/resultados_cubos_soil_bandas/Soil_486__cube_20260624_102343/2px_84_bandas/Soil_486__84_Bandas_cubo_recorte_cuadrado_reflectancia.npy,FIRMAS/cubos/resultados_cubos_soil_bandas/Soil_486__cube_20260624_102343/2px_84_bandas/Soil_486__84_Bandas_mascara_soil.npy,1,0.4684259259259259,3.921974667142614e-06
487,FIRMAS/cubos/resultados_cubos_soil_bandas/Soil_487__cube_20260620_161554/2px_84_bandas/Soil_487__84_Bandas_cubo_recorte_cuadrado_reflectancia.npy,FIRMAS/cubos/resultados_cubos_soil_bandas/Soil_487__cube_20260620_161554/2px_84_bandas/Soil_487__84_Bandas_mascara_soil.npy,1,0.7595987654320988,0.0006825248485481383
488,FIRMAS/cubos/resultados_cubos_soil_bandas/Soil_488__cube_20260622_160540/2px_84_bandas/Soil_488__84_Bandas_cubo_recorte_cuadrado_reflectancia.npy,FIRMAS/cubos/resultados_cubos_soil_bandas/Soil_488__cube_20260622_160540/2px_84_bandas/Soil_488__84_Bandas_mascara_soil.npy,1,0.7852777777777777,0.0009980292081459563
489,FIRMAS/cubos/resultados_cubos_soil_bandas/Soil_489__cube_20260622_161906/2px_84_bandas/Soil_489__84_Bandas_cubo_recorte_cuadrado_reflectancia.npy,FIRMAS/cubos/resultados_cubos_soil_bandas/Soil_489__cube_20260622_161906/2px_84_bandas/Soil_489__84_Bandas_mascara_soil.npy,1,0.7852777777777777,0.001178638338171445
490,FIRMAS/cubos/resultados_cubos_soil_bandas/Soil_490__cube_20260624_093452/2px_84_bandas/Soil_490__84_Bandas_cubo_recorte_cuadrado_reflectancia.npy,FIRMAS/cubos/resultados_cubos_soil_bandas/Soil_490__cube_20260624_093452/2px_84_bandas/Soil_490__84_Bandas_mascara_soil.npy,1,0.9297839506172839,0.0005678719620628714
491,FIRMAS/cubos/resultados_cubos_soil_bandas/Soil_491__cube_20260623_094535/2px_84_bandas/Soil_491__84_Bandas_cubo_recorte_cuadrado_reflectancia.npy,FIRMAS/cubos/resultados_cubos_soil_bandas/Soil_491__cube_20260623_094535/2px_84_bandas/Soil_491__84_Bandas_mascara_soil.npy,1,0.7852777777777777,0.00033033690621242506
492,FIRMAS/cubos/resultados_cubos_soil_bandas/Soil_492__cube_20260623_085216/2px_84_bandas/Soil_492__84_Bandas_cubo_recorte_cuadrado_reflectancia.npy,FIRMAS/cubos/resultados_cubos_soil_bandas/Soil_492__cube_20260623_085216/2px_84_bandas/Soil_492__84_Bandas_mascara_soil.npy,1,0.7852777777777777,0.0005539927718916093
493,FIRMAS/cubos/resultados_cubos_soil_bandas/Soil_493__cube_20260623_093055/2px_84_bandas/Soil_493__84_Bandas_cubo_recorte_cuadrado_reflectancia.npy,FIRMAS/cubos/resultados_cubos_soil_bandas/Soil_493__cube_20260623_093055/2px_84_bandas/Soil_493__84_Bandas_mascara_soil.npy,1,0.7852777777777777,0.0001080847384349326
494,FIRMAS/cubos/resultados_cubos_soil_bandas/Soil_494__cube_20260622_162058/2px_84_bandas/Soil_494__84_Bandas_cubo_recorte_cuadrado_reflectancia.npy,FIRMAS/cubos/resultados_cubos_soil_bandas/Soil_494__cube_20260622_162058/2px_84_bandas/Soil_494__84_Bandas_mascara_soil.npy,1,0.7852777777777777,0.0008623384109764931
495,FIRMAS/cubos/resultados_cubos_soil_bandas/Soil_495__cube_20260620_161726/2px_84_bandas/Soil_495__84_Bandas_cubo_recorte_cuadrado_reflectancia.npy,FIRMAS/cubos/resultados_cubos_soil_bandas/Soil_495__cube_20260620_161726/2px_84_bandas/Soil_495__84_Bandas_mascara_soil.npy,1,0.8786111111111111,0.00013507703991422204
496,FIRMAS/cubos/resultados_cubos_soil_bandas/Soil_496__cube_20260624_091446/2px_84_bandas/Soil_496__84_Bandas_cubo_recorte_cuadrado_reflectancia.npy,FIRMAS/cubos/resultados_cubos_soil_bandas/Soil_496__cube_20260624_091446/2px_84_bandas/Soil_496__84_Bandas_mascara_soil.npy,1,0.7345061728395061,0.00022260774214721835
497,FIRMAS/cubos/resultados_cubos_soil_bandas/Soil_497__cube_20260623_084738/2px_84_bandas/Soil_497__84_Bandas_cubo_recorte_cuadrado_reflectancia.npy,FIRMAS/cubos/resultados_cubos_soil_bandas/Soil_497__cube_20260623_084738/2px_84_bandas/Soil_497__84_Bandas_mascara_soil.npy,1,0.7852777777777777,0.00024377553560428478
498,FIRMAS/cubos/resultados_cubos_soil_bandas/Soil_498__cube_20260623_105130/2px_84_bandas/Soil_498__84_Bandas_cubo_recorte_cuadrado_reflectancia.npy,FIRMAS/cubos/resultados_cubos_soil_bandas/Soil_498__cube_20260623_105130/2px_84_bandas/Soil_498__84_Bandas_mascara_soil.npy,1,0.7852777777777777,0.0009900749200359993
499,FIRMAS/cubos/resultados_cubos_soil_bandas/Soil_499__cube_20260624_092747/2px_84_bandas/Soil_499__84_Bandas_cubo_recorte_cuadrado_reflectancia.npy,FIRMAS/cubos/resultados_cubos_soil_bandas/Soil_499__cube_20260624_092747/2px_84_bandas/Soil_499__84_Bandas_mascara_soil.npy,1,0.8923148148148148,0.0005101864342291762
500,FIRMAS/cubos/resultados_cubos_soil_bandas/Soil_500__cube_20260624_093048/2px_84_bandas/Soil_500__84_Bandas_cubo_recorte_cuadrado_reflectancia.npy,FIRMAS/cubos/resultados_cubos_soil_bandas/Soil_500__cube_20260624_093048/2px_84_bandas/Soil_500__84_Bandas_mascara_soil.npy,1,0.7673765432098766,0.0008379251632277818
501,FIRMAS/cubos/resultados_cubos_soil_bandas/Soil_501__cube_20260619_164641/2px_84_bandas/Soil_501__84_Bandas_cubo_recorte_cuadrado_reflectancia.npy,FIRMAS/cubos/resultados_cubos_soil_bandas/Soil_501__cube_20260619_164641/2px_84_bandas/Soil_501__84_Bandas_mascara_soil.npy,1,0.5117901234567901,3.661457346171293e-05
502,FIRMAS/cubos/resultados_cubos_soil_bandas/Soil_502__cube_20260708_153310/2px_84_bandas/Soil_502__84_Bandas_cubo_recorte_cuadrado_reflectancia.npy,FIRMAS/cubos/resultados_cubos_soil_bandas/Soil_502__cube_20260708_153310/2px_84_bandas/Soil_502__84_Bandas_mascara_soil.npy,1,0.7852777777777777,0.0008838617788033964
503,FIRMAS/cubos/resultados_cubos_soil_bandas/Soil_503__cube_20260620_113355/2px_84_bandas/Soil_503__84_Bandas_cubo_recorte_cuadrado_reflectancia.npy,FIRMAS/cubos/resultados_cubos_soil_bandas/Soil_503__cube_20260620_113355/2px_84_bandas/Soil_503__84_Bandas_mascara_soil.npy,1,0.9215432098765433,0.0004015036250952786
504,FIRMAS/cubos/resultados_cubos_soil_bandas/Soil_504__cube_20260620_104858/2px_84_bandas/Soil_504__84_Bandas_cubo_recorte_cuadrado_reflectancia.npy,FIRMAS/cubos/resultados_cubos_soil_bandas/Soil_504__cube_20260620_104858/2px_84_bandas/Soil_504__84_Bandas_mascara_soil.npy,1,0.7852777777777777,0.0005521211746892796
505,FIRMAS/cubos/resultados_cubos_soil_bandas/Soil_505__cube_20260620_092432/2px_84_bandas/Soil_505__84_Bandas_cubo_recorte_cuadrado_reflectancia.npy,FIRMAS/cubos/resultados_cubos_soil_bandas/Soil_505__cube_20260620_092432/2px_84_bandas/Soil_505__84_Bandas_mascara_soil.npy,1,0.681358024691358,0.0008811551437026832
506,FIRMAS/cubos/resultados_cubos_soil_bandas/Soil_506__cube_20260620_113917/2px_84_bandas/Soil_506__84_Bandas_cubo_recorte_cuadrado_reflectancia.npy,FIRMAS/cubos/resultados_cubos_soil_bandas/Soil_506__cube_20260620_113917/2px_84_bandas/Soil_506__84_Bandas_mascara_soil.npy,1,0.8108333333333333,0.000323550683262952
507,FIRMAS/cubos/resultados_cubos_soil_bandas/Soil_507__cube_20260620_151207/2px_84_bandas/Soil_507__84_Bandas_cubo_recorte_cuadrado_reflectancia.npy,FIRMAS/cubos/resultados_cubos_soil_bandas/Soil_507__cube_20260620_151207/2px_84_bandas/Soil_507__84_Bandas_mascara_soil.npy,1,0.7852777777777777,0.00117021615076085
508,FIRMAS/cubos/resultados_cubos_soil_bandas/Soil_508__cube_20260620_113635/2px_84_bandas/Soil_508__84_Bandas_cubo_recorte_cuadrado_reflectancia.npy,FIRMAS/cubos/resultados_cubos_soil_bandas/Soil_508__cube_20260620_113635/2px_84_bandas/Soil_508__84_Bandas_mascara_soil.npy,1,0.6791049382716049,0.0037971012610834576
509,FIRMAS/cubos/resultados_cubos_soil_bandas/Soil_509__cube_20260620_161123/2px_84_bandas/Soil_509__84_Bandas_cubo_recorte_cuadrado_reflectancia.npy,FIRMAS/cubos/resultados_cubos_soil_bandas/Soil_509__cube_20260620_161123/2px_84_bandas/Soil_509__84_Bandas_mascara_soil.npy,1,0.47759259259259257,0.002412649174960202
510,FIRMAS/cubos/resultados_cubos_soil_bandas/Soil_510__cube_20260620_103832/2px_84_bandas/Soil_510__84_Bandas_cubo_recorte_cuadrado_reflectancia.npy,FIRMAS/cubos/resultados_cubos_soil_bandas/Soil_510__cube_20260620_103832/2px_84_bandas/Soil_510__84_Bandas_mascara_soil.npy,1,0.7852777777777777,0.00028448277475512374
511,FIRMAS/cubos/resultados_cubos_soil_bandas/Soil_511__cube_20260619_164455/2px_84_bandas/Soil_511__84_Bandas_cubo_recorte_cuadrado_reflectancia.npy,FIRMAS/cubos/resultados_cubos_soil_bandas/Soil_511__cube_20260619_164455/2px_84_bandas/Soil_511__84_Bandas_mascara_soil.npy,1,0.543179012345679,0.0002489318927753059
512,FIRMAS/cubos/resultados_cubos_soil_bandas/Soil_512__cube_20260620_092210/2px_84_bandas/Soil_512__84_Bandas_cubo_recorte_cuadrado_reflectancia.npy,FIRMAS/cubos/resultados_cubos_soil_bandas/Soil_512__cube_20260620_092210/2px_84_bandas/Soil_512__84_Bandas_mascara_soil.npy,1,0.4512962962962963,0.0007693885925318389
513,FIRMAS/cubos/resultados_cubos_soil_bandas/Soil_513__cube_20260620_145548/2px_84_bandas/Soil_513__84_Bandas_cubo_recorte_cuadrado_reflectancia.npy,FIRMAS/cubos/resultados_cubos_soil_bandas/Soil_513__cube_20260620_145548/2px_84_bandas/Soil_513__84_Bandas_mascara_soil.npy,1,0.7852777777777777,0.0005179645257465948
514,FIRMAS/cubos/resultados_cubos_soil_bandas/Soil_514__cube_20260620_163312/2px_84_bandas/Soil_514__84_Bandas_cubo_recorte_cuadrado_reflectancia.npy,FIRMAS/cubos/resultados_cubos_soil_bandas/Soil_514__cube_20260620_163312/2px_84_bandas/Soil_514__84_Bandas_mascara_soil.npy,1,0.3300925925925926,0.0010863999643803135
515,FIRMAS/cubos/resultados_cubos_soil_bandas/Soil_515__cube_20260620_105134/2px_84_bandas/Soil_515__84_Bandas_cubo_recorte_cuadrado_reflectancia.npy,FIRMAS/cubos/resultados_cubos_soil_bandas/Soil_515__cube_20260620_105134/2px_84_bandas/Soil_515__84_Bandas_mascara_soil.npy,1,0.7852777777777777,0.0007715659466632774
516,FIRMAS/cubos/resultados_cubos_soil_bandas/Soil_516__cube_20260620_113512/2px_84_bandas/Soil_516__84_Bandas_cubo_recorte_cuadrado_reflectancia.npy,FIRMAS/cubos/resultados_cubos_soil_bandas/Soil_516__cube_20260620_113512/2px_84_bandas/Soil_516__84_Bandas_mascara_soil.npy,1,0.4016975308641975,0.0004994237418363134
517,FIRMAS/cubos/resultados_cubos_soil_bandas/Soil_517__cube_20260620_114843/2px_84_bandas/Soil_517__84_Bandas_cubo_recorte_cuadrado_reflectancia.npy,FIRMAS/cubos/resultados_cubos_soil_bandas/Soil_517__cube_20260620_114843/2px_84_bandas/Soil_517__84_Bandas_mascara_soil.npy,1,0.7852777777777777,0.0008684211018841204
518,FIRMAS/cubos/resultados_cubos_soil_bandas/Soil_518__cube_20260620_114313/2px_84_bandas/Soil_518__84_Bandas_cubo_recorte_cuadrado_reflectancia.npy,FIRMAS/cubos/resultados_cubos_soil_bandas/Soil_518__cube_20260620_114313/2px_84_bandas/Soil_518__84_Bandas_mascara_soil.npy,1,0.6430555555555556,0.00033997280217579195
519,FIRMAS/cubos/resultados_cubos_soil_bandas/Soil_519__cube_20260620_150959/2px_84_bandas/Soil_519__84_Bandas_cubo_recorte_cuadrado_reflectancia.npy,FIRMAS/cubos/resultados_cubos_soil_bandas/Soil_519__cube_20260620_150959/2px_84_bandas/Soil_519__84_Bandas_mascara_soil.npy,1,0.7588271604938271,0.0017145839870154056
520,FIRMAS/cubos/resultados_cubos_soil_bandas/Soil_520__cube_20260620_145031/2px_84_bandas/Soil_520__84_Bandas_cubo_recorte_cuadrado_reflectancia.npy,FIRMAS/cubos/resultados_cubos_soil_bandas/Soil_520__cube_20260620_145031/2px_84_bandas/Soil_520__84_Bandas_mascara_soil.npy,1,0.7852777777777777,0.0005296620082612113
521,FIRMAS/cubos/resultados_cubos_soil_bandas/Soil_521__cube_20260613_102850/2px_84_bandas/Soil_521__84_Bandas_cubo_recorte_cuadrado_reflectancia.npy,FIRMAS/cubos/resultados_cubos_soil_bandas/Soil_521__cube_20260613_102850/2px_84_bandas/Soil_521__84_Bandas_mascara_soil.npy,1,0.7506481481481482,0.0013074141296665065
522,FIRMAS/cubos/resultados_cubos_soil_bandas/Soil_522__cube_20260620_161335/2px_84_bandas/Soil_522__84_Bandas_cubo_recorte_cuadrado_reflectancia.npy,FIRMAS/cubos/resultados_cubos_soil_bandas/Soil_522__cube_20260620_161335/2px_84_bandas/Soil_522__84_Bandas_mascara_soil.npy,1,0.6605246913580247,0.00020582037777494566
523,FIRMAS/cubos/resultados_cubos_soil_bandas/Soil_523__cube_20260620_145129/2px_84_bandas/Soil_523__84_Bandas_cubo_recorte_cuadrado_reflectancia.npy,FIRMAS/cubos/resultados_cubos_soil_bandas/Soil_523__cube_20260620_145129/2px_84_bandas/Soil_523__84_Bandas_mascara_soil.npy,1,0.24546296296296297,0.0019998443234957586
524,FIRMAS/cubos/resultados_cubos_soil_bandas/Soil_524__cube_20260620_163520/2px_84_bandas/Soil_524__84_Bandas_cubo_recorte_cuadrado_reflectancia.npy,FIRMAS/cubos/resultados_cubos_soil_bandas/Soil_524__cube_20260620_163520/2px_84_bandas/Soil_524__84_Bandas_mascara_soil.npy,1,0.4825,0.0010798280804037441
525,FIRMAS/cubos/resultados_cubos_soil_bandas/Soil_525__cube_20260620_114435/2px_84_bandas/Soil_525__84_Bandas_cubo_recorte_cuadrado_reflectancia.npy,FIRMAS/cubos/resultados_cubos_soil_bandas/Soil_525__cube_20260620_114435/2px_84_bandas/Soil_525__84_Bandas_mascara_soil.npy,1,0.78,0.0005695179306290932
526,FIRMAS/cubos/resultados_cubos_soil_bandas/Soil_526__cube_20260620_163417/2px_84_bandas/Soil_526__84_Bandas_cubo_recorte_cuadrado_reflectancia.npy,FIRMAS/cubos/resultados_cubos_soil_bandas/Soil_526__cube_20260620_163417/2px_84_bandas/Soil_526__84_Bandas_mascara_soil.npy,1,0.46108024691358024,0.0008630334790050709
527,FIRMAS/cubos/resultados_cubos_soil_bandas/Soil_527__cube_20260620_115107/2px_84_bandas/Soil_527__84_Bandas_cubo_recorte_cuadrado_reflectancia.npy,FIRMAS/cubos/resultados_cubos_soil_bandas/Soil_527__cube_20260620_115107/2px_84_bandas/Soil_527__84_Bandas_mascara_soil.npy,1,0.7852777777777777,0.0009414133927753143
528,FIRMAS/cubos/resultados_cubos_soil_bandas/Soil_528__cube_20260619_164829/2px_84_bandas/Soil_528__84_Bandas_cubo_recorte_cuadrado_reflectancia.npy,FIRMAS/cubos/resultados_cubos_soil_bandas/Soil_528__cube_20260619_164829/2px_84_bandas/Soil_528__84_Bandas_mascara_soil.npy,1,0.5615123456790123,0.00041290082789557925
529,FIRMAS/cubos/resultados_cubos_soil_bandas/Soil_529__cube_20260620_115437/2px_84_bandas/Soil_529__84_Bandas_cubo_recorte_cuadrado_reflectancia.npy,FIRMAS/cubos/resultados_cubos_soil_bandas/Soil_529__cube_20260620_115437/2px_84_bandas/Soil_529__84_Bandas_mascara_soil.npy,1,0.7852777777777777,0.0011248299186041866
530,FIRMAS/cubos/resultados_cubos_soil_bandas/Soil_530__cube_20260620_093504/2px_84_bandas/Soil_530__84_Bandas_cubo_recorte_cuadrado_reflectancia.npy,FIRMAS/cubos/resultados_cubos_soil_bandas/Soil_530__cube_20260620_093504/2px_84_bandas/Soil_530__84_Bandas_mascara_soil.npy,1,0.5174382716049383,0.0015891951770269364
531,FIRMAS/cubos/resultados_cubos_soil_bandas/Soil_531__cube_20260620_115323/2px_84_bandas/Soil_531__84_Bandas_cubo_recorte_cuadrado_reflectancia.npy,FIRMAS/cubos/resultados_cubos_soil_bandas/Soil_531__cube_20260620_115323/2px_84_bandas/Soil_531__84_Bandas_mascara_soil.npy,1,0.7852777777777777,0.0010527734263142685
532,FIRMAS/cubos/resultados_cubos_soil_bandas/Soil_532__cube_20260620_150631/2px_84_bandas/Soil_532__84_Bandas_cubo_recorte_cuadrado_reflectancia.npy,FIRMAS/cubos/resultados_cubos_soil_bandas/Soil_532__cube_20260620_150631/2px_84_bandas/Soil_532__84_Bandas_mascara_soil.npy,1,0.7852777777777777,0.000847365633357855
533,FIRMAS/cubos/resultados_cubos_soil_bandas/Soil_533__cube_20260620_145233/2px_84_bandas/Soil_533__84_Bandas_cubo_recorte_cuadrado_reflectancia.npy,FIRMAS/cubos/resultados_cubos_soil_bandas/Soil_533__cube_20260620_145233/2px_84_bandas/Soil_533__84_Bandas_mascara_soil.npy,1,0.7852777777777777,8.094657900103996e-05
534,FIRMAS/cubos/resultados_cubos_soil_bandas/Soil_534__cube_20260620_104451/2px_84_bandas/Soil_534__84_Bandas_cubo_recorte_cuadrado_reflectancia.npy,FIRMAS/cubos/resultados_cubos_soil_bandas/Soil_534__cube_20260620_104451/2px_84_bandas/Soil_534__84_Bandas_mascara_soil.npy,1,0.4804938271604938,0.0002645842509665375
535,FIRMAS/cubos/resultados_cubos_soil_bandas/Soil_535__cube_20260620_091237/2px_84_bandas/Soil_535__84_Bandas_cubo_recorte_cuadrado_reflectancia.npy,FIRMAS/cubos/resultados_cubos_soil_bandas/Soil_535__cube_20260620_091237/2px_84_bandas/Soil_535__84_Bandas_mascara_soil.npy,1,0.7852777777777777,0.006122462348143287
536,FIRMAS/cubos/resultados_cubos_soil_bandas/Soil_536__cube_20260620_161226/2px_84_bandas/Soil_536__84_Bandas_cubo_recorte_cuadrado_reflectancia.npy,FIRMAS/cubos/resultados_cubos_soil_bandas/Soil_536__cube_20260620_161226/2px_84_bandas/Soil_536__84_Bandas_mascara_soil.npy,1,0.6075,0.0003725719317854148
538,FIRMAS/cubos/resultados_cubos_soil_bandas/Soil_538__cube_20260620_150108/2px_84_bandas/Soil_538__84_Bandas_cubo_recorte_cuadrado_reflectancia.npy,FIRMAS/cubos/resultados_cubos_soil_bandas/Soil_538__cube_20260620_150108/2px_84_bandas/Soil_538__84_Bandas_mascara_soil.npy,1,0.7852777777777777,0.0005680297509090826
539,FIRMAS/cubos/resultados_cubos_soil_bandas/Soil_539__cube_20260620_091930/2px_84_bandas/Soil_539__84_Bandas_cubo_recorte_cuadrado_reflectancia.npy,FIRMAS/cubos/resultados_cubos_soil_bandas/Soil_539__cube_20260620_091930/2px_84_bandas/Soil_539__84_Bandas_mascara_soil.npy,1,0.7852777777777777,0.0005633507579032582
540,FIRMAS/cubos/resultados_cubos_soil_bandas/Soil_540__cube_20260619_165520/2px_84_bandas/Soil_540__84_Bandas_cubo_recorte_cuadrado_reflectancia.npy,FIRMAS/cubos/resultados_cubos_soil_bandas/Soil_540__cube_20260619_165520/2px_84_bandas/Soil_540__84_Bandas_mascara_soil.npy,1,0.44549382716049385,0.0006820866076789889
541,FIRMAS/cubos/resultados_cubos_soil_bandas/Soil_541__cube_20260620_150325/2px_84_bandas/Soil_541__84_Bandas_cubo_recorte_cuadrado_reflectancia.npy,FIRMAS/cubos/resultados_cubos_soil_bandas/Soil_541__cube_20260620_150325/2px_84_bandas/Soil_541__84_Bandas_mascara_soil.npy,1,0.7852777777777777,0.0018121739911622914
542,FIRMAS/cubos/resultados_cubos_soil_bandas/Soil_542__cube_20260620_091816/2px_84_bandas/Soil_542__84_Bandas_cubo_recorte_cuadrado_reflectancia.npy,FIRMAS/cubos/resultados_cubos_soil_bandas/Soil_542__cube_20260620_091816/2px_84_bandas/Soil_542__84_Bandas_mascara_soil.npy,1,0.7852777777777777,0.0005320015047641791
543,FIRMAS/cubos/resultados_cubos_soil_bandas/Soil_543__cube_20260620_150738/2px_84_bandas/Soil_543__84_Bandas_cubo_recorte_cuadrado_reflectancia.npy,FIRMAS/cubos/resultados_cubos_soil_bandas/Soil_543__cube_20260620_150738/2px_84_bandas/Soil_543__84_Bandas_mascara_soil.npy,1,0.7852777777777777,0.0013433388919770195
544,FIRMAS/cubos/resultados_cubos_soil_bandas/Soil_544__cube_20260620_161033/2px_84_bandas/Soil_544__84_Bandas_cubo_recorte_cuadrado_reflectancia.npy,FIRMAS/cubos/resultados_cubos_soil_bandas/Soil_544__cube_20260620_161033/2px_84_bandas/Soil_544__84_Bandas_mascara_soil.npy,1,0.7852777777777777,0.000161425258701553
545,FIRMAS/cubos/resultados_cubos_soil_bandas/Soil_545__cube_20260620_103614/2px_84_bandas/Soil_545__84_Bandas_cubo_recorte_cuadrado_reflectancia.npy,FIRMAS/cubos/resultados_cubos_soil_bandas/Soil_545__cube_20260620_103614/2px_84_bandas/Soil_545__84_Bandas_mascara_soil.npy,1,0.5429012345679012,0.00010287230298600125
546,FIRMAS/cubos/resultados_cubos_soil_bandas/Soil_546__cube_20260620_103455/2px_84_bandas/Soil_546__84_Bandas_cubo_recorte_cuadrado_reflectancia.npy,FIRMAS/cubos/resultados_cubos_soil_bandas/Soil_546__cube_20260620_103455/2px_84_bandas/Soil_546__84_Bandas_mascara_soil.npy,1,0.7852777777777777,0.0005535248725909714
547,FIRMAS/cubos/resultados_cubos_soil_bandas/Soil_547__cube_20260620_150221/2px_84_bandas/Soil_547__84_Bandas_cubo_recorte_cuadrado_reflectancia.npy,FIRMAS/cubos/resultados_cubos_soil_bandas/Soil_547__cube_20260620_150221/2px_84_bandas/Soil_547__84_Bandas_mascara_soil.npy,1,0.7852777777777777,0.001105646047280251
548,FIRMAS/cubos/resultados_cubos_soil_bandas/Soil_548__cube_20260620_115804/2px_84_bandas/Soil_548__84_Bandas_cubo_recorte_cuadrado_reflectancia.npy,FIRMAS/cubos/resultados_cubos_soil_bandas/Soil_548__cube_20260620_115804/2px_84_bandas/Soil_548__84_Bandas_mascara_soil.npy,1,0.7852777777777777,0.0009676157536079311
549,FIRMAS/cubos/resultados_cubos_soil_bandas/Soil_549__cube_20260620_162959/2px_84_bandas/Soil_549__84_Bandas_cubo_recorte_cuadrado_reflectancia.npy,FIRMAS/cubos/resultados_cubos_soil_bandas/Soil_549__cube_20260620_162959/2px_84_bandas/Soil_549__84_Bandas_mascara_soil.npy,1,0.3812037037037037,0.0014689383161571312
550,FIRMAS/cubos/resultados_cubos_soil_bandas/Soil_550__cube_20260620_145946/2px_84_bandas/Soil_550__84_Bandas_cubo_recorte_cuadrado_reflectancia.npy,FIRMAS/cubos/resultados_cubos_soil_bandas/Soil_550__cube_20260620_145946/2px_84_bandas/Soil_550__84_Bandas_mascara_soil.npy,1,0.7852777777777777,0.0008904123690115506
551,FIRMAS/cubos/resultados_cubos_soil_bandas/Soil_551__cube_20260620_145444/2px_84_bandas/Soil_551__84_Bandas_cubo_recorte_cuadrado_reflectancia.npy,FIRMAS/cubos/resultados_cubos_soil_bandas/Soil_551__cube_20260620_145444/2px_84_bandas/Soil_551__84_Bandas_mascara_soil.npy,1,0.7852777777777777,0.00029898765307323494
552,FIRMAS/cubos/resultados_cubos_soil_bandas/Soil_552__cube_20260620_145337/2px_84_bandas/Soil_552__84_Bandas_cubo_recorte_cuadrado_reflectancia.npy,FIRMAS/cubos/resultados_cubos_soil_bandas/Soil_552__cube_20260620_145337/2px_84_bandas/Soil_552__84_Bandas_mascara_soil.npy,1,0.7852777777777777,0.00025360142091657156
553,FIRMAS/cubos/resultados_cubos_soil_bandas/Soil_553__cube_20260620_163116/2px_84_bandas/Soil_553__84_Bandas_cubo_recorte_cuadrado_reflectancia.npy,FIRMAS/cubos/resultados_cubos_soil_bandas/Soil_553__cube_20260620_163116/2px_84_bandas/Soil_553__84_Bandas_mascara_soil.npy,1,0.624537037037037,0.0015243507830609015
554,FIRMAS/cubos/resultados_cubos_soil_bandas/Soil_554__cube_20260620_145712/2px_84_bandas/Soil_554__84_Bandas_cubo_recorte_cuadrado_reflectancia.npy,FIRMAS/cubos/resultados_cubos_soil_bandas/Soil_554__cube_20260620_145712/2px_84_bandas/Soil_554__84_Bandas_mascara_soil.npy,1,0.4761111111111111,0.0009584930821803228
555,FIRMAS/cubos/resultados_cubos_soil_bandas/Soil_555__cube_20260620_104604/2px_84_bandas/Soil_555__84_Bandas_cubo_recorte_cuadrado_reflectancia.npy,FIRMAS/cubos/resultados_cubos_soil_bandas/Soil_555__cube_20260620_104604/2px_84_bandas/Soil_555__84_Bandas_mascara_soil.npy,1,0.3799074074074074,0.0006828143557365829
556,FIRMAS/cubos/resultados_cubos_soil_bandas/Soil_556__cube_20260620_093006/2px_84_bandas/Soil_556__84_Bandas_cubo_recorte_cuadrado_reflectancia.npy,FIRMAS/cubos/resultados_cubos_soil_bandas/Soil_556__cube_20260620_093006/2px_84_bandas/Soil_556__84_Bandas_mascara_soil.npy,1,0.7852777777777777,0.0021490614875828706
557,FIRMAS/cubos/resultados_cubos_soil_bandas/Soil_557__cube_20260620_114735/2px_84_bandas/Soil_557__84_Bandas_cubo_recorte_cuadrado_reflectancia.npy,FIRMAS/cubos/resultados_cubos_soil_bandas/Soil_557__cube_20260620_114735/2px_84_bandas/Soil_557__84_Bandas_mascara_soil.npy,1,0.4130864197530864,0.001183894059715973
558,FIRMAS/cubos/resultados_cubos_soil_bandas/Soil_558__cube_20260618_092357/2px_84_bandas/Soil_558__84_Bandas_cubo_recorte_cuadrado_reflectancia.npy,FIRMAS/cubos/resultados_cubos_soil_bandas/Soil_558__cube_20260618_092357/2px_84_bandas/Soil_558__84_Bandas_mascara_soil.npy,1,0.7852777777777777,0.00021429787966753544
559,FIRMAS/cubos/resultados_cubos_soil_bandas/Soil_559__cube_20260619_153030/2px_84_bandas/Soil_559__84_Bandas_cubo_recorte_cuadrado_reflectancia.npy,FIRMAS/cubos/resultados_cubos_soil_bandas/Soil_559__cube_20260619_153030/2px_84_bandas/Soil_559__84_Bandas_mascara_soil.npy,1,0.7852777777777777,0.0002793358824487724
560,FIRMAS/cubos/resultados_cubos_soil_bandas/Soil_560__cube_20260620_114605/2px_84_bandas/Soil_560__84_Bandas_cubo_recorte_cuadrado_reflectancia.npy,FIRMAS/cubos/resultados_cubos_soil_bandas/Soil_560__cube_20260620_114605/2px_84_bandas/Soil_560__84_Bandas_mascara_soil.npy,1,0.43666666666666665,0.000984490488307288
561,FIRMAS/cubos/resultados_cubos_soil_bandas/Soil_561__cube_20260620_114158/2px_84_bandas/Soil_561__84_Bandas_cubo_recorte_cuadrado_reflectancia.npy,FIRMAS/cubos/resultados_cubos_soil_bandas/Soil_561__cube_20260620_114158/2px_84_bandas/Soil_561__84_Bandas_mascara_soil.npy,1,0.7852777777777777,0.0003687046488602963
562,FIRMAS/cubos/resultados_cubos_soil_bandas/Soil_562__cube_20260618_092815/2px_84_bandas/Soil_562__84_Bandas_cubo_recorte_cuadrado_reflectancia.npy,FIRMAS/cubos/resultados_cubos_soil_bandas/Soil_562__cube_20260618_092815/2px_84_bandas/Soil_562__84_Bandas_mascara_soil.npy,1,0.7852777777777777,0.0
563,FIRMAS/cubos/resultados_cubos_soil_bandas/Soil_563__cube_20260619_165340/2px_84_bandas/Soil_563__84_Bandas_cubo_recorte_cuadrado_reflectancia.npy,FIRMAS/cubos/resultados_cubos_soil_bandas/Soil_563__cube_20260619_165340/2px_84_bandas/Soil_563__84_Bandas_mascara_soil.npy,1,0.7852777777777777,0.0004000539019993754
564,FIRMAS/cubos/resultados_cubos_soil_bandas/Soil_564__cube_20260620_093401/2px_84_bandas/Soil_564__84_Bandas_cubo_recorte_cuadrado_reflectancia.npy,FIRMAS/cubos/resultados_cubos_soil_bandas/Soil_564__cube_20260620_093401/2px_84_bandas/Soil_564__84_Bandas_mascara_soil.npy,1,0.7852777777777777,0.0015543614765404223
565,FIRMAS/cubos/resultados_cubos_soil_bandas/Soil_565__cube_20260620_092323/2px_84_bandas/Soil_565__84_Bandas_cubo_recorte_cuadrado_reflectancia.npy,FIRMAS/cubos/resultados_cubos_soil_bandas/Soil_565__cube_20260620_092323/2px_84_bandas/Soil_565__84_Bandas_mascara_soil.npy,1,0.7852777777777777,0.0015683984555580066
566,FIRMAS/cubos/resultados_cubos_soil_bandas/Soil_566__cube_20260619_165158/2px_84_bandas/Soil_566__84_Bandas_cubo_recorte_cuadrado_reflectancia.npy,FIRMAS/cubos/resultados_cubos_soil_bandas/Soil_566__cube_20260619_165158/2px_84_bandas/Soil_566__84_Bandas_mascara_soil.npy,1,0.7852777777777777,0.0010583882179212578
567,FIRMAS/cubos/resultados_cubos_soil_bandas/Soil_567__cube_20260620_091130/2px_84_bandas/Soil_567__84_Bandas_cubo_recorte_cuadrado_reflectancia.npy,FIRMAS/cubos/resultados_cubos_soil_bandas/Soil_567__cube_20260620_091130/2px_84_bandas/Soil_567__84_Bandas_mascara_soil.npy,1,0.7852777777777777,0.0003092814376861597
568,FIRMAS/cubos/resultados_cubos_soil_bandas/Soil_568__cube_20260619_164410/2px_84_bandas/Soil_568__84_Bandas_cubo_recorte_cuadrado_reflectancia.npy,FIRMAS/cubos/resultados_cubos_soil_bandas/Soil_568__cube_20260619_164410/2px_84_bandas/Soil_568__84_Bandas_mascara_soil.npy,1,0.7852777777777777,0.00024003234119962524
569,FIRMAS/cubos/resultados_cubos_soil_bandas/Soil_569__cube_20260620_103936/2px_84_bandas/Soil_569__84_Bandas_cubo_recorte_cuadrado_reflectancia.npy,FIRMAS/cubos/resultados_cubos_soil_bandas/Soil_569__cube_20260620_103936/2px_84_bandas/Soil_569__84_Bandas_mascara_soil.npy,1,0.5568827160493827,7.917593684902968e-06
570,FIRMAS/cubos/resultados_cubos_soil_bandas/Soil_570__cube_20260620_105453/2px_84_bandas/Soil_570__84_Bandas_cubo_recorte_cuadrado_reflectancia.npy,FIRMAS/cubos/resultados_cubos_soil_bandas/Soil_570__cube_20260620_105453/2px_84_bandas/Soil_570__84_Bandas_mascara_soil.npy,1,0.7852777777777777,0.0009446886878793359
571,FIRMAS/cubos/resultados_cubos_soil_bandas/Soil_571__cube_20260620_104342/2px_84_bandas/Soil_571__84_Bandas_cubo_recorte_cuadrado_reflectancia.npy,FIRMAS/cubos/resultados_cubos_soil_bandas/Soil_571__cube_20260620_104342/2px_84_bandas/Soil_571__84_Bandas_mascara_soil.npy,1,0.4821604938271605,0.0034642841901835197
572,FIRMAS/cubos/resultados_cubos_soil_bandas/Soil_572__cube_20260620_105341/2px_84_bandas/Soil_572__84_Bandas_cubo_recorte_cuadrado_reflectancia.npy,FIRMAS/cubos/resultados_cubos_soil_bandas/Soil_572__cube_20260620_105341/2px_84_bandas/Soil_572__84_Bandas_mascara_soil.npy,1,0.7852777777777777,0.0006157554795687137
573,FIRMAS/cubos/resultados_cubos_soil_bandas/Soil_573__cube_20260613_153720/2px_84_bandas/Soil_573__84_Bandas_cubo_recorte_cuadrado_reflectancia.npy,FIRMAS/cubos/resultados_cubos_soil_bandas/Soil_573__cube_20260613_153720/2px_84_bandas/Soil_573__84_Bandas_mascara_soil.npy,1,0.7871604938271605,0.0014624223277768245
574,FIRMAS/cubos/resultados_cubos_soil_bandas/Soil_574__cube_20260619_165755/2px_84_bandas/Soil_574__84_Bandas_cubo_recorte_cuadrado_reflectancia.npy,FIRMAS/cubos/resultados_cubos_soil_bandas/Soil_574__cube_20260619_165755/2px_84_bandas/Soil_574__84_Bandas_mascara_soil.npy,1,0.7852777777777777,0.0012048406990041727
575,FIRMAS/cubos/resultados_cubos_soil_bandas/Soil_575__cube_20260618_092456/2px_84_bandas/Soil_575__84_Bandas_cubo_recorte_cuadrado_reflectancia.npy,FIRMAS/cubos/resultados_cubos_soil_bandas/Soil_575__cube_20260618_092456/2px_84_bandas/Soil_575__84_Bandas_mascara_soil.npy,1,0.7852777777777777,0.0002943086600674105
576,FIRMAS/cubos/resultados_cubos_soil_bandas/Soil_576__cube_20260619_152933/2px_84_bandas/Soil_576__84_Bandas_cubo_recorte_cuadrado_reflectancia.npy,FIRMAS/cubos/resultados_cubos_soil_bandas/Soil_576__cube_20260619_152933/2px_84_bandas/Soil_576__84_Bandas_mascara_soil.npy,1,0.7852777777777777,0.000258280413922396
577,FIRMAS/cubos/resultados_cubos_soil_bandas/Soil_577__cube_20260620_105712/2px_84_bandas/Soil_577__84_Bandas_cubo_recorte_cuadrado_reflectancia.npy,FIRMAS/cubos/resultados_cubos_soil_bandas/Soil_577__cube_20260620_105712/2px_84_bandas/Soil_577__84_Bandas_mascara_soil.npy,1,0.7852777777777777,0.0009287801116595329
578,FIRMAS/cubos/resultados_cubos_soil_bandas/Soil_578__cube_20260619_153508/2px_84_bandas/Soil_578__84_Bandas_cubo_recorte_cuadrado_reflectancia.npy,FIRMAS/cubos/resultados_cubos_soil_bandas/Soil_578__cube_20260619_153508/2px_84_bandas/Soil_578__84_Bandas_mascara_soil.npy,1,0.7852777777777777,0.0009886712221343075
579,FIRMAS/cubos/resultados_cubos_soil_bandas/Soil_579__cube_20260620_092846/2px_84_bandas/Soil_579__84_Bandas_cubo_recorte_cuadrado_reflectancia.npy,FIRMAS/cubos/resultados_cubos_soil_bandas/Soil_579__cube_20260620_092846/2px_84_bandas/Soil_579__84_Bandas_mascara_soil.npy,1,0.7852777777777777,0.001597408212194229
580,FIRMAS/cubos/resultados_cubos_soil_bandas/Soil_580__cube_20260620_105559/2px_84_bandas/Soil_580__84_Bandas_cubo_recorte_cuadrado_reflectancia.npy,FIRMAS/cubos/resultados_cubos_soil_bandas/Soil_580__cube_20260620_105559/2px_84_bandas/Soil_580__84_Bandas_mascara_soil.npy,1,0.7852777777777777,0.0008164842795193028
581,FIRMAS/cubos/resultados_cubos_soil_bandas/Soil_581__cube_20260620_091356/2px_84_bandas/Soil_581__84_Bandas_cubo_recorte_cuadrado_reflectancia.npy,FIRMAS/cubos/resultados_cubos_soil_bandas/Soil_581__cube_20260620_091356/2px_84_bandas/Soil_581__84_Bandas_mascara_soil.npy,1,0.509753086419753,8.577540970367004e-05
582,FIRMAS/cubos/resultados_cubos_soil_bandas/Soil_582__cube_20260620_115700/2px_84_bandas/Soil_582__84_Bandas_cubo_recorte_cuadrado_reflectancia.npy,FIRMAS/cubos/resultados_cubos_soil_bandas/Soil_582__cube_20260620_115700/2px_84_bandas/Soil_582__84_Bandas_mascara_soil.npy,1,0.7852777777777777,0.0009287801116595329
583,FIRMAS/cubos/resultados_cubos_soil_bandas/Soil_583__cube_20260619_165431/2px_84_bandas/Soil_583__84_Bandas_cubo_recorte_cuadrado_reflectancia.npy,FIRMAS/cubos/resultados_cubos_soil_bandas/Soil_583__cube_20260619_165431/2px_84_bandas/Soil_583__84_Bandas_mascara_soil.npy,1,0.7852777777777777,0.001928213017707181
584,FIRMAS/cubos/resultados_cubos_soil_bandas/Soil_584__cube_20260620_114037/2px_84_bandas/Soil_584__84_Bandas_cubo_recorte_cuadrado_reflectancia.npy,FIRMAS/cubos/resultados_cubos_soil_bandas/Soil_584__cube_20260620_114037/2px_84_bandas/Soil_584__84_Bandas_mascara_soil.npy,1,0.5061111111111111,0.0002816835967219822
585,FIRMAS/cubos/resultados_cubos_soil_bandas/Soil_585__cube_20260620_105824/2px_84_bandas/Soil_585__84_Bandas_cubo_recorte_cuadrado_reflectancia.npy,FIRMAS/cubos/resultados_cubos_soil_bandas/Soil_585__cube_20260620_105824/2px_84_bandas/Soil_585__84_Bandas_mascara_soil.npy,1,0.7852777777777777,0.0010785078878463583
586,FIRMAS/cubos/resultados_cubos_soil_bandas/Soil_586__cube_20260620_151327/2px_84_bandas/Soil_586__84_Bandas_cubo_recorte_cuadrado_reflectancia.npy,FIRMAS/cubos/resultados_cubos_soil_bandas/Soil_586__cube_20260620_151327/2px_84_bandas/Soil_586__84_Bandas_mascara_soil.npy,1,0.7852777777777777,0.002099464161721021
587,FIRMAS/cubos/resultados_cubos_soil_bandas/Soil_587__cube_20260620_115006/2px_84_bandas/Soil_587__84_Bandas_cubo_recorte_cuadrado_reflectancia.npy,FIRMAS/cubos/resultados_cubos_soil_bandas/Soil_587__cube_20260620_115006/2px_84_bandas/Soil_587__84_Bandas_mascara_soil.npy,1,0.45796296296296296,0.0009371048594664089
588,FIRMAS/cubos/resultados_cubos_soil_bandas/Soil_588__cube_20260619_165110/2px_84_bandas/Soil_588__84_Bandas_cubo_recorte_cuadrado_reflectancia.npy,FIRMAS/cubos/resultados_cubos_soil_bandas/Soil_588__cube_20260619_165110/2px_84_bandas/Soil_588__84_Bandas_mascara_soil.npy,1,0.7852777777777777,0.0004122192838146299
589,FIRMAS/cubos/resultados_cubos_soil_bandas/Soil_589__cube_20260620_150851/2px_84_bandas/Soil_589__84_Bandas_cubo_recorte_cuadrado_reflectancia.npy,FIRMAS/cubos/resultados_cubos_soil_bandas/Soil_589__cube_20260620_150851/2px_84_bandas/Soil_589__84_Bandas_mascara_soil.npy,1,0.7852777777777777,0.0008581273172713066
590,FIRMAS/cubos/resultados_cubos_soil_bandas/Soil_590__cube_20260620_151102/2px_84_bandas/Soil_590__84_Bandas_cubo_recorte_cuadrado_reflectancia.npy,FIRMAS/cubos/resultados_cubos_soil_bandas/Soil_590__cube_20260620_151102/2px_84_bandas/Soil_590__84_Bandas_mascara_soil.npy,1,0.7852777777777777,0.0013732844472144068
591,FIRMAS/cubos/resultados_cubos_soil_bandas/Soil_591__cube_20260620_105237/2px_84_bandas/Soil_591__84_Bandas_cubo_recorte_cuadrado_reflectancia.npy,FIRMAS/cubos/resultados_cubos_soil_bandas/Soil_591__cube_20260620_105237/2px_84_bandas/Soil_591__84_Bandas_mascara_soil.npy,1,0.7852777777777777,0.0007055921452808755
592,FIRMAS/cubos/resultados_cubos_soil_bandas/Soil_592__cube_20260620_104043/2px_84_bandas/Soil_592__84_Bandas_cubo_recorte_cuadrado_reflectancia.npy,FIRMAS/cubos/resultados_cubos_soil_bandas/Soil_592__cube_20260620_104043/2px_84_bandas/Soil_592__84_Bandas_mascara_soil.npy,1,0.6233641975308643,0.0002499192477901646
593,FIRMAS/cubos/resultados_cubos_soil_bandas/Soil_593__cube_20260620_105019/2px_84_bandas/Soil_593__84_Bandas_cubo_recorte_cuadrado_reflectancia.npy,FIRMAS/cubos/resultados_cubos_soil_bandas/Soil_593__cube_20260620_105019/2px_84_bandas/Soil_593__84_Bandas_mascara_soil.npy,1,0.5704320987654321,0.0006093444844662566
594,FIRMAS/cubos/resultados_cubos_soil_bandas/Soil_594__cube_20260620_091652/2px_84_bandas/Soil_594__84_Bandas_cubo_recorte_cuadrado_reflectancia.npy,FIRMAS/cubos/resultados_cubos_soil_bandas/Soil_594__cube_20260620_091652/2px_84_bandas/Soil_594__84_Bandas_mascara_soil.npy,1,0.7852777777777777,0.0004533944222659958
595,FIRMAS/cubos/resultados_cubos_soil_bandas/Soil_595__cube_20260620_103726/2px_84_bandas/Soil_595__84_Bandas_cubo_recorte_cuadrado_reflectancia.npy,FIRMAS/cubos/resultados_cubos_soil_bandas/Soil_595__cube_20260620_103726/2px_84_bandas/Soil_595__84_Bandas_mascara_soil.npy,1,0.6286111111111111,0.00010228965156056091
596,FIRMAS/cubos/resultados_cubos_soil_bandas/Soil_596__cube_20260619_165022/2px_84_bandas/Soil_596__84_Bandas_cubo_recorte_cuadrado_reflectancia.npy,FIRMAS/cubos/resultados_cubos_soil_bandas/Soil_596__cube_20260619_165022/2px_84_bandas/Soil_596__84_Bandas_mascara_soil.npy,1,0.5818518518518518,0.00025322562719121144
597,FIRMAS/cubos/resultados_cubos_soil_bandas/Soil_597__cube_20260620_115218/2px_84_bandas/Soil_597__84_Bandas_cubo_recorte_cuadrado_reflectancia.npy,FIRMAS/cubos/resultados_cubos_soil_bandas/Soil_597__cube_20260620_115218/2px_84_bandas/Soil_597__84_Bandas_mascara_soil.npy,1,0.6846604938271605,0.0011463089495816758
598,FIRMAS/cubos/resultados_cubos_soil_bandas/Soil_598__cube_20260619_153601/2px_84_bandas/Soil_598__84_Bandas_cubo_recorte_cuadrado_reflectancia.npy,FIRMAS/cubos/resultados_cubos_soil_bandas/Soil_598__cube_20260619_153601/2px_84_bandas/Soil_598__84_Bandas_mascara_soil.npy,1,0.7852777777777777,0.0008464298347566901
599,FIRMAS/cubos/resultados_cubos_soil_bandas/Soil_599__cube_20260619_164923/2px_84_bandas/Soil_599__84_Bandas_cubo_recorte_cuadrado_reflectancia.npy,FIRMAS/cubos/resultados_cubos_soil_bandas/Soil_599__cube_20260619_164923/2px_84_bandas/Soil_599__84_Bandas_mascara_soil.npy,1,0.7852777777777777,0.0004164303775198164
600,FIRMAS/cubos/resultados_cubos_soil_bandas/Soil_600__cube_20260620_104743/2px_84_bandas/Soil_600__84_Bandas_cubo_recorte_cuadrado_reflectancia.npy,FIRMAS/cubos/resultados_cubos_soil_bandas/Soil_600__cube_20260620_104743/2px_84_bandas/Soil_600__84_Bandas_mascara_soil.npy,1,0.7852777777777777,0.0006985736557720834
601,FIRMAS/cubos/resultados_cubos_soil_bandas/Soil_601__cube_20260618_092907/2px_84_bandas/Soil_601__84_Bandas_cubo_recorte_cuadrado_reflectancia.npy,FIRMAS/cubos/resultados_cubos_soil_bandas/Soil_601__cube_20260618_092907/2px_84_bandas/Soil_601__84_Bandas_mascara_soil.npy,1,0.7852777777777777,9.357986011648833e-06
602,FIRMAS/cubos/resultados_cubos_soil_bandas/Soil_602__cube_20260620_145854/2px_84_bandas/Soil_602__84_Bandas_cubo_recorte_cuadrado_reflectancia.npy,FIRMAS/cubos/resultados_cubos_soil_bandas/Soil_602__cube_20260620_145854/2px_84_bandas/Soil_602__84_Bandas_mascara_soil.npy,1,0.7852777777777777,0.0007509783774375389
603,FIRMAS/cubos/resultados_cubos_soil_bandas/Soil_603__cube_20260618_091617/2px_84_bandas/Soil_603__84_Bandas_cubo_recorte_cuadrado_reflectancia.npy,FIRMAS/cubos/resultados_cubos_soil_bandas/Soil_603__cube_20260618_091617/2px_84_bandas/Soil_603__84_Bandas_mascara_soil.npy,1,0.7852777777777777,7.626758599521555e-05
604,FIRMAS/cubos/resultados_cubos_soil_bandas/Soil_604__cube_20260620_115547/2px_84_bandas/Soil_604__84_Bandas_cubo_recorte_cuadrado_reflectancia.npy,FIRMAS/cubos/resultados_cubos_soil_bandas/Soil_604__cube_20260620_115547/2px_84_bandas/Soil_604__84_Bandas_mascara_soil.npy,1,0.7852777777777777,0.0008178879774211056
605,FIRMAS/cubos/resultados_cubos_soil_bandas/Soil_605__cube_20260619_165937/2px_84_bandas/Soil_605__84_Bandas_cubo_recorte_cuadrado_reflectancia.npy,FIRMAS/cubos/resultados_cubos_soil_bandas/Soil_605__cube_20260619_165937/2px_84_bandas/Soil_605__84_Bandas_mascara_soil.npy,1,0.7852777777777777,0.0008735679941905827
606,FIRMAS/cubos/resultados_cubos_soil_bandas/Soil_606__cube_20260618_091916/2px_84_bandas/Soil_606__84_Bandas_cubo_recorte_cuadrado_reflectancia.npy,FIRMAS/cubos/resultados_cubos_soil_bandas/Soil_606__cube_20260618_091916/2px_84_bandas/Soil_606__84_Bandas_mascara_soil.npy,1,0.7852777777777777,0.00020868308806054614
607,FIRMAS/cubos/resultados_cubos_soil_bandas/Soil_607__cube_20260708_153413/2px_84_bandas/Soil_607__84_Bandas_cubo_recorte_cuadrado_reflectancia.npy,FIRMAS/cubos/resultados_cubos_soil_bandas/Soil_607__cube_20260708_153413/2px_84_bandas/Soil_607__84_Bandas_mascara_soil.npy,1,0.7852777777777777,0.0006719033956388287
608,FIRMAS/cubos/resultados_cubos_soil_bandas/Soil_608__cube_20260619_155312/2px_84_bandas/Soil_608__84_Bandas_cubo_recorte_cuadrado_reflectancia.npy,FIRMAS/cubos/resultados_cubos_soil_bandas/Soil_608__cube_20260619_155312/2px_84_bandas/Soil_608__84_Bandas_mascara_soil.npy,1,0.9123148148148148,0.0013588641925189604
609,FIRMAS/cubos/resultados_cubos_soil_bandas/Soil_609__cube_20260620_093732/2px_84_bandas/Soil_609__84_Bandas_cubo_recorte_cuadrado_reflectancia.npy,FIRMAS/cubos/resultados_cubos_soil_bandas/Soil_609__cube_20260620_093732/2px_84_bandas/Soil_609__84_Bandas_mascara_soil.npy,1,0.6436728395061728,0.0016953796622940498
610,FIRMAS/cubos/resultados_cubos_soil_bandas/Soil_610__cube_20260620_104150/2px_84_bandas/Soil_610__84_Bandas_cubo_recorte_cuadrado_reflectancia.npy,FIRMAS/cubos/resultados_cubos_soil_bandas/Soil_610__cube_20260620_104150/2px_84_bandas/Soil_610__84_Bandas_mascara_soil.npy,1,0.4422839506172839,0.00010633702189877248
611,FIRMAS/cubos/resultados_cubos_soil_bandas/Soil_611__cube_20260619_165610/2px_84_bandas/Soil_611__84_Bandas_cubo_recorte_cuadrado_reflectancia.npy,FIRMAS/cubos/resultados_cubos_soil_bandas/Soil_611__cube_20260619_165610/2px_84_bandas/Soil_611__84_Bandas_mascara_soil.npy,1,0.9248765432098766,0.0008108395864518947
612,FIRMAS/cubos/resultados_cubos_soil_bandas/Soil_612__cube_20260619_155401/2px_84_bandas/Soil_612__84_Bandas_cubo_recorte_cuadrado_reflectancia.npy,FIRMAS/cubos/resultados_cubos_soil_bandas/Soil_612__cube_20260619_155401/2px_84_bandas/Soil_612__84_Bandas_mascara_soil.npy,1,0.7687345679012346,0.0012087823847569679
613,FIRMAS/cubos/resultados_cubos_soil_bandas/Soil_613__cube_20260619_164550/2px_84_bandas/Soil_613__84_Bandas_cubo_recorte_cuadrado_reflectancia.npy,FIRMAS/cubos/resultados_cubos_soil_bandas/Soil_613__cube_20260619_164550/2px_84_bandas/Soil_613__84_Bandas_mascara_soil.npy,1,0.7701851851851852,0.0002676353061060732
614,FIRMAS/cubos/resultados_cubos_soil_bandas/Soil_614__cube_20260613_085930/2px_84_bandas/Soil_614__84_Bandas_cubo_recorte_cuadrado_reflectancia.npy,FIRMAS/cubos/resultados_cubos_soil_bandas/Soil_614__cube_20260613_085930/2px_84_bandas/Soil_614__84_Bandas_mascara_soil.npy,1,0.4383641975308642,0.001776955237491773
615,FIRMAS/cubos/resultados_cubos_soil_bandas/Soil_615__cube_20260620_150441/2px_84_bandas/Soil_615__84_Bandas_cubo_recorte_cuadrado_reflectancia.npy,FIRMAS/cubos/resultados_cubos_soil_bandas/Soil_615__cube_20260620_150441/2px_84_bandas/Soil_615__84_Bandas_mascara_soil.npy,1,0.7276234567901234,0.00135636014745244
616,FIRMAS/cubos/resultados_cubos_soil_bandas/Soil_616__cube_20260619_153123/2px_84_bandas/Soil_616__84_Bandas_cubo_recorte_cuadrado_reflectancia.npy,FIRMAS/cubos/resultados_cubos_soil_bandas/Soil_616__cube_20260619_153123/2px_84_bandas/Soil_616__84_Bandas_mascara_soil.npy,1,0.7852777777777777,0.0003097493369866866
617,FIRMAS/cubos/resultados_cubos_soil_bandas/Soil_617__cube_20260613_102750/2px_84_bandas/Soil_617__84_Bandas_cubo_recorte_cuadrado_reflectancia.npy,FIRMAS/cubos/resultados_cubos_soil_bandas/Soil_617__cube_20260613_102750/2px_84_bandas/Soil_617__84_Bandas_mascara_soil.npy,1,0.545,0.0007827289937382131
618,FIRMAS/cubos/resultados_cubos_soil_bandas/Soil_618__cube_20260618_093001/2px_84_bandas/Soil_618__84_Bandas_cubo_recorte_cuadrado_reflectancia.npy,FIRMAS/cubos/resultados_cubos_soil_bandas/Soil_618__cube_20260618_093001/2px_84_bandas/Soil_618__84_Bandas_mascara_soil.npy,1,0.7852777777777777,0.00016750794960906923
619,FIRMAS/cubos/resultados_cubos_soil_bandas/Soil_619__cube_20260619_165847/2px_84_bandas/Soil_619__84_Bandas_cubo_recorte_cuadrado_reflectancia.npy,FIRMAS/cubos/resultados_cubos_soil_bandas/Soil_619__cube_20260619_165847/2px_84_bandas/Soil_619__84_Bandas_mascara_soil.npy,1,0.6307716049382716,0.0008632801850984029
620,FIRMAS/cubos/resultados_cubos_soil_bandas/Soil_620__cube_20260618_093626/2px_84_bandas/Soil_620__84_Bandas_cubo_recorte_cuadrado_reflectancia.npy,FIRMAS/cubos/resultados_cubos_soil_bandas/Soil_620__cube_20260618_093626/2px_84_bandas/Soil_620__84_Bandas_mascara_soil.npy,1,0.7852777777777777,0.00034811707963455785
621,FIRMAS/cubos/resultados_cubos_soil_bandas/Soil_621__cube_20260618_092254/2px_84_bandas/Soil_621__84_Bandas_cubo_recorte_cuadrado_reflectancia.npy,FIRMAS/cubos/resultados_cubos_soil_bandas/Soil_621__cube_20260618_092254/2px_84_bandas/Soil_621__84_Bandas_mascara_soil.npy,1,0.7852777777777777,9.825885312286786e-06
622,FIRMAS/cubos/resultados_cubos_soil_bandas/Soil_622__cube_20260620_093127/2px_84_bandas/Soil_622__84_Bandas_cubo_recorte_cuadrado_reflectancia.npy,FIRMAS/cubos/resultados_cubos_soil_bandas/Soil_622__cube_20260620_093127/2px_84_bandas/Soil_622__84_Bandas_mascara_soil.npy,1,0.7852777777777777,0.0013059069479303131
623,FIRMAS/cubos/resultados_cubos_soil_bandas/Soil_623__cube_20260618_092703/2px_84_bandas/Soil_623__84_Bandas_cubo_recorte_cuadrado_reflectancia.npy,FIRMAS/cubos/resultados_cubos_soil_bandas/Soil_623__cube_20260618_092703/2px_84_bandas/Soil_623__84_Bandas_mascara_soil.npy,1,0.7852777777777777,7.673548529574248e-05
624,FIRMAS/cubos/resultados_cubos_soil_bandas/Soil_624__cube_20260620_093259/2px_84_bandas/Soil_624__84_Bandas_cubo_recorte_cuadrado_reflectancia.npy,FIRMAS/cubos/resultados_cubos_soil_bandas/Soil_624__cube_20260620_093259/2px_84_bandas/Soil_624__84_Bandas_mascara_soil.npy,1,0.7852777777777777,0.0012062443969058645
625,FIRMAS/cubos/resultados_cubos_soil_bandas/Soil_625__cube_20260619_154401/2px_84_bandas/Soil_625__84_Bandas_cubo_recorte_cuadrado_reflectancia.npy,FIRMAS/cubos/resultados_cubos_soil_bandas/Soil_625__cube_20260619_154401/2px_84_bandas/Soil_625__84_Bandas_mascara_soil.npy,1,0.7852777777777777,0.0009334591046653573
626,FIRMAS/cubos/resultados_cubos_soil_bandas/Soil_626__cube_20260619_165701/2px_84_bandas/Soil_626__84_Bandas_cubo_recorte_cuadrado_reflectancia.npy,FIRMAS/cubos/resultados_cubos_soil_bandas/Soil_626__cube_20260619_165701/2px_84_bandas/Soil_626__84_Bandas_mascara_soil.npy,1,0.7852777777777777,0.0010284426626838705
627,FIRMAS/cubos/resultados_cubos_soil_bandas/Soil_627__cube_20260620_092053/2px_84_bandas/Soil_627__84_Bandas_cubo_recorte_cuadrado_reflectancia.npy,FIRMAS/cubos/resultados_cubos_soil_bandas/Soil_627__cube_20260620_092053/2px_84_bandas/Soil_627__84_Bandas_mascara_soil.npy,1,0.5849691358024691,0.0007311318977017978
628,FIRMAS/cubos/resultados_cubos_soil_bandas/Soil_628__cube_20260619_153802/2px_84_bandas/Soil_628__84_Bandas_cubo_recorte_cuadrado_reflectancia.npy,FIRMAS/cubos/resultados_cubos_soil_bandas/Soil_628__cube_20260619_153802/2px_84_bandas/Soil_628__84_Bandas_mascara_soil.npy,1,0.7852777777777777,0.0009531108752898199
629,FIRMAS/cubos/resultados_cubos_soil_bandas/Soil_629__cube_20260619_153216/2px_84_bandas/Soil_629__84_Bandas_cubo_recorte_cuadrado_reflectancia.npy,FIRMAS/cubos/resultados_cubos_soil_bandas/Soil_629__cube_20260619_153216/2px_84_bandas/Soil_629__84_Bandas_mascara_soil.npy,1,0.7852777777777777,0.0011079855437832187
630,FIRMAS/cubos/resultados_cubos_soil_bandas/Soil_630__cube_20260619_153313/2px_84_bandas/Soil_630__84_Bandas_cubo_recorte_cuadrado_reflectancia.npy,FIRMAS/cubos/resultados_cubos_soil_bandas/Soil_630__cube_20260619_153313/2px_84_bandas/Soil_630__84_Bandas_mascara_soil.npy,1,0.5116666666666667,0.0008365935347477427
631,FIRMAS/cubos/resultados_cubos_soil_bandas/Soil_631__cube_20260618_092605/2px_84_bandas/Soil_631__84_Bandas_cubo_recorte_cuadrado_reflectancia.npy,FIRMAS/cubos/resultados_cubos_soil_bandas/Soil_631__cube_20260618_092605/2px_84_bandas/Soil_631__84_Bandas_mascara_soil.npy,1,0.7852777777777777,0.0001525351719904311
632,FIRMAS/cubos/resultados_cubos_soil_bandas/Soil_632__cube_20260619_154542/2px_84_bandas/Soil_632__84_Bandas_cubo_recorte_cuadrado_reflectancia.npy,FIRMAS/cubos/resultados_cubos_soil_bandas/Soil_632__cube_20260619_154542/2px_84_bandas/Soil_632__84_Bandas_mascara_soil.npy,1,0.7852777777777777,0.001370944950711439
633,FIRMAS/cubos/resultados_cubos_soil_bandas/Soil_633__cube_20260619_154455/2px_84_bandas/Soil_633__84_Bandas_cubo_recorte_cuadrado_reflectancia.npy,FIRMAS/cubos/resultados_cubos_soil_bandas/Soil_633__cube_20260619_154455/2px_84_bandas/Soil_633__84_Bandas_mascara_soil.npy,1,0.7852777777777777,0.0015145900359908593
634,FIRMAS/cubos/resultados_cubos_soil_bandas/Soil_634__cube_20260619_164301/2px_84_bandas/Soil_634__84_Bandas_cubo_recorte_cuadrado_reflectancia.npy,FIRMAS/cubos/resultados_cubos_soil_bandas/Soil_634__cube_20260619_164301/2px_84_bandas/Soil_634__84_Bandas_mascara_soil.npy,1,0.5387345679012345,5.456207117671141e-06
635,FIRMAS/cubos/resultados_cubos_soil_bandas/Soil_635__cube_20260618_093058/2px_84_bandas/Soil_635__84_Bandas_cubo_recorte_cuadrado_reflectancia.npy,FIRMAS/cubos/resultados_cubos_soil_bandas/Soil_635__cube_20260618_093058/2px_84_bandas/Soil_635__84_Bandas_mascara_soil.npy,1,0.7852777777777777,2.2927065728595153e-05
636,FIRMAS/cubos/resultados_cubos_soil_bandas/Soil_636__cube_20260619_155220/2px_84_bandas/Soil_636__84_Bandas_cubo_recorte_cuadrado_reflectancia.npy,FIRMAS/cubos/resultados_cubos_soil_bandas/Soil_636__cube_20260619_155220/2px_84_bandas/Soil_636__84_Bandas_mascara_soil.npy,1,0.7852777777777777,0.0013045032500285103
637,FIRMAS/cubos/resultados_cubos_soil_bandas/Soil_637__cube_20260622_160644/2px_84_bandas/Soil_637__84_Bandas_cubo_recorte_cuadrado_reflectancia.npy,FIRMAS/cubos/resultados_cubos_soil_bandas/Soil_637__cube_20260622_160644/2px_84_bandas/Soil_637__84_Bandas_mascara_soil.npy,1,0.7852777777777777,0.0018411837477985138
638,FIRMAS/cubos/resultados_cubos_soil_bandas/Soil_638__cube_20260619_153707/2px_84_bandas/Soil_638__84_Bandas_cubo_recorte_cuadrado_reflectancia.npy,FIRMAS/cubos/resultados_cubos_soil_bandas/Soil_638__cube_20260619_153707/2px_84_bandas/Soil_638__84_Bandas_mascara_soil.npy,1,0.7852777777777777,0.0011341879046159464
639,FIRMAS/cubos/resultados_cubos_soil_bandas/Soil_639__cube_20260708_153511/2px_84_bandas/Soil_639__84_Bandas_cubo_recorte_cuadrado_reflectancia.npy,FIRMAS/cubos/resultados_cubos_soil_bandas/Soil_639__cube_20260708_153511/2px_84_bandas/Soil_639__84_Bandas_mascara_soil.npy,1,0.7852777777777777,0.0003364195971199413
640,FIRMAS/cubos/resultados_cubos_soil_bandas/Soil_640__cube_20260622_160122/2px_84_bandas/Soil_640__84_Bandas_cubo_recorte_cuadrado_reflectancia.npy,FIRMAS/cubos/resultados_cubos_soil_bandas/Soil_640__cube_20260622_160122/2px_84_bandas/Soil_640__84_Bandas_mascara_soil.npy,1,0.7852777777777777,0.0016657215100794875
641,FIRMAS/cubos/resultados_cubos_soil_bandas/Soil_641__cube_20260620_161832/2px_84_bandas/Soil_641__84_Bandas_cubo_recorte_cuadrado_reflectancia.npy,FIRMAS/cubos/resultados_cubos_soil_bandas/Soil_641__cube_20260620_161832/2px_84_bandas/Soil_641__84_Bandas_mascara_soil.npy,1,0.7852777777777777,0.0009081925424337944
642,FIRMAS/cubos/resultados_cubos_soil_bandas/Soil_642__cube_20260619_165244/2px_84_bandas/Soil_642__84_Bandas_cubo_recorte_cuadrado_reflectancia.npy,FIRMAS/cubos/resultados_cubos_soil_bandas/Soil_642__cube_20260619_165244/2px_84_bandas/Soil_642__84_Bandas_mascara_soil.npy,1,0.7852777777777777,0.0006658207047312015
643,FIRMAS/cubos/resultados_cubos_soil_bandas/Soil_643__cube_20260620_162707/2px_84_bandas/Soil_643__84_Bandas_cubo_recorte_cuadrado_reflectancia.npy,FIRMAS/cubos/resultados_cubos_soil_bandas/Soil_643__cube_20260620_162707/2px_84_bandas/Soil_643__84_Bandas_mascara_soil.npy,1,0.5101851851851852,0.0013647624809148828
644,FIRMAS/cubos/resultados_cubos_soil_bandas/Soil_644__cube_20260620_161443/2px_84_bandas/Soil_644__84_Bandas_cubo_recorte_cuadrado_reflectancia.npy,FIRMAS/cubos/resultados_cubos_soil_bandas/Soil_644__cube_20260620_161443/2px_84_bandas/Soil_644__84_Bandas_mascara_soil.npy,1,0.3942901234567901,0.0001360544217686721
645,FIRMAS/cubos/resultados_cubos_soil_bandas/Soil_645__cube_20260618_092022/2px_84_bandas/Soil_645__84_Bandas_cubo_recorte_cuadrado_reflectancia.npy,FIRMAS/cubos/resultados_cubos_soil_bandas/Soil_645__cube_20260618_092022/2px_84_bandas/Soil_645__84_Bandas_mascara_soil.npy,1,0.7852777777777777,1.7312274121605853e-05
646,FIRMAS/cubos/resultados_cubos_soil_bandas/Soil_646__cube_20260622_161516/2px_84_bandas/Soil_646__84_Bandas_cubo_recorte_cuadrado_reflectancia.npy,FIRMAS/cubos/resultados_cubos_soil_bandas/Soil_646__cube_20260622_161516/2px_84_bandas/Soil_646__84_Bandas_mascara_soil.npy,1,0.7852777777777777,0.0011664729563561904
647,FIRMAS/cubos/resultados_cubos_soil_bandas/Soil_647__cube_20260618_093534/2px_84_bandas/Soil_647__84_Bandas_cubo_recorte_cuadrado_reflectancia.npy,FIRMAS/cubos/resultados_cubos_soil_bandas/Soil_647__cube_20260618_093534/2px_84_bandas/Soil_647__84_Bandas_mascara_soil.npy,1,0.7852777777777777,0.00046977089778643677
648,FIRMAS/cubos/resultados_cubos_soil_bandas/Soil_648__cube_20260620_162209/2px_84_bandas/Soil_648__84_Bandas_cubo_recorte_cuadrado_reflectancia.npy,FIRMAS/cubos/resultados_cubos_soil_bandas/Soil_648__cube_20260620_162209/2px_84_bandas/Soil_648__84_Bandas_mascara_soil.npy,1,0.7852777777777777,0.0006120122851640541
649,FIRMAS/cubos/resultados_cubos_soil_bandas/Soil_649__cube_20260623_084644/2px_84_bandas/Soil_649__84_Bandas_cubo_recorte_cuadrado_reflectancia.npy,FIRMAS/cubos/resultados_cubos_soil_bandas/Soil_649__cube_20260623_084644/2px_84_bandas/Soil_649__84_Bandas_mascara_soil.npy,1,0.3397530864197531,0.0003201135105205255
650,FIRMAS/cubos/resultados_cubos_soil_bandas/Soil_650__cube_20260618_093337/2px_84_bandas/Soil_650__84_Bandas_cubo_recorte_cuadrado_reflectancia.npy,FIRMAS/cubos/resultados_cubos_soil_bandas/Soil_650__cube_20260618_093337/2px_84_bandas/Soil_650__84_Bandas_mascara_soil.npy,1,0.7852777777777777,0.00022880275798564664
651,FIRMAS/cubos/resultados_cubos_soil_bandas/Soil_651__cube_20260618_093149/2px_84_bandas/Soil_651__84_Bandas_cubo_recorte_cuadrado_reflectancia.npy,FIRMAS/cubos/resultados_cubos_soil_bandas/Soil_651__cube_20260618_093149/2px_84_bandas/Soil_651__84_Bandas_mascara_soil.npy,1,0.7852777777777777,0.00014879197758577156
652,FIRMAS/cubos/resultados_cubos_soil_bandas/Soil_652__cube_20260623_084044/2px_84_bandas/Soil_652__84_Bandas_cubo_recorte_cuadrado_reflectancia.npy,FIRMAS/cubos/resultados_cubos_soil_bandas/Soil_652__cube_20260623_084044/2px_84_bandas/Soil_652__84_Bandas_mascara_soil.npy,1,0.7661111111111111,0.00013764671125082728
653,FIRMAS/cubos/resultados_cubos_soil_bandas/Soil_653__cube_20260619_155038/2px_84_bandas/Soil_653__84_Bandas_cubo_recorte_cuadrado_reflectancia.npy,FIRMAS/cubos/resultados_cubos_soil_bandas/Soil_653__cube_20260619_155038/2px_84_bandas/Soil_653__84_Bandas_mascara_soil.npy,1,0.7852777777777777,0.0014458088388049628
654,FIRMAS/cubos/resultados_cubos_soil_bandas/Soil_654__cube_20260622_155939/2px_84_bandas/Soil_654__84_Bandas_cubo_recorte_cuadrado_reflectancia.npy,FIRMAS/cubos/resultados_cubos_soil_bandas/Soil_654__cube_20260622_155939/2px_84_bandas/Soil_654__84_Bandas_mascara_soil.npy,1,0.7852777777777777,0.0014130558877640809
655,FIRMAS/cubos/resultados_cubos_soil_bandas/Soil_655__cube_20260618_093721/2px_84_bandas/Soil_655__84_Bandas_cubo_recorte_cuadrado_reflectancia.npy,FIRMAS/cubos/resultados_cubos_soil_bandas/Soil_655__cube_20260618_093721/2px_84_bandas/Soil_655__84_Bandas_mascara_soil.npy,1,0.7852777777777777,0.00016329685590388276
656,FIRMAS/cubos/resultados_cubos_soil_bandas/Soil_656__cube_20260620_162343/2px_84_bandas/Soil_656__84_Bandas_cubo_recorte_cuadrado_reflectancia.npy,FIRMAS/cubos/resultados_cubos_soil_bandas/Soil_656__cube_20260620_162343/2px_84_bandas/Soil_656__84_Bandas_mascara_soil.npy,1,0.9428086419753087,0.0014326089227061356
657,FIRMAS/cubos/resultados_cubos_soil_bandas/Soil_657__cube_20260618_093432/2px_84_bandas/Soil_657__84_Bandas_cubo_recorte_cuadrado_reflectancia.npy,FIRMAS/cubos/resultados_cubos_soil_bandas/Soil_657__cube_20260618_093432/2px_84_bandas/Soil_657__84_Bandas_mascara_soil.npy,1,0.7852777777777777,0.00016048946010038811
658,FIRMAS/cubos/resultados_cubos_soil_bandas/Soil_658__cube_20260618_092119/2px_84_bandas/Soil_658__84_Bandas_cubo_recorte_cuadrado_reflectancia.npy,FIRMAS/cubos/resultados_cubos_soil_bandas/Soil_658__cube_20260618_092119/2px_84_bandas/Soil_658__84_Bandas_mascara_soil.npy,1,0.7852777777777777,0.005242811663045077
659,FIRMAS/cubos/resultados_cubos_soil_bandas/Soil_659__cube_20260620_092639/2px_84_bandas/Soil_659__84_Bandas_cubo_recorte_cuadrado_reflectancia.npy,FIRMAS/cubos/resultados_cubos_soil_bandas/Soil_659__cube_20260620_092639/2px_84_bandas/Soil_659__84_Bandas_mascara_soil.npy,1,0.7852777777777777,0.0011098571409855484
660,FIRMAS/cubos/resultados_cubos_soil_bandas/Soil_660__cube_20260622_160912/2px_84_bandas/Soil_660__84_Bandas_cubo_recorte_cuadrado_reflectancia.npy,FIRMAS/cubos/resultados_cubos_soil_bandas/Soil_660__cube_20260622_160912/2px_84_bandas/Soil_660__84_Bandas_mascara_soil.npy,1,0.7852777777777777,0.0007397487942234493
661,FIRMAS/cubos/resultados_cubos_soil_bandas/Soil_661__cube_20260619_170030/2px_84_bandas/Soil_661__84_Bandas_cubo_recorte_cuadrado_reflectancia.npy,FIRMAS/cubos/resultados_cubos_soil_bandas/Soil_661__cube_20260619_170030/2px_84_bandas/Soil_661__84_Bandas_mascara_soil.npy,1,0.7301851851851852,0.0006254805582728284
662,FIRMAS/cubos/resultados_cubos_soil_bandas/Soil_662__cube_20260620_161939/2px_84_bandas/Soil_662__84_Bandas_cubo_recorte_cuadrado_reflectancia.npy,FIRMAS/cubos/resultados_cubos_soil_bandas/Soil_662__cube_20260620_161939/2px_84_bandas/Soil_662__84_Bandas_mascara_soil.npy,1,0.7852777777777777,0.00042578836353157623
663,FIRMAS/cubos/resultados_cubos_soil_bandas/Soil_663__cube_20260619_153412/2px_84_bandas/Soil_663__84_Bandas_cubo_recorte_cuadrado_reflectancia.npy,FIRMAS/cubos/resultados_cubos_soil_bandas/Soil_663__cube_20260619_153412/2px_84_bandas/Soil_663__84_Bandas_mascara_soil.npy,1,0.8371913580246914,0.0005060346719333308
664,FIRMAS/cubos/resultados_cubos_soil_bandas/Soil_664__cube_20260619_154223/2px_84_bandas/Soil_664__84_Bandas_cubo_recorte_cuadrado_reflectancia.npy,FIRMAS/cubos/resultados_cubos_soil_bandas/Soil_664__cube_20260619_154223/2px_84_bandas/Soil_664__84_Bandas_mascara_soil.npy,1,0.4558333333333333,0.000580366211079153
665,FIRMAS/cubos/resultados_cubos_soil_bandas/Soil_665__cube_20260619_155129/2px_84_bandas/Soil_665__84_Bandas_cubo_recorte_cuadrado_reflectancia.npy,FIRMAS/cubos/resultados_cubos_soil_bandas/Soil_665__cube_20260619_155129/2px_84_bandas/Soil_665__84_Bandas_mascara_soil.npy,1,0.8869135802469136,0.0015871082564429262
666,FIRMAS/cubos/resultados_cubos_soil_bandas/Soil_666__cube_20260622_155835/2px_84_bandas/Soil_666__84_Bandas_cubo_recorte_cuadrado_reflectancia.npy,FIRMAS/cubos/resultados_cubos_soil_bandas/Soil_666__cube_20260622_155835/2px_84_bandas/Soil_666__84_Bandas_mascara_soil.npy,1,0.7852777777777777,0.0010986275577715698
667,FIRMAS/cubos/resultados_cubos_soil_bandas/Soil_667__cube_20260619_154313/2px_84_bandas/Soil_667__84_Bandas_cubo_recorte_cuadrado_reflectancia.npy,FIRMAS/cubos/resultados_cubos_soil_bandas/Soil_667__cube_20260619_154313/2px_84_bandas/Soil_667__84_Bandas_mascara_soil.npy,1,0.7940123456790124,0.0010268470289460652
668,FIRMAS/cubos/resultados_cubos_soil_bandas/Soil_668__cube_20260618_093246/2px_84_bandas/Soil_668__84_Bandas_cubo_recorte_cuadrado_reflectancia.npy,FIRMAS/cubos/resultados_cubos_soil_bandas/Soil_668__cube_20260618_093246/2px_84_bandas/Soil_668__84_Bandas_mascara_soil.npy,1,0.7852777777777777,4.725782935899314e-05
669,FIRMAS/cubos/resultados_cubos_soil_bandas/Soil_669__cube_20260613_113223/2px_84_bandas/Soil_669__84_Bandas_cubo_recorte_cuadrado_reflectancia.npy,FIRMAS/cubos/resultados_cubos_soil_bandas/Soil_669__cube_20260613_113223/2px_84_bandas/Soil_669__84_Bandas_mascara_soil.npy,1,0.547716049382716,0.00010532219198966519
670,FIRMAS/cubos/resultados_cubos_soil_bandas/Soil_670__cube_20260627_105500/2px_84_bandas/Soil_670__84_Bandas_cubo_recorte_cuadrado_reflectancia.npy,FIRMAS/cubos/resultados_cubos_soil_bandas/Soil_670__cube_20260627_105500/2px_84_bandas/Soil_670__84_Bandas_mascara_soil.npy,1,0.7852777777777777,0.0007696943494608366
671,FIRMAS/cubos/resultados_cubos_soil_bandas/Soil_671__cube_20260627_110346/2px_84_bandas/Soil_671__84_Bandas_cubo_recorte_cuadrado_reflectancia.npy,FIRMAS/cubos/resultados_cubos_soil_bandas/Soil_671__cube_20260627_110346/2px_84_bandas/Soil_671__84_Bandas_mascara_soil.npy,1,0.7852777777777777,0.0013452104891793493
672,FIRMAS/cubos/resultados_cubos_soil_bandas/Soil_672__cube_20260627_105809/2px_84_bandas/Soil_672__84_Bandas_cubo_recorte_cuadrado_reflectancia.npy,FIRMAS/cubos/resultados_cubos_soil_bandas/Soil_672__cube_20260627_105809/2px_84_bandas/Soil_672__84_Bandas_mascara_soil.npy,1,0.7852777777777777,0.001161793963350366
673,FIRMAS/cubos/resultados_cubos_soil_bandas/Soil_673__cube_20260627_110616/2px_84_bandas/Soil_673__84_Bandas_cubo_recorte_cuadrado_reflectancia.npy,FIRMAS/cubos/resultados_cubos_soil_bandas/Soil_673__cube_20260627_110616/2px_84_bandas/Soil_673__84_Bandas_mascara_soil.npy,1,0.7852777777777777,0.0009011740529250023
674,FIRMAS/cubos/resultados_cubos_soil_bandas/Soil_674__cube_20260627_094442/2px_84_bandas/Soil_674__84_Bandas_cubo_recorte_cuadrado_reflectancia.npy,FIRMAS/cubos/resultados_cubos_soil_bandas/Soil_674__cube_20260627_094442/2px_84_bandas/Soil_674__84_Bandas_mascara_soil.npy,1,0.7852777777777777,0.0015623157646503794
675,FIRMAS/cubos/resultados_cubos_soil_bandas/Soil_675__cube_20260627_104910/2px_84_bandas/Soil_675__84_Bandas_cubo_recorte_cuadrado_reflectancia.npy,FIRMAS/cubos/resultados_cubos_soil_bandas/Soil_675__cube_20260627_104910/2px_84_bandas/Soil_675__84_Bandas_mascara_soil.npy,1,0.7852777777777777,0.00013288340136585752
676,FIRMAS/cubos/resultados_cubos_soil_bandas/Soil_676__cube_20260627_110147/2px_84_bandas/Soil_676__84_Bandas_cubo_recorte_cuadrado_reflectancia.npy,FIRMAS/cubos/resultados_cubos_soil_bandas/Soil_676__cube_20260627_110147/2px_84_bandas/Soil_676__84_Bandas_mascara_soil.npy,1,0.7852777777777777,0.0008885407718092209
677,FIRMAS/cubos/resultados_cubos_soil_bandas/Soil_677__cube_20260626_153029/2px_84_bandas/Soil_677__84_Bandas_cubo_recorte_cuadrado_reflectancia.npy,FIRMAS/cubos/resultados_cubos_soil_bandas/Soil_677__cube_20260626_153029/2px_84_bandas/Soil_677__84_Bandas_mascara_soil.npy,1,0.3212962962962963,0.0009709070948263898
678,FIRMAS/cubos/resultados_cubos_soil_bandas/Soil_678__cube_20260627_110003/2px_84_bandas/Soil_678__84_Bandas_cubo_recorte_cuadrado_reflectancia.npy,FIRMAS/cubos/resultados_cubos_soil_bandas/Soil_678__cube_20260627_110003/2px_84_bandas/Soil_678__84_Bandas_mascara_soil.npy,1,0.7852777777777777,0.0007832634291777829
679,FIRMAS/cubos/resultados_cubos_soil_bandas/Soil_679__cube_20260627_093418/2px_84_bandas/Soil_679__84_Bandas_cubo_recorte_cuadrado_reflectancia.npy,FIRMAS/cubos/resultados_cubos_soil_bandas/Soil_679__cube_20260627_093418/2px_84_bandas/Soil_679__84_Bandas_mascara_soil.npy,1,0.7852777777777777,0.0012156023829175133
680,FIRMAS/cubos/resultados_cubos_soil_bandas/Soil_680__cube_20260627_111912/2px_84_bandas/Soil_680__84_Bandas_cubo_recorte_cuadrado_reflectancia.npy,FIRMAS/cubos/resultados_cubos_soil_bandas/Soil_680__cube_20260627_111912/2px_84_bandas/Soil_680__84_Bandas_mascara_soil.npy,1,0.7852777777777777,0.0011931432164895561
681,FIRMAS/cubos/resultados_cubos_soil_bandas/Soil_681__cube_20260627_105101/2px_84_bandas/Soil_681__84_Bandas_cubo_recorte_cuadrado_reflectancia.npy,FIRMAS/cubos/resultados_cubos_soil_bandas/Soil_681__cube_20260627_105101/2px_84_bandas/Soil_681__84_Bandas_mascara_soil.npy,1,0.7852777777777777,0.00041689827682045433
682,FIRMAS/cubos/resultados_cubos_soil_bandas/Soil_682__cube_20260626_155154/2px_84_bandas/Soil_682__84_Bandas_cubo_recorte_cuadrado_reflectancia.npy,FIRMAS/cubos/resultados_cubos_soil_bandas/Soil_682__cube_20260626_155154/2px_84_bandas/Soil_682__84_Bandas_mascara_soil.npy,1,0.48401234567901236,0.0005192486381110362
683,FIRMAS/cubos/resultados_cubos_soil_bandas/Soil_683__cube_20260626_154621/2px_84_bandas/Soil_683__84_Bandas_cubo_recorte_cuadrado_reflectancia.npy,FIRMAS/cubos/resultados_cubos_soil_bandas/Soil_683__cube_20260626_154621/2px_84_bandas/Soil_683__84_Bandas_mascara_soil.npy,1,0.7610493827160494,0.0018099988799152866
684,FIRMAS/cubos/resultados_cubos_soil_bandas/Soil_684__cube_20260626_154903/2px_84_bandas/Soil_684__84_Bandas_cubo_recorte_cuadrado_reflectancia.npy,FIRMAS/cubos/resultados_cubos_soil_bandas/Soil_684__cube_20260626_154903/2px_84_bandas/Soil_684__84_Bandas_mascara_soil.npy,1,0.5235493827160493,0.0026914320523941937
685,FIRMAS/cubos/resultados_cubos_soil_bandas/Soil_685__cube_20260627_110852/2px_84_bandas/Soil_685__84_Bandas_cubo_recorte_cuadrado_reflectancia.npy,FIRMAS/cubos/resultados_cubos_soil_bandas/Soil_685__cube_20260627_110852/2px_84_bandas/Soil_685__84_Bandas_mascara_soil.npy,1,0.4456481481481481,0.0017503850352386108
687,FIRMAS/cubos/resultados_cubos_soil_bandas/Soil_687__cube_20260626_154059/2px_84_bandas/Soil_687__84_Bandas_cubo_recorte_cuadrado_reflectancia.npy,FIRMAS/cubos/resultados_cubos_soil_bandas/Soil_687__cube_20260626_154059/2px_84_bandas/Soil_687__84_Bandas_mascara_soil.npy,1,0.6442592592592593,0.0008862700009580893
688,FIRMAS/cubos/resultados_cubos_soil_bandas/Soil_688__cube_20260626_153634/2px_84_bandas/Soil_688__84_Bandas_cubo_recorte_cuadrado_reflectancia.npy,FIRMAS/cubos/resultados_cubos_soil_bandas/Soil_688__cube_20260626_153634/2px_84_bandas/Soil_688__84_Bandas_mascara_soil.npy,1,0.7852777777777777,0.0005422952893769928
689,FIRMAS/cubos/resultados_cubos_soil_bandas/Soil_689__cube_20260627_090929/2px_84_bandas/Soil_689__84_Bandas_cubo_recorte_cuadrado_reflectancia.npy,FIRMAS/cubos/resultados_cubos_soil_bandas/Soil_689__cube_20260627_090929/2px_84_bandas/Soil_689__84_Bandas_mascara_soil.npy,1,0.7852777777777777,0.0019979300134942424
690,FIRMAS/cubos/resultados_cubos_soil_bandas/Soil_690__cube_20260627_111333/2px_84_bandas/Soil_690__84_Bandas_cubo_recorte_cuadrado_reflectancia.npy,FIRMAS/cubos/resultados_cubos_soil_bandas/Soil_690__cube_20260627_111333/2px_84_bandas/Soil_690__84_Bandas_mascara_soil.npy,1,0.5528703703703703,0.000736363322194844
691,FIRMAS/cubos/resultados_cubos_soil_bandas/Soil_691__cube_20260626_153235/2px_84_bandas/Soil_691__84_Bandas_cubo_recorte_cuadrado_reflectancia.npy,FIRMAS/cubos/resultados_cubos_soil_bandas/Soil_691__cube_20260626_153235/2px_84_bandas/Soil_691__84_Bandas_mascara_soil.npy,1,0.7772530864197531,0.0004609118396197154
692,FIRMAS/cubos/resultados_cubos_soil_bandas/Soil_692__cube_20260627_105259/2px_84_bandas/Soil_692__84_Bandas_cubo_recorte_cuadrado_reflectancia.npy,FIRMAS/cubos/resultados_cubos_soil_bandas/Soil_692__cube_20260627_105259/2px_84_bandas/Soil_692__84_Bandas_mascara_soil.npy,1,0.7037037037037037,0.0005780075187969969
693,FIRMAS/cubos/resultados_cubos_soil_bandas/Soil_693__cube_20260626_153454/2px_84_bandas/Soil_693__84_Bandas_cubo_recorte_cuadrado_reflectancia.npy,FIRMAS/cubos/resultados_cubos_soil_bandas/Soil_693__cube_20260626_153454/2px_84_bandas/Soil_693__84_Bandas_mascara_soil.npy,1,0.6891666666666667,0.000892497264927683
694,FIRMAS/cubos/resultados_cubos_soil_bandas/Soil_694__cube_20260626_160014/2px_84_bandas/Soil_694__84_Bandas_cubo_recorte_cuadrado_reflectancia.npy,FIRMAS/cubos/resultados_cubos_soil_bandas/Soil_694__cube_20260626_160014/2px_84_bandas/Soil_694__84_Bandas_mascara_soil.npy,1,0.4210185185185185,0.0015892215694283118
695,FIRMAS/cubos/resultados_cubos_soil_bandas/Soil_695__cube_20260627_090815/2px_84_bandas/Soil_695__84_Bandas_cubo_recorte_cuadrado_reflectancia.npy,FIRMAS/cubos/resultados_cubos_soil_bandas/Soil_695__cube_20260627_090815/2px_84_bandas/Soil_695__84_Bandas_mascara_soil.npy,1,0.7852777777777777,6.363430487943411e-05
696,FIRMAS/cubos/resultados_cubos_soil_bandas/Soil_696__cube_20260627_092828/2px_84_bandas/Soil_696__84_Bandas_cubo_recorte_cuadrado_reflectancia.npy,FIRMAS/cubos/resultados_cubos_soil_bandas/Soil_696__cube_20260627_092828/2px_84_bandas/Soil_696__84_Bandas_mascara_soil.npy,1,0.43425925925925923,0.0012894710122854924
697,FIRMAS/cubos/resultados_cubos_soil_bandas/Soil_697__cube_20260626_161128/2px_84_bandas/Soil_697__84_Bandas_cubo_recorte_cuadrado_reflectancia.npy,FIRMAS/cubos/resultados_cubos_soil_bandas/Soil_697__cube_20260626_161128/2px_84_bandas/Soil_697__84_Bandas_mascara_soil.npy,1,0.5159259259259259,0.002627223418680713
698,FIRMAS/cubos/resultados_cubos_soil_bandas/Soil_698__cube_20260626_160906/2px_84_bandas/Soil_698__84_Bandas_cubo_recorte_cuadrado_reflectancia.npy,FIRMAS/cubos/resultados_cubos_soil_bandas/Soil_698__cube_20260626_160906/2px_84_bandas/Soil_698__84_Bandas_mascara_soil.npy,1,0.48910493827160495,0.0007775243624300598
699,FIRMAS/cubos/resultados_cubos_soil_bandas/Soil_699__cube_20260626_093202/2px_84_bandas/Soil_699__84_Bandas_cubo_recorte_cuadrado_reflectancia.npy,FIRMAS/cubos/resultados_cubos_soil_bandas/Soil_699__cube_20260626_093202/2px_84_bandas/Soil_699__84_Bandas_mascara_soil.npy,1,0.6886111111111111,0.0005271796316572708
700,FIRMAS/cubos/resultados_cubos_soil_bandas/Soil_700__cube_20260627_094605/2px_84_bandas/Soil_700__84_Bandas_cubo_recorte_cuadrado_reflectancia.npy,FIRMAS/cubos/resultados_cubos_soil_bandas/Soil_700__cube_20260627_094605/2px_84_bandas/Soil_700__84_Bandas_mascara_soil.npy,1,0.7852777777777777,0.0004744498907922612
701,FIRMAS/cubos/resultados_cubos_soil_bandas/Soil_701__cube_20260626_114044/2px_84_bandas/Soil_701__84_Bandas_cubo_recorte_cuadrado_reflectancia.npy,FIRMAS/cubos/resultados_cubos_soil_bandas/Soil_701__cube_20260626_114044/2px_84_bandas/Soil_701__84_Bandas_mascara_soil.npy,1,0.7852777777777777,2.6202360832727756e-05
702,FIRMAS/cubos/resultados_cubos_soil_bandas/Soil_702__cube_20260626_105607/2px_84_bandas/Soil_702__84_Bandas_cubo_recorte_cuadrado_reflectancia.npy,FIRMAS/cubos/resultados_cubos_soil_bandas/Soil_702__cube_20260626_105607/2px_84_bandas/Soil_702__84_Bandas_mascara_soil.npy,1,0.6430246913580246,0.0010811082616785095
703,FIRMAS/cubos/resultados_cubos_soil_bandas/Soil_703__cube_20260627_094017/2px_84_bandas/Soil_703__84_Bandas_cubo_recorte_cuadrado_reflectancia.npy,FIRMAS/cubos/resultados_cubos_soil_bandas/Soil_703__cube_20260627_094017/2px_84_bandas/Soil_703__84_Bandas_mascara_soil.npy,1,0.7852777777777777,0.0012876588752075424
704,FIRMAS/cubos/resultados_cubos_soil_bandas/Soil_704__cube_20260627_111102/2px_84_bandas/Soil_704__84_Bandas_cubo_recorte_cuadrado_reflectancia.npy,FIRMAS/cubos/resultados_cubos_soil_bandas/Soil_704__cube_20260627_111102/2px_84_bandas/Soil_704__84_Bandas_mascara_soil.npy,1,0.49074074074074076,0.001550613956274316
705,FIRMAS/cubos/resultados_cubos_soil_bandas/Soil_705__cube_20260625_162701/2px_84_bandas/Soil_705__84_Bandas_cubo_recorte_cuadrado_reflectancia.npy,FIRMAS/cubos/resultados_cubos_soil_bandas/Soil_705__cube_20260625_162701/2px_84_bandas/Soil_705__84_Bandas_mascara_soil.npy,1,0.7852777777777777,0.0009343949032665222
706,FIRMAS/cubos/resultados_cubos_soil_bandas/Soil_706__cube_20260626_093614/2px_84_bandas/Soil_706__84_Bandas_cubo_recorte_cuadrado_reflectancia.npy,FIRMAS/cubos/resultados_cubos_soil_bandas/Soil_706__cube_20260626_093614/2px_84_bandas/Soil_706__84_Bandas_mascara_soil.npy,1,0.7852777777777777,0.0004898905677115373
707,FIRMAS/cubos/resultados_cubos_soil_bandas/Soil_707__cube_20260625_162750/2px_84_bandas/Soil_707__84_Bandas_cubo_recorte_cuadrado_reflectancia.npy,FIRMAS/cubos/resultados_cubos_soil_bandas/Soil_707__cube_20260625_162750/2px_84_bandas/Soil_707__84_Bandas_mascara_soil.npy,1,0.4431481481481481,0.0006425818690758422
708,FIRMAS/cubos/resultados_cubos_soil_bandas/Soil_708__cube_20260626_161553/2px_84_bandas/Soil_708__84_Bandas_cubo_recorte_cuadrado_reflectancia.npy,FIRMAS/cubos/resultados_cubos_soil_bandas/Soil_708__cube_20260626_161553/2px_84_bandas/Soil_708__84_Bandas_mascara_soil.npy,1,0.7852777777777777,0.002386754332279639
709,FIRMAS/cubos/resultados_cubos_soil_bandas/Soil_709__cube_20260626_093417/2px_84_bandas/Soil_709__84_Bandas_cubo_recorte_cuadrado_reflectancia.npy,FIRMAS/cubos/resultados_cubos_soil_bandas/Soil_709__cube_20260626_093417/2px_84_bandas/Soil_709__84_Bandas_mascara_soil.npy,1,0.5512037037037038,0.0010778878996584584
710,FIRMAS/cubos/resultados_cubos_soil_bandas/Soil_710__cube_20260626_094034/2px_84_bandas/Soil_710__84_Bandas_cubo_recorte_cuadrado_reflectancia.npy,FIRMAS/cubos/resultados_cubos_soil_bandas/Soil_710__cube_20260626_094034/2px_84_bandas/Soil_710__84_Bandas_mascara_soil.npy,1,0.8059567901234568,0.0006418988535176195
711,FIRMAS/cubos/resultados_cubos_soil_bandas/Soil_711__cube_20260626_105421/2px_84_bandas/Soil_711__84_Bandas_cubo_recorte_cuadrado_reflectancia.npy,FIRMAS/cubos/resultados_cubos_soil_bandas/Soil_711__cube_20260626_105421/2px_84_bandas/Soil_711__84_Bandas_mascara_soil.npy,1,0.7852777777777777,0.0011164077311937026
712,FIRMAS/cubos/resultados_cubos_soil_bandas/Soil_712__cube_20260627_092623/2px_84_bandas/Soil_712__84_Bandas_cubo_recorte_cuadrado_reflectancia.npy,FIRMAS/cubos/resultados_cubos_soil_bandas/Soil_712__cube_20260627_092623/2px_84_bandas/Soil_712__84_Bandas_mascara_soil.npy,1,0.7852777777777777,0.0009938181144406588
713,FIRMAS/cubos/resultados_cubos_soil_bandas/Soil_713__cube_20260708_153613/2px_84_bandas/Soil_713__84_Bandas_cubo_recorte_cuadrado_reflectancia.npy,FIRMAS/cubos/resultados_cubos_soil_bandas/Soil_713__cube_20260708_153613/2px_84_bandas/Soil_713__84_Bandas_mascara_soil.npy,1,0.7852777777777777,0.0003832095271784075
714,FIRMAS/cubos/resultados_cubos_soil_bandas/Soil_714__cube_20260627_094246/2px_84_bandas/Soil_714__84_Bandas_cubo_recorte_cuadrado_reflectancia.npy,FIRMAS/cubos/resultados_cubos_soil_bandas/Soil_714__cube_20260627_094246/2px_84_bandas/Soil_714__84_Bandas_mascara_soil.npy,1,0.7852777777777777,0.001484644480753472
715,FIRMAS/cubos/resultados_cubos_soil_bandas/Soil_715__cube_20260625_161801/2px_84_bandas/Soil_715__84_Bandas_cubo_recorte_cuadrado_reflectancia.npy,FIRMAS/cubos/resultados_cubos_soil_bandas/Soil_715__cube_20260625_161801/2px_84_bandas/Soil_715__84_Bandas_mascara_soil.npy,1,0.7852777777777777,0.0008543841228666471
716,FIRMAS/cubos/resultados_cubos_soil_bandas/Soil_716__cube_20260626_095245/2px_84_bandas/Soil_716__84_Bandas_cubo_recorte_cuadrado_reflectancia.npy,FIRMAS/cubos/resultados_cubos_soil_bandas/Soil_716__cube_20260626_095245/2px_84_bandas/Soil_716__84_Bandas_mascara_soil.npy,1,0.7852777777777777,0.0006756465900434883
717,FIRMAS/cubos/resultados_cubos_soil_bandas/Soil_717__cube_20260626_094534/2px_84_bandas/Soil_717__84_Bandas_cubo_recorte_cuadrado_reflectancia.npy,FIRMAS/cubos/resultados_cubos_soil_bandas/Soil_717__cube_20260626_094534/2px_84_bandas/Soil_717__84_Bandas_mascara_soil.npy,1,0.7852777777777777,0.0007004452529744132
718,FIRMAS/cubos/resultados_cubos_soil_bandas/Soil_718__cube_20260626_093008/2px_84_bandas/Soil_718__84_Bandas_cubo_recorte_cuadrado_reflectancia.npy,FIRMAS/cubos/resultados_cubos_soil_bandas/Soil_718__cube_20260626_093008/2px_84_bandas/Soil_718__84_Bandas_mascara_soil.npy,1,0.7852777777777777,0.00023348175099147106
719,FIRMAS/cubos/resultados_cubos_soil_bandas/Soil_719__cube_20260626_113937/2px_84_bandas/Soil_719__84_Bandas_cubo_recorte_cuadrado_reflectancia.npy,FIRMAS/cubos/resultados_cubos_soil_bandas/Soil_719__cube_20260626_113937/2px_84_bandas/Soil_719__84_Bandas_mascara_soil.npy,1,0.8678395061728396,9.653196224079785e-05
720,FIRMAS/cubos/resultados_cubos_soil_bandas/Soil_720__cube_20260626_113527/2px_84_bandas/Soil_720__84_Bandas_cubo_recorte_cuadrado_reflectancia.npy,FIRMAS/cubos/resultados_cubos_soil_bandas/Soil_720__cube_20260626_113527/2px_84_bandas/Soil_720__84_Bandas_mascara_soil.npy,1,0.9730246913580247,1.1328517958153483e-06
721,FIRMAS/cubos/resultados_cubos_soil_bandas/Soil_721__cube_20260430_220712/2px_84_bandas/Soil_721__84_Bandas_cubo_recorte_cuadrado_reflectancia.npy,FIRMAS/cubos/resultados_cubos_soil_bandas/Soil_721__cube_20260430_220712/2px_84_bandas/Soil_721__84_Bandas_mascara_soil.npy,1,0.7376851851851852,0.0038686366978070152
722,FIRMAS/cubos/resultados_cubos_soil_bandas/Soil_722__cube_20260627_091300/2px_84_bandas/Soil_722__84_Bandas_cubo_recorte_cuadrado_reflectancia.npy,FIRMAS/cubos/resultados_cubos_soil_bandas/Soil_722__cube_20260627_091300/2px_84_bandas/Soil_722__84_Bandas_mascara_soil.npy,1,0.7852777777777777,0.00015955366149922323
723,FIRMAS/cubos/resultados_cubos_soil_bandas/Soil_723__cube_20260625_161609/2px_84_bandas/Soil_723__84_Bandas_cubo_recorte_cuadrado_reflectancia.npy,FIRMAS/cubos/resultados_cubos_soil_bandas/Soil_723__cube_20260625_161609/2px_84_bandas/Soil_723__84_Bandas_mascara_soil.npy,1,0.8767592592592592,0.0
724,FIRMAS/cubos/resultados_cubos_soil_bandas/Soil_724__cube_20260626_115146/2px_84_bandas/Soil_724__84_Bandas_cubo_recorte_cuadrado_reflectancia.npy,FIRMAS/cubos/resultados_cubos_soil_bandas/Soil_724__cube_20260626_115146/2px_84_bandas/Soil_724__84_Bandas_mascara_soil.npy,1,0.3347222222222222,0.0011449208544643819
725,FIRMAS/cubos/resultados_cubos_soil_bandas/Soil_725__cube_20260626_093518/2px_84_bandas/Soil_725__84_Bandas_cubo_recorte_cuadrado_reflectancia.npy,FIRMAS/cubos/resultados_cubos_soil_bandas/Soil_725__cube_20260626_093518/2px_84_bandas/Soil_725__84_Bandas_mascara_soil.npy,1,0.7852777777777777,0.0008108694879123135
726,FIRMAS/cubos/resultados_cubos_soil_bandas/Soil_726__cube_20260626_103447/2px_84_bandas/Soil_726__84_Bandas_cubo_recorte_cuadrado_reflectancia.npy,FIRMAS/cubos/resultados_cubos_soil_bandas/Soil_726__cube_20260626_103447/2px_84_bandas/Soil_726__84_Bandas_mascara_soil.npy,1,0.7852777777777777,8.890086711121903e-06
727,FIRMAS/cubos/resultados_cubos_soil_bandas/Soil_727__cube_20260626_104057/2px_84_bandas/Soil_727__84_Bandas_cubo_recorte_cuadrado_reflectancia.npy,FIRMAS/cubos/resultados_cubos_soil_bandas/Soil_727__cube_20260626_104057/2px_84_bandas/Soil_727__84_Bandas_mascara_soil.npy,1,0.45287037037037037,0.0006928826188691284
728,FIRMAS/cubos/resultados_cubos_soil_bandas/Soil_728__cube_20260627_091105/2px_84_bandas/Soil_728__84_Bandas_cubo_recorte_cuadrado_reflectancia.npy,FIRMAS/cubos/resultados_cubos_soil_bandas/Soil_728__cube_20260627_091105/2px_84_bandas/Soil_728__84_Bandas_mascara_soil.npy,1,0.8743518518518518,0.0005879050409390851
729,FIRMAS/cubos/resultados_cubos_soil_bandas/Soil_729__cube_20260626_114258/2px_84_bandas/Soil_729__84_Bandas_cubo_recorte_cuadrado_reflectancia.npy,FIRMAS/cubos/resultados_cubos_soil_bandas/Soil_729__cube_20260626_114258/2px_84_bandas/Soil_729__84_Bandas_mascara_soil.npy,1,0.7852777777777777,6.831329788525853e-05
730,FIRMAS/cubos/resultados_cubos_soil_bandas/Soil_730__cube_20260626_152230/2px_84_bandas/Soil_730__84_Bandas_cubo_recorte_cuadrado_reflectancia.npy,FIRMAS/cubos/resultados_cubos_soil_bandas/Soil_730__cube_20260626_152230/2px_84_bandas/Soil_730__84_Bandas_mascara_soil.npy,1,0.9151543209876544,6.544387003726282e-05
731,FIRMAS/cubos/resultados_cubos_soil_bandas/Soil_731__cube_20260626_120145/2px_84_bandas/Soil_731__84_Bandas_cubo_recorte_cuadrado_reflectancia.npy,FIRMAS/cubos/resultados_cubos_soil_bandas/Soil_731__cube_20260626_120145/2px_84_bandas/Soil_731__84_Bandas_mascara_soil.npy,1,0.8144753086419753,0.0006618017247446151
732,FIRMAS/cubos/resultados_cubos_soil_bandas/Soil_732__cube_20260626_115435/2px_84_bandas/Soil_732__84_Bandas_cubo_recorte_cuadrado_reflectancia.npy,FIRMAS/cubos/resultados_cubos_soil_bandas/Soil_732__cube_20260626_115435/2px_84_bandas/Soil_732__84_Bandas_mascara_soil.npy,1,0.7852777777777777,0.000290565465662751
733,FIRMAS/cubos/resultados_cubos_soil_bandas/Soil_733__cube_20260626_154308/2px_84_bandas/Soil_733__84_Bandas_cubo_recorte_cuadrado_reflectancia.npy,FIRMAS/cubos/resultados_cubos_soil_bandas/Soil_733__cube_20260626_154308/2px_84_bandas/Soil_733__84_Bandas_mascara_soil.npy,1,0.7852777777777777,0.001097223859869767
734,FIRMAS/cubos/resultados_cubos_soil_bandas/Soil_734__cube_20260626_152419/2px_84_bandas/Soil_734__84_Bandas_cubo_recorte_cuadrado_reflectancia.npy,FIRMAS/cubos/resultados_cubos_soil_bandas/Soil_734__cube_20260626_152419/2px_84_bandas/Soil_734__84_Bandas_mascara_soil.npy,1,0.8737654320987654,1.1353888075937846e-05
735,FIRMAS/cubos/resultados_cubos_soil_bandas/Soil_735__cube_20260626_155529/2px_84_bandas/Soil_735__84_Bandas_cubo_recorte_cuadrado_reflectancia.npy,FIRMAS/cubos/resultados_cubos_soil_bandas/Soil_735__cube_20260626_155529/2px_84_bandas/Soil_735__84_Bandas_mascara_soil.npy,1,0.9496296296296296,0.001972132456726894
736,FIRMAS/cubos/resultados_cubos_soil_bandas/Soil_736__cube_20260627_091932/2px_84_bandas/Soil_736__84_Bandas_cubo_recorte_cuadrado_reflectancia.npy,FIRMAS/cubos/resultados_cubos_soil_bandas/Soil_736__cube_20260627_091932/2px_84_bandas/Soil_736__84_Bandas_mascara_soil.npy,1,0.7852777777777777,0.0005998469033487996
737,FIRMAS/cubos/resultados_cubos_soil_bandas/Soil_737__cube_20260627_094936/2px_84_bandas/Soil_737__84_Bandas_cubo_recorte_cuadrado_reflectancia.npy,FIRMAS/cubos/resultados_cubos_soil_bandas/Soil_737__cube_20260627_094936/2px_84_bandas/Soil_737__84_Bandas_mascara_soil.npy,1,0.7760493827160494,0.0006803668015090691
738,FIRMAS/cubos/resultados_cubos_soil_bandas/Soil_738__cube_20260627_092148/2px_84_bandas/Soil_738__84_Bandas_cubo_recorte_cuadrado_reflectancia.npy,FIRMAS/cubos/resultados_cubos_soil_bandas/Soil_738__cube_20260627_092148/2px_84_bandas/Soil_738__84_Bandas_mascara_soil.npy,1,0.7852777777777777,0.00041175138451399196
739,FIRMAS/cubos/resultados_cubos_soil_bandas/Soil_739__cube_20260627_092354/2px_84_bandas/Soil_739__84_Bandas_cubo_recorte_cuadrado_reflectancia.npy,FIRMAS/cubos/resultados_cubos_soil_bandas/Soil_739__cube_20260627_092354/2px_84_bandas/Soil_739__84_Bandas_mascara_soil.npy,1,0.7852777777777777,0.0012853193787045747
740,FIRMAS/cubos/resultados_cubos_soil_bandas/Soil_740__cube_20260626_114702/2px_84_bandas/Soil_740__84_Bandas_cubo_recorte_cuadrado_reflectancia.npy,FIRMAS/cubos/resultados_cubos_soil_bandas/Soil_740__cube_20260626_114702/2px_84_bandas/Soil_740__84_Bandas_mascara_soil.npy,1,0.8726543209876543,0.0007103110042205873
741,FIRMAS/cubos/resultados_cubos_soil_bandas/Soil_741__cube_20260625_162511/2px_84_bandas/Soil_741__84_Bandas_cubo_recorte_cuadrado_reflectancia.npy,FIRMAS/cubos/resultados_cubos_soil_bandas/Soil_741__cube_20260625_162511/2px_84_bandas/Soil_741__84_Bandas_mascara_soil.npy,1,0.9705864197530865,7.117038948378784e-05
742,FIRMAS/cubos/resultados_cubos_soil_bandas/Soil_742__cube_20260627_105638/2px_84_bandas/Soil_742__84_Bandas_cubo_recorte_cuadrado_reflectancia.npy,FIRMAS/cubos/resultados_cubos_soil_bandas/Soil_742__cube_20260627_105638/2px_84_bandas/Soil_742__84_Bandas_mascara_soil.npy,1,0.6075308641975309,0.0008981188492466208
743,FIRMAS/cubos/resultados_cubos_soil_bandas/Soil_743__cube_20260626_161424/2px_84_bandas/Soil_743__84_Bandas_cubo_recorte_cuadrado_reflectancia.npy,FIRMAS/cubos/resultados_cubos_soil_bandas/Soil_743__cube_20260626_161424/2px_84_bandas/Soil_743__84_Bandas_mascara_soil.npy,1,0.31074074074074076,0.002603723253306045
744,FIRMAS/cubos/resultados_cubos_soil_bandas/Soil_744__cube_20260626_095347/2px_84_bandas/Soil_744__84_Bandas_cubo_recorte_cuadrado_reflectancia.npy,FIRMAS/cubos/resultados_cubos_soil_bandas/Soil_744__cube_20260626_095347/2px_84_bandas/Soil_744__84_Bandas_mascara_soil.npy,1,0.6454012345679012,0.0005448260314120379
745,FIRMAS/cubos/resultados_cubos_soil_bandas/Soil_745__cube_20260626_160701/2px_84_bandas/Soil_745__84_Bandas_cubo_recorte_cuadrado_reflectancia.npy,FIRMAS/cubos/resultados_cubos_soil_bandas/Soil_745__cube_20260626_160701/2px_84_bandas/Soil_745__84_Bandas_mascara_soil.npy,1,0.8779320987654321,0.0017996300295474166
746,FIRMAS/cubos/resultados_cubos_soil_bandas/Soil_746__cube_20260626_160413/2px_84_bandas/Soil_746__84_Bandas_cubo_recorte_cuadrado_reflectancia.npy,FIRMAS/cubos/resultados_cubos_soil_bandas/Soil_746__cube_20260626_160413/2px_84_bandas/Soil_746__84_Bandas_mascara_soil.npy,1,0.7852777777777777,0.002558473375594006
747,FIRMAS/cubos/resultados_cubos_soil_bandas/Soil_747__cube_20260626_115656/2px_84_bandas/Soil_747__84_Bandas_cubo_recorte_cuadrado_reflectancia.npy,FIRMAS/cubos/resultados_cubos_soil_bandas/Soil_747__cube_20260626_115656/2px_84_bandas/Soil_747__84_Bandas_mascara_soil.npy,1,0.7852777777777777,0.0010134698850652324
748,FIRMAS/cubos/resultados_cubos_soil_bandas/Soil_748__cube_20260627_104644/2px_84_bandas/Soil_748__84_Bandas_cubo_recorte_cuadrado_reflectancia.npy,FIRMAS/cubos/resultados_cubos_soil_bandas/Soil_748__cube_20260627_104644/2px_84_bandas/Soil_748__84_Bandas_mascara_soil.npy,1,0.7852777777777777,0.0002470508307084174
749,FIRMAS/cubos/resultados_cubos_soil_bandas/Soil_749__cube_20260626_115926/2px_84_bandas/Soil_749__84_Bandas_cubo_recorte_cuadrado_reflectancia.npy,FIRMAS/cubos/resultados_cubos_soil_bandas/Soil_749__cube_20260626_115926/2px_84_bandas/Soil_749__84_Bandas_mascara_soil.npy,1,0.7852777777777777,0.0014205422765734
750,FIRMAS/cubos/resultados_cubos_soil_bandas/Soil_750__cube_20260626_094806/2px_84_bandas/Soil_750__84_Bandas_cubo_recorte_cuadrado_reflectancia.npy,FIRMAS/cubos/resultados_cubos_soil_bandas/Soil_750__cube_20260626_094806/2px_84_bandas/Soil_750__84_Bandas_mascara_soil.npy,1,0.7852777777777777,0.0008253743662304247
751,FIRMAS/cubos/resultados_cubos_soil_bandas/Soil_751__cube_20260626_103801/2px_84_bandas/Soil_751__84_Bandas_cubo_recorte_cuadrado_reflectancia.npy,FIRMAS/cubos/resultados_cubos_soil_bandas/Soil_751__cube_20260626_103801/2px_84_bandas/Soil_751__84_Bandas_mascara_soil.npy,1,0.9366975308641975,0.0005385758375971994
752,FIRMAS/cubos/resultados_cubos_soil_bandas/Soil_752__cube_20260626_103155/2px_84_bandas/Soil_752__84_Bandas_cubo_recorte_cuadrado_reflectancia.npy,FIRMAS/cubos/resultados_cubos_soil_bandas/Soil_752__cube_20260626_103155/2px_84_bandas/Soil_752__84_Bandas_mascara_soil.npy,1,0.9233024691358025,0.00027578138057826607
753,FIRMAS/cubos/resultados_cubos_soil_bandas/Soil_753__cube_20260626_102943/2px_84_bandas/Soil_753__84_Bandas_cubo_recorte_cuadrado_reflectancia.npy,FIRMAS/cubos/resultados_cubos_soil_bandas/Soil_753__cube_20260626_102943/2px_84_bandas/Soil_753__84_Bandas_mascara_soil.npy,1,0.3617592592592593,1.9297882108193498e-05
754,FIRMAS/cubos/resultados_cubos_soil_bandas/Soil_754__cube_20260626_094708/2px_84_bandas/Soil_754__84_Bandas_cubo_recorte_cuadrado_reflectancia.npy,FIRMAS/cubos/resultados_cubos_soil_bandas/Soil_754__cube_20260626_094708/2px_84_bandas/Soil_754__84_Bandas_mascara_soil.npy,1,0.9754938271604938,0.0009672666130300378
755,FIRMAS/cubos/resultados_cubos_soil_bandas/Soil_755__cube_20260626_114146/2px_84_bandas/Soil_755__84_Bandas_cubo_recorte_cuadrado_reflectancia.npy,FIRMAS/cubos/resultados_cubos_soil_bandas/Soil_755__cube_20260626_114146/2px_84_bandas/Soil_755__84_Bandas_mascara_soil.npy,1,0.7852777777777777,0.0004154945789186515
756,FIRMAS/cubos/resultados_cubos_soil_bandas/Soil_756__cube_20260626_094900/2px_84_bandas/Soil_756__84_Bandas_cubo_recorte_cuadrado_reflectancia.npy,FIRMAS/cubos/resultados_cubos_soil_bandas/Soil_756__cube_20260626_094900/2px_84_bandas/Soil_756__84_Bandas_mascara_soil.npy,1,0.9161419753086419,0.0010515879700261355
757,FIRMAS/cubos/resultados_cubos_soil_bandas/Soil_757__cube_20260626_103658/2px_84_bandas/Soil_757__84_Bandas_cubo_recorte_cuadrado_reflectancia.npy,FIRMAS/cubos/resultados_cubos_soil_bandas/Soil_757__cube_20260626_103658/2px_84_bandas/Soil_757__84_Bandas_mascara_soil.npy,1,0.7852777777777777,0.00046275240827764463
758,FIRMAS/cubos/resultados_cubos_soil_bandas/Soil_758__cube_20260625_150958/2px_84_bandas/Soil_758__84_Bandas_cubo_recorte_cuadrado_reflectancia.npy,FIRMAS/cubos/resultados_cubos_soil_bandas/Soil_758__cube_20260625_150958/2px_84_bandas/Soil_758__84_Bandas_mascara_soil.npy,1,0.7852777777777777,0.0001581499635974204
759,FIRMAS/cubos/resultados_cubos_soil_bandas/Soil_759__cube_20260626_103308/2px_84_bandas/Soil_759__84_Bandas_cubo_recorte_cuadrado_reflectancia.npy,FIRMAS/cubos/resultados_cubos_soil_bandas/Soil_759__cube_20260626_103308/2px_84_bandas/Soil_759__84_Bandas_mascara_soil.npy,1,0.8026234567901235,7.736607428976416e-05
760,FIRMAS/cubos/resultados_cubos_soil_bandas/Soil_760__cube_20260626_114931/2px_84_bandas/Soil_760__84_Bandas_cubo_recorte_cuadrado_reflectancia.npy,FIRMAS/cubos/resultados_cubos_soil_bandas/Soil_760__cube_20260626_114931/2px_84_bandas/Soil_760__84_Bandas_mascara_soil.npy,1,0.9049074074074074,0.000542472864175525
761,FIRMAS/cubos/resultados_cubos_soil_bandas/Soil_761__cube_20260626_104933/2px_84_bandas/Soil_761__84_Bandas_cubo_recorte_cuadrado_reflectancia.npy,FIRMAS/cubos/resultados_cubos_soil_bandas/Soil_761__cube_20260626_104933/2px_84_bandas/Soil_761__84_Bandas_mascara_soil.npy,1,0.8909259259259259,0.0006025378349219235
762,FIRMAS/cubos/resultados_cubos_soil_bandas/Soil_762__cube_20260626_114600/2px_84_bandas/Soil_762__84_Bandas_cubo_recorte_cuadrado_reflectancia.npy,FIRMAS/cubos/resultados_cubos_soil_bandas/Soil_762__cube_20260626_114600/2px_84_bandas/Soil_762__84_Bandas_mascara_soil.npy,1,0.7852777777777777,0.0002929049621656077
763,FIRMAS/cubos/resultados_cubos_soil_bandas/Soil_763__cube_20260626_114402/2px_84_bandas/Soil_763__84_Bandas_cubo_recorte_cuadrado_reflectancia.npy,FIRMAS/cubos/resultados_cubos_soil_bandas/Soil_763__cube_20260626_114402/2px_84_bandas/Soil_763__84_Bandas_mascara_soil.npy,1,0.5696296296296296,0.00018964022540091108
764,FIRMAS/cubos/resultados_cubos_soil_bandas/Soil_764__cube_20260626_114501/2px_84_bandas/Soil_764__84_Bandas_cubo_recorte_cuadrado_reflectancia.npy,FIRMAS/cubos/resultados_cubos_soil_bandas/Soil_764__cube_20260626_114501/2px_84_bandas/Soil_764__84_Bandas_mascara_soil.npy,1,0.9965740740740741,0.0004077756098568308
765,FIRMAS/cubos/resultados_cubos_soil_bandas/Soil_765__cube_20260625_163143/2px_84_bandas/Soil_765__84_Bandas_cubo_recorte_cuadrado_reflectancia.npy,FIRMAS/cubos/resultados_cubos_soil_bandas/Soil_765__cube_20260625_163143/2px_84_bandas/Soil_765__84_Bandas_mascara_soil.npy,1,0.6276543209876543,0.0010625070248397872
766,FIRMAS/cubos/resultados_cubos_soil_bandas/Soil_766__cube_20260626_103101/2px_84_bandas/Soil_766__84_Bandas_cubo_recorte_cuadrado_reflectancia.npy,FIRMAS/cubos/resultados_cubos_soil_bandas/Soil_766__cube_20260626_103101/2px_84_bandas/Soil_766__84_Bandas_mascara_soil.npy,1,0.9720987654320987,0.0001734914184113867
767,FIRMAS/cubos/resultados_cubos_soil_bandas/Soil_767__cube_20260701_094250/2px_84_bandas/Soil_767__84_Bandas_cubo_recorte_cuadrado_reflectancia.npy,FIRMAS/cubos/resultados_cubos_soil_bandas/Soil_767__cube_20260701_094250/2px_84_bandas/Soil_767__84_Bandas_mascara_soil.npy,1,0.44188271604938273,0.00011558021266755425
768,FIRMAS/cubos/resultados_cubos_soil_bandas/Soil_768__cube_20260625_161514/2px_84_bandas/Soil_768__84_Bandas_cubo_recorte_cuadrado_reflectancia.npy,FIRMAS/cubos/resultados_cubos_soil_bandas/Soil_768__cube_20260625_161514/2px_84_bandas/Soil_768__84_Bandas_mascara_soil.npy,1,0.703395061728395,0.0
769,FIRMAS/cubos/resultados_cubos_soil_bandas/Soil_769__cube_20260626_105144/2px_84_bandas/Soil_769__84_Bandas_cubo_recorte_cuadrado_reflectancia.npy,FIRMAS/cubos/resultados_cubos_soil_bandas/Soil_769__cube_20260626_105144/2px_84_bandas/Soil_769__84_Bandas_mascara_soil.npy,1,0.7852777777777777,0.0014420656444003033
770,FIRMAS/cubos/resultados_cubos_soil_bandas/Soil_770__cube_20260625_162158/2px_84_bandas/Soil_770__84_Bandas_cubo_recorte_cuadrado_reflectancia.npy,FIRMAS/cubos/resultados_cubos_soil_bandas/Soil_770__cube_20260625_162158/2px_84_bandas/Soil_770__84_Bandas_mascara_soil.npy,1,0.8163271604938271,6.886568760366973e-05
771,FIRMAS/cubos/resultados_cubos_soil_bandas/Soil_771__cube_20260702_132537/2px_84_bandas/Soil_771__84_Bandas_cubo_recorte_cuadrado_reflectancia.npy,FIRMAS/cubos/resultados_cubos_soil_bandas/Soil_771__cube_20260702_132537/2px_84_bandas/Soil_771__84_Bandas_mascara_soil.npy,1,0.572253086419753,0.00013804669702410788
772,FIRMAS/cubos/resultados_cubos_soil_bandas/Soil_772__cube_20260702_125719/2px_84_bandas/Soil_772__84_Bandas_cubo_recorte_cuadrado_reflectancia.npy,FIRMAS/cubos/resultados_cubos_soil_bandas/Soil_772__cube_20260702_125719/2px_84_bandas/Soil_772__84_Bandas_mascara_soil.npy,1,0.5354938271604939,0.0
773,FIRMAS/cubos/resultados_cubos_soil_bandas/Soil_773__cube_20260613_090741/2px_84_bandas/Soil_773__84_Bandas_cubo_recorte_cuadrado_reflectancia.npy,FIRMAS/cubos/resultados_cubos_soil_bandas/Soil_773__cube_20260613_090741/2px_84_bandas/Soil_773__84_Bandas_mascara_soil.npy,1,0.43929012345679014,0.004052453553612834
774,FIRMAS/cubos/resultados_cubos_soil_bandas/Soil_774__cube_20260702_161612/2px_84_bandas/Soil_774__84_Bandas_cubo_recorte_cuadrado_reflectancia.npy,FIRMAS/cubos/resultados_cubos_soil_bandas/Soil_774__cube_20260702_161612/2px_84_bandas/Soil_774__84_Bandas_mascara_soil.npy,1,0.543395061728395,0.00022246203945619492
775,FIRMAS/cubos/resultados_cubos_soil_bandas/Soil_775__cube_20260702_155920/2px_84_bandas/Soil_775__84_Bandas_cubo_recorte_cuadrado_reflectancia.npy,FIRMAS/cubos/resultados_cubos_soil_bandas/Soil_775__cube_20260702_155920/2px_84_bandas/Soil_775__84_Bandas_mascara_soil.npy,1,0.7852777777777777,0.0004267241621327411
776,FIRMAS/cubos/resultados_cubos_soil_bandas/Soil_776__cube_20260701_163342/2px_84_bandas/Soil_776__84_Bandas_cubo_recorte_cuadrado_reflectancia.npy,FIRMAS/cubos/resultados_cubos_soil_bandas/Soil_776__cube_20260701_163342/2px_84_bandas/Soil_776__84_Bandas_mascara_soil.npy,1,0.7852777777777777,0.0009615330627004148
777,FIRMAS/cubos/resultados_cubos_soil_bandas/Soil_777__cube_20260702_135858/2px_84_bandas/Soil_777__84_Bandas_cubo_recorte_cuadrado_reflectancia.npy,FIRMAS/cubos/resultados_cubos_soil_bandas/Soil_777__cube_20260702_135858/2px_84_bandas/Soil_777__84_Bandas_mascara_soil.npy,1,0.5352777777777777,0.0005292378151745547
778,FIRMAS/cubos/resultados_cubos_soil_bandas/Soil_778__cube_20260702_160121/2px_84_bandas/Soil_778__84_Bandas_cubo_recorte_cuadrado_reflectancia.npy,FIRMAS/cubos/resultados_cubos_soil_bandas/Soil_778__cube_20260702_160121/2px_84_bandas/Soil_778__84_Bandas_mascara_soil.npy,1,0.7852777777777777,0.0006031221984529322
779,FIRMAS/cubos/resultados_cubos_soil_bandas/Soil_779__cube_20260702_161503/2px_84_bandas/Soil_779__84_Bandas_cubo_recorte_cuadrado_reflectancia.npy,FIRMAS/cubos/resultados_cubos_soil_bandas/Soil_779__cube_20260702_161503/2px_84_bandas/Soil_779__84_Bandas_mascara_soil.npy,1,0.7852777777777777,0.00204799523865673
780,FIRMAS/cubos/resultados_cubos_soil_bandas/Soil_780__cube_20260702_133541/2px_84_bandas/Soil_780__84_Bandas_cubo_recorte_cuadrado_reflectancia.npy,FIRMAS/cubos/resultados_cubos_soil_bandas/Soil_780__cube_20260702_133541/2px_84_bandas/Soil_780__84_Bandas_mascara_soil.npy,1,0.4144753086419753,9.928761138833231e-05
781,FIRMAS/cubos/resultados_cubos_soil_bandas/Soil_781__cube_20260702_163525/2px_84_bandas/Soil_781__84_Bandas_cubo_recorte_cuadrado_reflectancia.npy,FIRMAS/cubos/resultados_cubos_soil_bandas/Soil_781__cube_20260702_163525/2px_84_bandas/Soil_781__84_Bandas_mascara_soil.npy,1,0.7852777777777777,0.000532937303365344
782,FIRMAS/cubos/resultados_cubos_soil_bandas/Soil_782__cube_20260702_105439/2px_84_bandas/Soil_782__84_Bandas_cubo_recorte_cuadrado_reflectancia.npy,FIRMAS/cubos/resultados_cubos_soil_bandas/Soil_782__cube_20260702_105439/2px_84_bandas/Soil_782__84_Bandas_mascara_soil.npy,1,0.30314814814814817,0.000627842258874689
783,FIRMAS/cubos/resultados_cubos_soil_bandas/Soil_783__cube_20260702_130019/2px_84_bandas/Soil_783__84_Bandas_cubo_recorte_cuadrado_reflectancia.npy,FIRMAS/cubos/resultados_cubos_soil_bandas/Soil_783__cube_20260702_130019/2px_84_bandas/Soil_783__84_Bandas_mascara_soil.npy,1,0.5040123456790123,5.8320940133915755e-06
784,FIRMAS/cubos/resultados_cubos_soil_bandas/Soil_784__cube_20260702_130740/2px_84_bandas/Soil_784__84_Bandas_cubo_recorte_cuadrado_reflectancia.npy,FIRMAS/cubos/resultados_cubos_soil_bandas/Soil_784__cube_20260702_130740/2px_84_bandas/Soil_784__84_Bandas_mascara_soil.npy,1,0.30212962962962964,0.0
785,FIRMAS/cubos/resultados_cubos_soil_bandas/Soil_785__cube_20260702_162846/2px_84_bandas/Soil_785__84_Bandas_cubo_recorte_cuadrado_reflectancia.npy,FIRMAS/cubos/resultados_cubos_soil_bandas/Soil_785__cube_20260702_162846/2px_84_bandas/Soil_785__84_Bandas_mascara_soil.npy,1,0.7852777777777777,0.0019244698233025215
786,FIRMAS/cubos/resultados_cubos_soil_bandas/Soil_786__cube_20260702_163056/2px_84_bandas/Soil_786__84_Bandas_cubo_recorte_cuadrado_reflectancia.npy,FIRMAS/cubos/resultados_cubos_soil_bandas/Soil_786__cube_20260702_163056/2px_84_bandas/Soil_786__84_Bandas_mascara_soil.npy,1,0.7852777777777777,0.0012198134766228108
787,FIRMAS/cubos/resultados_cubos_soil_bandas/Soil_787__cube_20260702_105243/2px_84_bandas/Soil_787__84_Bandas_cubo_recorte_cuadrado_reflectancia.npy,FIRMAS/cubos/resultados_cubos_soil_bandas/Soil_787__cube_20260702_105243/2px_84_bandas/Soil_787__84_Bandas_mascara_soil.npy,1,0.7852777777777777,0.0006868761732574669
788,FIRMAS/cubos/resultados_cubos_soil_bandas/Soil_788__cube_20260701_163541/2px_84_bandas/Soil_788__84_Bandas_cubo_recorte_cuadrado_reflectancia.npy,FIRMAS/cubos/resultados_cubos_soil_bandas/Soil_788__cube_20260701_163541/2px_84_bandas/Soil_788__84_Bandas_mascara_soil.npy,1,0.7852777777777777,0.0005432310879781577
789,FIRMAS/cubos/resultados_cubos_soil_bandas/Soil_789__cube_20260702_111149/2px_84_bandas/Soil_789__84_Bandas_cubo_recorte_cuadrado_reflectancia.npy,FIRMAS/cubos/resultados_cubos_soil_bandas/Soil_789__cube_20260702_111149/2px_84_bandas/Soil_789__84_Bandas_mascara_soil.npy,1,0.5447839506172839,0.0006211707956651491
790,FIRMAS/cubos/resultados_cubos_soil_bandas/Soil_790__cube_20260702_163403/2px_84_bandas/Soil_790__84_Bandas_cubo_recorte_cuadrado_reflectancia.npy,FIRMAS/cubos/resultados_cubos_soil_bandas/Soil_790__cube_20260702_163403/2px_84_bandas/Soil_790__84_Bandas_mascara_soil.npy,1,0.7852777777777777,0.001048562332608971
791,FIRMAS/cubos/resultados_cubos_soil_bandas/Soil_791__cube_20260702_134346/2px_84_bandas/Soil_791__84_Bandas_cubo_recorte_cuadrado_reflectancia.npy,FIRMAS/cubos/resultados_cubos_soil_bandas/Soil_791__cube_20260702_134346/2px_84_bandas/Soil_791__84_Bandas_mascara_soil.npy,1,0.5764814814814815,0.00013894625202048871
792,FIRMAS/cubos/resultados_cubos_soil_bandas/Soil_792__cube_20260702_131801/2px_84_bandas/Soil_792__84_Bandas_cubo_recorte_cuadrado_reflectancia.npy,FIRMAS/cubos/resultados_cubos_soil_bandas/Soil_792__cube_20260702_131801/2px_84_bandas/Soil_792__84_Bandas_mascara_soil.npy,1,0.506141975308642,0.0011382807894790847
793,FIRMAS/cubos/resultados_cubos_soil_bandas/Soil_793__cube_20260702_161736/2px_84_bandas/Soil_793__84_Bandas_cubo_recorte_cuadrado_reflectancia.npy,FIRMAS/cubos/resultados_cubos_soil_bandas/Soil_793__cube_20260702_161736/2px_84_bandas/Soil_793__84_Bandas_mascara_soil.npy,1,0.7852777777777777,0.0005675618516085557
794,FIRMAS/cubos/resultados_cubos_soil_bandas/Soil_794__cube_20260702_162102/2px_84_bandas/Soil_794__84_Bandas_cubo_recorte_cuadrado_reflectancia.npy,FIRMAS/cubos/resultados_cubos_soil_bandas/Soil_794__cube_20260702_162102/2px_84_bandas/Soil_794__84_Bandas_mascara_soil.npy,1,0.7852777777777777,0.0006789218851476209
795,FIRMAS/cubos/resultados_cubos_soil_bandas/Soil_795__cube_20260702_134513/2px_84_bandas/Soil_795__84_Bandas_cubo_recorte_cuadrado_reflectancia.npy,FIRMAS/cubos/resultados_cubos_soil_bandas/Soil_795__cube_20260702_134513/2px_84_bandas/Soil_795__84_Bandas_mascara_soil.npy,1,0.44333333333333336,0.0002428359257933277
796,FIRMAS/cubos/resultados_cubos_soil_bandas/Soil_796__cube_20260702_105638/2px_84_bandas/Soil_796__84_Bandas_cubo_recorte_cuadrado_reflectancia.npy,FIRMAS/cubos/resultados_cubos_soil_bandas/Soil_796__cube_20260702_105638/2px_84_bandas/Soil_796__84_Bandas_mascara_soil.npy,1,0.7852777777777777,0.0009222295214512677
797,FIRMAS/cubos/resultados_cubos_soil_bandas/Soil_797__cube_20260702_162224/2px_84_bandas/Soil_797__84_Bandas_cubo_recorte_cuadrado_reflectancia.npy,FIRMAS/cubos/resultados_cubos_soil_bandas/Soil_797__cube_20260702_162224/2px_84_bandas/Soil_797__84_Bandas_mascara_soil.npy,1,0.7852777777777777,0.0014911950709616262
798,FIRMAS/cubos/resultados_cubos_soil_bandas/Soil_798__cube_20260702_162414/2px_84_bandas/Soil_798__84_Bandas_cubo_recorte_cuadrado_reflectancia.npy,FIRMAS/cubos/resultados_cubos_soil_bandas/Soil_798__cube_20260702_162414/2px_84_bandas/Soil_798__84_Bandas_mascara_soil.npy,1,0.7852777777777777,0.002364295165851571
799,FIRMAS/cubos/resultados_cubos_soil_bandas/Soil_799__cube_20260702_162616/2px_84_bandas/Soil_799__84_Bandas_cubo_recorte_cuadrado_reflectancia.npy,FIRMAS/cubos/resultados_cubos_soil_bandas/Soil_799__cube_20260702_162616/2px_84_bandas/Soil_799__84_Bandas_mascara_soil.npy,1,0.7852777777777777,0.0004866152726075157
800,FIRMAS/cubos/resultados_cubos_soil_bandas/Soil_800__cube_20260702_130152/2px_84_bandas/Soil_800__84_Bandas_cubo_recorte_cuadrado_reflectancia.npy,FIRMAS/cubos/resultados_cubos_soil_bandas/Soil_800__cube_20260702_130152/2px_84_bandas/Soil_800__84_Bandas_mascara_soil.npy,1,0.7089506172839506,0.00013008686278170867
801,FIRMAS/cubos/resultados_cubos_soil_bandas/Soil_801__cube_20260702_133745/2px_84_bandas/Soil_801__84_Bandas_cubo_recorte_cuadrado_reflectancia.npy,FIRMAS/cubos/resultados_cubos_soil_bandas/Soil_801__cube_20260702_133745/2px_84_bandas/Soil_801__84_Bandas_mascara_soil.npy,1,0.5724382716049383,0.0009448325618056641
802,FIRMAS/cubos/resultados_cubos_soil_bandas/Soil_802__cube_20260702_103924/2px_84_bandas/Soil_802__84_Bandas_cubo_recorte_cuadrado_reflectancia.npy,FIRMAS/cubos/resultados_cubos_soil_bandas/Soil_802__cube_20260702_103924/2px_84_bandas/Soil_802__84_Bandas_mascara_soil.npy,1,0.4296604938271605,0.00019583294850877841
803,FIRMAS/cubos/resultados_cubos_soil_bandas/Soil_803__cube_20260702_155123/2px_84_bandas/Soil_803__84_Bandas_cubo_recorte_cuadrado_reflectancia.npy,FIRMAS/cubos/resultados_cubos_soil_bandas/Soil_803__cube_20260702_155123/2px_84_bandas/Soil_803__84_Bandas_mascara_soil.npy,1,0.7852777777777777,0.0003373553957211062
804,FIRMAS/cubos/resultados_cubos_soil_bandas/Soil_804__cube_20260702_105846/2px_84_bandas/Soil_804__84_Bandas_cubo_recorte_cuadrado_reflectancia.npy,FIRMAS/cubos/resultados_cubos_soil_bandas/Soil_804__cube_20260702_105846/2px_84_bandas/Soil_804__84_Bandas_mascara_soil.npy,1,0.7852777777777777,0.0006194986739733732
805,FIRMAS/cubos/resultados_cubos_soil_bandas/Soil_805__cube_20260702_154940/2px_84_bandas/Soil_805__84_Bandas_cubo_recorte_cuadrado_reflectancia.npy,FIRMAS/cubos/resultados_cubos_soil_bandas/Soil_805__cube_20260702_154940/2px_84_bandas/Soil_805__84_Bandas_mascara_soil.npy,1,0.7852777777777777,0.00024985822651191203
806,FIRMAS/cubos/resultados_cubos_soil_bandas/Soil_806__cube_20260702_140302/2px_84_bandas/Soil_806__84_Bandas_cubo_recorte_cuadrado_reflectancia.npy,FIRMAS/cubos/resultados_cubos_soil_bandas/Soil_806__cube_20260702_140302/2px_84_bandas/Soil_806__84_Bandas_mascara_soil.npy,1,0.7852777777777777,0.00042812786003443293
807,FIRMAS/cubos/resultados_cubos_soil_bandas/Soil_807__cube_20260702_132247/2px_84_bandas/Soil_807__84_Bandas_cubo_recorte_cuadrado_reflectancia.npy,FIRMAS/cubos/resultados_cubos_soil_bandas/Soil_807__cube_20260702_132247/2px_84_bandas/Soil_807__84_Bandas_mascara_soil.npy,1,0.7852777777777777,0.0002507940251130769
808,FIRMAS/cubos/resultados_cubos_soil_bandas/Soil_808__cube_20260702_131959/2px_84_bandas/Soil_808__84_Bandas_cubo_recorte_cuadrado_reflectancia.npy,FIRMAS/cubos/resultados_cubos_soil_bandas/Soil_808__cube_20260702_131959/2px_84_bandas/Soil_808__84_Bandas_mascara_soil.npy,1,0.3009567901234568,0.00012208760029497334
809,FIRMAS/cubos/resultados_cubos_soil_bandas/Soil_809__cube_20260702_103730/2px_84_bandas/Soil_809__84_Bandas_cubo_recorte_cuadrado_reflectancia.npy,FIRMAS/cubos/resultados_cubos_soil_bandas/Soil_809__cube_20260702_103730/2px_84_bandas/Soil_809__84_Bandas_mascara_soil.npy,1,0.7852777777777777,0.0003991181033982105
810,FIRMAS/cubos/resultados_cubos_soil_bandas/Soil_810__cube_20260701_163749/2px_84_bandas/Soil_810__84_Bandas_cubo_recorte_cuadrado_reflectancia.npy,FIRMAS/cubos/resultados_cubos_soil_bandas/Soil_810__cube_20260701_163749/2px_84_bandas/Soil_810__84_Bandas_mascara_soil.npy,1,0.22882716049382715,8.831425745370325e-05
811,FIRMAS/cubos/resultados_cubos_soil_bandas/Soil_811__cube_20260702_110326/2px_84_bandas/Soil_811__84_Bandas_cubo_recorte_cuadrado_reflectancia.npy,FIRMAS/cubos/resultados_cubos_soil_bandas/Soil_811__cube_20260702_110326/2px_84_bandas/Soil_811__84_Bandas_mascara_soil.npy,1,0.5722222222222222,0.0003364668413211591
812,FIRMAS/cubos/resultados_cubos_soil_bandas/Soil_812__cube_20260702_103534/2px_84_bandas/Soil_812__84_Bandas_cubo_recorte_cuadrado_reflectancia.npy,FIRMAS/cubos/resultados_cubos_soil_bandas/Soil_812__cube_20260702_103534/2px_84_bandas/Soil_812__84_Bandas_mascara_soil.npy,1,0.7852777777777777,0.0002886938684604212
813,FIRMAS/cubos/resultados_cubos_soil_bandas/Soil_813__cube_20260702_104740/2px_84_bandas/Soil_813__84_Bandas_cubo_recorte_cuadrado_reflectancia.npy,FIRMAS/cubos/resultados_cubos_soil_bandas/Soil_813__cube_20260702_104740/2px_84_bandas/Soil_813__84_Bandas_mascara_soil.npy,1,0.7852777777777777,0.0004735140921910963
814,FIRMAS/cubos/resultados_cubos_soil_bandas/Soil_814__cube_20260702_132751/2px_84_bandas/Soil_814__84_Bandas_cubo_recorte_cuadrado_reflectancia.npy,FIRMAS/cubos/resultados_cubos_soil_bandas/Soil_814__cube_20260702_132751/2px_84_bandas/Soil_814__84_Bandas_mascara_soil.npy,1,0.7852777777777777,8.79650685098321e-05
815,FIRMAS/cubos/resultados_cubos_soil_bandas/Soil_815__cube_20260702_110547/2px_84_bandas/Soil_815__84_Bandas_cubo_recorte_cuadrado_reflectancia.npy,FIRMAS/cubos/resultados_cubos_soil_bandas/Soil_815__cube_20260702_110547/2px_84_bandas/Soil_815__84_Bandas_mascara_soil.npy,1,0.19675925925925927,1.1204481792703724e-05
816,FIRMAS/cubos/resultados_cubos_soil_bandas/Soil_816__cube_20260702_104302/2px_84_bandas/Soil_816__84_Bandas_cubo_recorte_cuadrado_reflectancia.npy,FIRMAS/cubos/resultados_cubos_soil_bandas/Soil_816__cube_20260702_104302/2px_84_bandas/Soil_816__84_Bandas_mascara_soil.npy,1,0.23685185185185184,0.00030560830013526274
817,FIRMAS/cubos/resultados_cubos_soil_bandas/Soil_817__cube_20260701_162358/2px_84_bandas/Soil_817__84_Bandas_cubo_recorte_cuadrado_reflectancia.npy,FIRMAS/cubos/resultados_cubos_soil_bandas/Soil_817__cube_20260701_162358/2px_84_bandas/Soil_817__84_Bandas_mascara_soil.npy,1,0.7852777777777777,0.0005741124418167098
818,FIRMAS/cubos/resultados_cubos_soil_bandas/Soil_818__cube_20260702_131106/2px_84_bandas/Soil_818__84_Bandas_cubo_recorte_cuadrado_reflectancia.npy,FIRMAS/cubos/resultados_cubos_soil_bandas/Soil_818__cube_20260702_131106/2px_84_bandas/Soil_818__84_Bandas_mascara_soil.npy,1,0.3372530864197531,0.0003257549015762695
819,FIRMAS/cubos/resultados_cubos_soil_bandas/Soil_819__cube_20260701_163134/2px_84_bandas/Soil_819__84_Bandas_cubo_recorte_cuadrado_reflectancia.npy,FIRMAS/cubos/resultados_cubos_soil_bandas/Soil_819__cube_20260701_163134/2px_84_bandas/Soil_819__84_Bandas_mascara_soil.npy,1,0.7852777777777777,0.0016980065618198426
820,FIRMAS/cubos/resultados_cubos_soil_bandas/Soil_820__cube_20260701_163956/2px_84_bandas/Soil_820__84_Bandas_cubo_recorte_cuadrado_reflectancia.npy,FIRMAS/cubos/resultados_cubos_soil_bandas/Soil_820__cube_20260701_163956/2px_84_bandas/Soil_820__84_Bandas_mascara_soil.npy,1,0.7852777777777777,0.0017153188359414484
822,FIRMAS/cubos/resultados_cubos_soil_bandas/Soil_822__cube_20260702_155316/2px_84_bandas/Soil_822__84_Bandas_cubo_recorte_cuadrado_reflectancia.npy,FIRMAS/cubos/resultados_cubos_soil_bandas/Soil_822__cube_20260702_155316/2px_84_bandas/Soil_822__84_Bandas_mascara_soil.npy,1,0.7852777777777777,0.00019324241114127005
823,FIRMAS/cubos/resultados_cubos_soil_bandas/Soil_823__cube_20260702_155516/2px_84_bandas/Soil_823__84_Bandas_cubo_recorte_cuadrado_reflectancia.npy,FIRMAS/cubos/resultados_cubos_soil_bandas/Soil_823__cube_20260702_155516/2px_84_bandas/Soil_823__84_Bandas_mascara_soil.npy,1,0.7852777777777777,0.00027418899014231
824,FIRMAS/cubos/resultados_cubos_soil_bandas/Soil_824__cube_20260702_155654/2px_84_bandas/Soil_824__84_Bandas_cubo_recorte_cuadrado_reflectancia.npy,FIRMAS/cubos/resultados_cubos_soil_bandas/Soil_824__cube_20260702_155654/2px_84_bandas/Soil_824__84_Bandas_mascara_soil.npy,1,0.7852777777777777,0.0005362125984693655
825,FIRMAS/cubos/resultados_cubos_soil_bandas/Soil_825__cube_20260613_091741/2px_84_bandas/Soil_825__84_Bandas_cubo_recorte_cuadrado_reflectancia.npy,FIRMAS/cubos/resultados_cubos_soil_bandas/Soil_825__cube_20260613_091741/2px_84_bandas/Soil_825__84_Bandas_mascara_soil.npy,1,0.6485493827160493,0.001405592456370508
826,FIRMAS/cubos/resultados_cubos_soil_bandas/Soil_826__cube_20260702_102136/2px_84_bandas/Soil_826__84_Bandas_cubo_recorte_cuadrado_reflectancia.npy,FIRMAS/cubos/resultados_cubos_soil_bandas/Soil_826__cube_20260702_102136/2px_84_bandas/Soil_826__84_Bandas_mascara_soil.npy,1,0.28555555555555556,7.720338459638043e-06
827,FIRMAS/cubos/resultados_cubos_soil_bandas/Soil_827__cube_20260701_161137/2px_84_bandas/Soil_827__84_Bandas_cubo_recorte_cuadrado_reflectancia.npy,FIRMAS/cubos/resultados_cubos_soil_bandas/Soil_827__cube_20260701_161137/2px_84_bandas/Soil_827__84_Bandas_mascara_soil.npy,1,0.7852777777777777,0.00011884642234838427
828,FIRMAS/cubos/resultados_cubos_soil_bandas/Soil_828__cube_20260702_110741/2px_84_bandas/Soil_828__84_Bandas_cubo_recorte_cuadrado_reflectancia.npy,FIRMAS/cubos/resultados_cubos_soil_bandas/Soil_828__cube_20260702_110741/2px_84_bandas/Soil_828__84_Bandas_mascara_soil.npy,1,0.624537037037037,0.00016237777542449372
829,FIRMAS/cubos/resultados_cubos_soil_bandas/Soil_829__cube_20260701_161925/2px_84_bandas/Soil_829__84_Bandas_cubo_recorte_cuadrado_reflectancia.npy,FIRMAS/cubos/resultados_cubos_soil_bandas/Soil_829__cube_20260701_161925/2px_84_bandas/Soil_829__84_Bandas_mascara_soil.npy,1,0.7852777777777777,0.000435614248843863
830,FIRMAS/cubos/resultados_cubos_soil_bandas/Soil_830__cube_20260701_164144/2px_84_bandas/Soil_830__84_Bandas_cubo_recorte_cuadrado_reflectancia.npy,FIRMAS/cubos/resultados_cubos_soil_bandas/Soil_830__cube_20260701_164144/2px_84_bandas/Soil_830__84_Bandas_mascara_soil.npy,1,0.7852777777777777,0.001371880749312604
831,FIRMAS/cubos/resultados_cubos_soil_bandas/Soil_831__cube_20260701_162541/2px_84_bandas/Soil_831__84_Bandas_cubo_recorte_cuadrado_reflectancia.npy,FIRMAS/cubos/resultados_cubos_soil_bandas/Soil_831__cube_20260701_162541/2px_84_bandas/Soil_831__84_Bandas_mascara_soil.npy,1,0.7852777777777777,0.0010069192948570782
832,FIRMAS/cubos/resultados_cubos_soil_bandas/Soil_832__cube_20260702_131354/2px_84_bandas/Soil_832__84_Bandas_cubo_recorte_cuadrado_reflectancia.npy,FIRMAS/cubos/resultados_cubos_soil_bandas/Soil_832__cube_20260702_131354/2px_84_bandas/Soil_832__84_Bandas_mascara_soil.npy,1,0.7852777777777777,0.0001403697901752876
833,FIRMAS/cubos/resultados_cubos_soil_bandas/Soil_833__cube_20260702_131538/2px_84_bandas/Soil_833__84_Bandas_cubo_recorte_cuadrado_reflectancia.npy,FIRMAS/cubos/resultados_cubos_soil_bandas/Soil_833__cube_20260702_131538/2px_84_bandas/Soil_833__84_Bandas_mascara_soil.npy,1,0.7852777777777777,0.00026436310483002323
834,FIRMAS/cubos/resultados_cubos_soil_bandas/Soil_834__cube_20260702_103304/2px_84_bandas/Soil_834__84_Bandas_cubo_recorte_cuadrado_reflectancia.npy,FIRMAS/cubos/resultados_cubos_soil_bandas/Soil_834__cube_20260702_103304/2px_84_bandas/Soil_834__84_Bandas_mascara_soil.npy,1,0.36564814814814817,0.0001939410017404164
835,FIRMAS/cubos/resultados_cubos_soil_bandas/Soil_835__cube_20260701_162745/2px_84_bandas/Soil_835__84_Bandas_cubo_recorte_cuadrado_reflectancia.npy,FIRMAS/cubos/resultados_cubos_soil_bandas/Soil_835__cube_20260701_162745/2px_84_bandas/Soil_835__84_Bandas_mascara_soil.npy,1,0.7852777777777777,0.0014167990821687404
836,FIRMAS/cubos/resultados_cubos_soil_bandas/Soil_836__cube_20260701_150214/2px_84_bandas/Soil_836__84_Bandas_cubo_recorte_cuadrado_reflectancia.npy,FIRMAS/cubos/resultados_cubos_soil_bandas/Soil_836__cube_20260701_150214/2px_84_bandas/Soil_836__84_Bandas_mascara_soil.npy,1,0.48138888888888887,0.0002862272048653747
837,FIRMAS/cubos/resultados_cubos_soil_bandas/Soil_837__cube_20260701_161526/2px_84_bandas/Soil_837__84_Bandas_cubo_recorte_cuadrado_reflectancia.npy,FIRMAS/cubos/resultados_cubos_soil_bandas/Soil_837__cube_20260701_161526/2px_84_bandas/Soil_837__84_Bandas_mascara_soil.npy,1,0.7852777777777777,0.0004884868698098455
838,FIRMAS/cubos/resultados_cubos_soil_bandas/Soil_838__cube_20260701_162943/2px_84_bandas/Soil_838__84_Bandas_cubo_recorte_cuadrado_reflectancia.npy,FIRMAS/cubos/resultados_cubos_soil_bandas/Soil_838__cube_20260701_162943/2px_84_bandas/Soil_838__84_Bandas_mascara_soil.npy,1,0.7852777777777777,0.0009914786179378021
839,FIRMAS/cubos/resultados_cubos_soil_bandas/Soil_839__cube_20260701_142909/2px_84_bandas/Soil_839__84_Bandas_cubo_recorte_cuadrado_reflectancia.npy,FIRMAS/cubos/resultados_cubos_soil_bandas/Soil_839__cube_20260701_142909/2px_84_bandas/Soil_839__84_Bandas_mascara_soil.npy,1,0.5799074074074074,0.0001552326715986707
840,FIRMAS/cubos/resultados_cubos_soil_bandas/Soil_840__cube_20260702_133205/2px_84_bandas/Soil_840__84_Bandas_cubo_recorte_cuadrado_reflectancia.npy,FIRMAS/cubos/resultados_cubos_soil_bandas/Soil_840__cube_20260702_133205/2px_84_bandas/Soil_840__84_Bandas_mascara_soil.npy,1,0.3800925925925926,0.0011455252015544204
841,FIRMAS/cubos/resultados_cubos_soil_bandas/Soil_841__cube_20260702_110957/2px_84_bandas/Soil_841__84_Bandas_cubo_recorte_cuadrado_reflectancia.npy,FIRMAS/cubos/resultados_cubos_soil_bandas/Soil_841__cube_20260702_110957/2px_84_bandas/Soil_841__84_Bandas_mascara_soil.npy,1,0.7852777777777777,0.00014458088388047408
842,FIRMAS/cubos/resultados_cubos_soil_bandas/Soil_842__cube_20260701_114635/2px_84_bandas/Soil_842__84_Bandas_cubo_recorte_cuadrado_reflectancia.npy,FIRMAS/cubos/resultados_cubos_soil_bandas/Soil_842__cube_20260701_114635/2px_84_bandas/Soil_842__84_Bandas_mascara_soil.npy,1,0.8489197530864198,0.0006275915201564564
843,FIRMAS/cubos/resultados_cubos_soil_bandas/Soil_843__cube_20260701_170007/2px_84_bandas/Soil_843__84_Bandas_cubo_recorte_cuadrado_reflectancia.npy,FIRMAS/cubos/resultados_cubos_soil_bandas/Soil_843__cube_20260701_170007/2px_84_bandas/Soil_843__84_Bandas_mascara_soil.npy,1,0.7852777777777777,0.001774742047115585
844,FIRMAS/cubos/resultados_cubos_soil_bandas/Soil_844__cube_20260701_143655/2px_84_bandas/Soil_844__84_Bandas_cubo_recorte_cuadrado_reflectancia.npy,FIRMAS/cubos/resultados_cubos_soil_bandas/Soil_844__cube_20260701_143655/2px_84_bandas/Soil_844__84_Bandas_mascara_soil.npy,1,0.9402469135802469,0.0001313025210084584
845,FIRMAS/cubos/resultados_cubos_soil_bandas/Soil_845__cube_20260702_104130/2px_84_bandas/Soil_845__84_Bandas_cubo_recorte_cuadrado_reflectancia.npy,FIRMAS/cubos/resultados_cubos_soil_bandas/Soil_845__cube_20260702_104130/2px_84_bandas/Soil_845__84_Bandas_mascara_soil.npy,1,0.8940432098765432,0.0005120769611396403
846,FIRMAS/cubos/resultados_cubos_soil_bandas/Soil_846__cube_20260702_104514/2px_84_bandas/Soil_846__84_Bandas_cubo_recorte_cuadrado_reflectancia.npy,FIRMAS/cubos/resultados_cubos_soil_bandas/Soil_846__cube_20260702_104514/2px_84_bandas/Soil_846__84_Bandas_mascara_soil.npy,1,0.7852777777777777,0.00043374265164153325
847,FIRMAS/cubos/resultados_cubos_soil_bandas/Soil_847__cube_20260701_161748/2px_84_bandas/Soil_847__84_Bandas_cubo_recorte_cuadrado_reflectancia.npy,FIRMAS/cubos/resultados_cubos_soil_bandas/Soil_847__cube_20260701_161748/2px_84_bandas/Soil_847__84_Bandas_mascara_soil.npy,1,0.6053395061728395,6.67681542609877e-06
848,FIRMAS/cubos/resultados_cubos_soil_bandas/Soil_848__cube_20260701_144105/2px_84_bandas/Soil_848__84_Bandas_cubo_recorte_cuadrado_reflectancia.npy,FIRMAS/cubos/resultados_cubos_soil_bandas/Soil_848__cube_20260701_144105/2px_84_bandas/Soil_848__84_Bandas_mascara_soil.npy,1,0.6142592592592593,0.0001979939800259567
849,FIRMAS/cubos/resultados_cubos_soil_bandas/Soil_849__cube_20260701_165420/2px_84_bandas/Soil_849__84_Bandas_cubo_recorte_cuadrado_reflectancia.npy,FIRMAS/cubos/resultados_cubos_soil_bandas/Soil_849__cube_20260701_165420/2px_84_bandas/Soil_849__84_Bandas_mascara_soil.npy,1,0.6539506172839507,0.001747957064645811
850,FIRMAS/cubos/resultados_cubos_soil_bandas/Soil_850__cube_20260702_160348/2px_84_bandas/Soil_850__84_Bandas_cubo_recorte_cuadrado_reflectancia.npy,FIRMAS/cubos/resultados_cubos_soil_bandas/Soil_850__cube_20260702_160348/2px_84_bandas/Soil_850__84_Bandas_mascara_soil.npy,1,0.7852777777777777,0.0005221756194518923
851,FIRMAS/cubos/resultados_cubos_soil_bandas/Soil_851__cube_20260701_161000/2px_84_bandas/Soil_851__84_Bandas_cubo_recorte_cuadrado_reflectancia.npy,FIRMAS/cubos/resultados_cubos_soil_bandas/Soil_851__cube_20260701_161000/2px_84_bandas/Soil_851__84_Bandas_mascara_soil.npy,1,0.711604938271605,0.0003289093222299533
852,FIRMAS/cubos/resultados_cubos_soil_bandas/Soil_852__cube_20260701_151411/2px_84_bandas/Soil_852__84_Bandas_cubo_recorte_cuadrado_reflectancia.npy,FIRMAS/cubos/resultados_cubos_soil_bandas/Soil_852__cube_20260701_151411/2px_84_bandas/Soil_852__84_Bandas_mascara_soil.npy,1,0.49064814814814817,0.0010079769468333
853,FIRMAS/cubos/resultados_cubos_soil_bandas/Soil_853__cube_20260701_150430/2px_84_bandas/Soil_853__84_Bandas_cubo_recorte_cuadrado_reflectancia.npy,FIRMAS/cubos/resultados_cubos_soil_bandas/Soil_853__cube_20260701_150430/2px_84_bandas/Soil_853__84_Bandas_mascara_soil.npy,1,0.3904012345679012,0.0005722266770571416
854,FIRMAS/cubos/resultados_cubos_soil_bandas/Soil_854__cube_20260701_165752/2px_84_bandas/Soil_854__84_Bandas_cubo_recorte_cuadrado_reflectancia.npy,FIRMAS/cubos/resultados_cubos_soil_bandas/Soil_854__cube_20260701_165752/2px_84_bandas/Soil_854__84_Bandas_mascara_soil.npy,1,0.6904012345679013,0.0012341697374554927
855,FIRMAS/cubos/resultados_cubos_soil_bandas/Soil_855__cube_20260701_144343/2px_84_bandas/Soil_855__84_Bandas_cubo_recorte_cuadrado_reflectancia.npy,FIRMAS/cubos/resultados_cubos_soil_bandas/Soil_855__cube_20260701_144343/2px_84_bandas/Soil_855__84_Bandas_mascara_soil.npy,1,0.6910493827160494,0.0002706352751015162
856,FIRMAS/cubos/resultados_cubos_soil_bandas/Soil_856__cube_20260702_140046/2px_84_bandas/Soil_856__84_Bandas_cubo_recorte_cuadrado_reflectancia.npy,FIRMAS/cubos/resultados_cubos_soil_bandas/Soil_856__cube_20260702_140046/2px_84_bandas/Soil_856__84_Bandas_mascara_soil.npy,1,0.6144444444444445,0.0010309327669183466
857,FIRMAS/cubos/resultados_cubos_soil_bandas/Soil_857__cube_20260701_170144/2px_84_bandas/Soil_857__84_Bandas_cubo_recorte_cuadrado_reflectancia.npy,FIRMAS/cubos/resultados_cubos_soil_bandas/Soil_857__cube_20260701_170144/2px_84_bandas/Soil_857__84_Bandas_mascara_soil.npy,1,0.7852777777777777,0.001508507345083232
858,FIRMAS/cubos/resultados_cubos_soil_bandas/Soil_858__cube_20260702_110130/2px_84_bandas/Soil_858__84_Bandas_cubo_recorte_cuadrado_reflectancia.npy,FIRMAS/cubos/resultados_cubos_soil_bandas/Soil_858__cube_20260702_110130/2px_84_bandas/Soil_858__84_Bandas_mascara_soil.npy,1,0.6558333333333334,0.0004980626539288213
859,FIRMAS/cubos/resultados_cubos_soil_bandas/Soil_859__cube_20260701_144920/2px_84_bandas/Soil_859__84_Bandas_cubo_recorte_cuadrado_reflectancia.npy,FIRMAS/cubos/resultados_cubos_soil_bandas/Soil_859__cube_20260701_144920/2px_84_bandas/Soil_859__84_Bandas_mascara_soil.npy,1,0.4976851851851852,0.0003433001107420175
860,FIRMAS/cubos/resultados_cubos_soil_bandas/Soil_860__cube_20260701_161319/2px_84_bandas/Soil_860__84_Bandas_cubo_recorte_cuadrado_reflectancia.npy,FIRMAS/cubos/resultados_cubos_soil_bandas/Soil_860__cube_20260701_161319/2px_84_bandas/Soil_860__84_Bandas_mascara_soil.npy,1,0.7852777777777777,2.80739580349465e-06
861,FIRMAS/cubos/resultados_cubos_soil_bandas/Soil_861__cube_20260626_093918/2px_84_bandas/Soil_861__84_Bandas_cubo_recorte_cuadrado_reflectancia.npy,FIRMAS/cubos/resultados_cubos_soil_bandas/Soil_861__cube_20260626_093918/2px_84_bandas/Soil_861__84_Bandas_mascara_soil.npy,1,0.7852777777777777,0.0010373327493949924
862,FIRMAS/cubos/resultados_cubos_soil_bandas/Soil_862__cube_20260701_095449/2px_84_bandas/Soil_862__84_Bandas_cubo_recorte_cuadrado_reflectancia.npy,FIRMAS/cubos/resultados_cubos_soil_bandas/Soil_862__cube_20260701_095449/2px_84_bandas/Soil_862__84_Bandas_mascara_soil.npy,1,0.6184567901234568,0.0002198204364088907
863,FIRMAS/cubos/resultados_cubos_soil_bandas/Soil_863__cube_20260625_162600/2px_84_bandas/Soil_863__84_Bandas_cubo_recorte_cuadrado_reflectancia.npy,FIRMAS/cubos/resultados_cubos_soil_bandas/Soil_863__cube_20260625_162600/2px_84_bandas/Soil_863__84_Bandas_mascara_soil.npy,1,0.4772222222222222,0.00037495919335261974
864,FIRMAS/cubos/resultados_cubos_soil_bandas/Soil_864__cube_20260625_162420/2px_84_bandas/Soil_864__84_Bandas_cubo_recorte_cuadrado_reflectancia.npy,FIRMAS/cubos/resultados_cubos_soil_bandas/Soil_864__cube_20260625_162420/2px_84_bandas/Soil_864__84_Bandas_mascara_soil.npy,1,0.8262037037037037,8.271828287520488e-05
865,FIRMAS/cubos/resultados_cubos_soil_bandas/Soil_865__cube_20260625_162301/2px_84_bandas/Soil_865__84_Bandas_cubo_recorte_cuadrado_reflectancia.npy,FIRMAS/cubos/resultados_cubos_soil_bandas/Soil_865__cube_20260625_162301/2px_84_bandas/Soil_865__84_Bandas_mascara_soil.npy,1,0.4414814814814815,1.6645360605083148e-05
866,FIRMAS/cubos/resultados_cubos_soil_bandas/Soil_866__cube_20260626_105328/2px_84_bandas/Soil_866__84_Bandas_cubo_recorte_cuadrado_reflectancia.npy,FIRMAS/cubos/resultados_cubos_soil_bandas/Soil_866__cube_20260626_105328/2px_84_bandas/Soil_866__84_Bandas_mascara_soil.npy,1,0.5789197530864197,0.0018818371300111103
867,FIRMAS/cubos/resultados_cubos_soil_bandas/Soil_867__cube_20260626_095137/2px_84_bandas/Soil_867__84_Bandas_cubo_recorte_cuadrado_reflectancia.npy,FIRMAS/cubos/resultados_cubos_soil_bandas/Soil_867__cube_20260626_095137/2px_84_bandas/Soil_867__84_Bandas_mascara_soil.npy,1,0.34120370370370373,0.0013353147681506305
868,FIRMAS/cubos/resultados_cubos_soil_bandas/Soil_868__cube_20260626_103548/2px_84_bandas/Soil_868__84_Bandas_cubo_recorte_cuadrado_reflectancia.npy,FIRMAS/cubos/resultados_cubos_soil_bandas/Soil_868__cube_20260626_103548/2px_84_bandas/Soil_868__84_Bandas_mascara_soil.npy,1,0.6317901234567901,0.00043443366599205113
869,FIRMAS/cubos/resultados_cubos_soil_bandas/Soil_869__cube_20260626_120456/2px_84_bandas/Soil_869__84_Bandas_cubo_recorte_cuadrado_reflectancia.npy,FIRMAS/cubos/resultados_cubos_soil_bandas/Soil_869__cube_20260626_120456/2px_84_bandas/Soil_869__84_Bandas_mascara_soil.npy,1,0.6712654320987654,0.0016848065264084555
870,FIRMAS/cubos/resultados_cubos_soil_bandas/Soil_870__cube_20260626_104703/2px_84_bandas/Soil_870__84_Bandas_cubo_recorte_cuadrado_reflectancia.npy,FIRMAS/cubos/resultados_cubos_soil_bandas/Soil_870__cube_20260626_104703/2px_84_bandas/Soil_870__84_Bandas_mascara_soil.npy,1,0.8565123456790124,0.0011870014122185024
871,FIRMAS/cubos/resultados_cubos_soil_bandas/Soil_871__cube_20260626_093756/2px_84_bandas/Soil_871__84_Bandas_cubo_recorte_cuadrado_reflectancia.npy,FIRMAS/cubos/resultados_cubos_soil_bandas/Soil_871__cube_20260626_093756/2px_84_bandas/Soil_871__84_Bandas_mascara_soil.npy,1,0.52,0.0006451239090128347
872,FIRMAS/cubos/resultados_cubos_soil_bandas/Soil_872__cube_20260625_162923/2px_84_bandas/Soil_872__84_Bandas_cubo_recorte_cuadrado_reflectancia.npy,FIRMAS/cubos/resultados_cubos_soil_bandas/Soil_872__cube_20260625_162923/2px_84_bandas/Soil_872__84_Bandas_mascara_soil.npy,1,0.5549074074074074,0.0010408969194218853
873,FIRMAS/cubos/resultados_cubos_soil_bandas/Soil_873__cube_20260625_161858/2px_84_bandas/Soil_873__84_Bandas_cubo_recorte_cuadrado_reflectancia.npy,FIRMAS/cubos/resultados_cubos_soil_bandas/Soil_873__cube_20260625_161858/2px_84_bandas/Soil_873__84_Bandas_mascara_soil.npy,1,0.39990740740740743,8.636625909141937e-05
874,FIRMAS/cubos/resultados_cubos_soil_bandas/Soil_874__cube_20260625_161949/2px_84_bandas/Soil_874__84_Bandas_cubo_recorte_cuadrado_reflectancia.npy,FIRMAS/cubos/resultados_cubos_soil_bandas/Soil_874__cube_20260625_161949/2px_84_bandas/Soil_874__84_Bandas_mascara_soil.npy,1,0.7852777777777777,5.240472166545551e-05
875,FIRMAS/cubos/resultados_cubos_soil_bandas/Soil_875__cube_20260627_093210/2px_84_bandas/Soil_875__84_Bandas_cubo_recorte_cuadrado_reflectancia.npy,FIRMAS/cubos/resultados_cubos_soil_bandas/Soil_875__cube_20260627_093210/2px_84_bandas/Soil_875__84_Bandas_mascara_soil.npy,1,0.7852777777777777,0.0008698247997859232
876,FIRMAS/cubos/resultados_cubos_soil_bandas/Soil_876__cube_20260626_113836/2px_84_bandas/Soil_876__84_Bandas_cubo_recorte_cuadrado_reflectancia.npy,FIRMAS/cubos/resultados_cubos_soil_bandas/Soil_876__cube_20260626_113836/2px_84_bandas/Soil_876__84_Bandas_mascara_soil.npy,1,0.5261111111111111,7.472776744155141e-05
877,FIRMAS/cubos/resultados_cubos_soil_bandas/Soil_877__cube_20260613_153507/2px_84_bandas/Soil_877__84_Bandas_cubo_recorte_cuadrado_reflectancia.npy,FIRMAS/cubos/resultados_cubos_soil_bandas/Soil_877__cube_20260613_153507/2px_84_bandas/Soil_877__84_Bandas_mascara_soil.npy,1,0.41898148148148145,0.0010681399631675692
878,FIRMAS/cubos/resultados_cubos_soil_bandas/Soil_878__cube_20260626_094128/2px_84_bandas/Soil_878__84_Bandas_cubo_recorte_cuadrado_reflectancia.npy,FIRMAS/cubos/resultados_cubos_soil_bandas/Soil_878__cube_20260626_094128/2px_84_bandas/Soil_878__84_Bandas_mascara_soil.npy,1,0.6013271604938272,0.0011004709844724125
879,FIRMAS/cubos/resultados_cubos_soil_bandas/Soil_879__cube_20260626_093704/2px_84_bandas/Soil_879__84_Bandas_cubo_recorte_cuadrado_reflectancia.npy,FIRMAS/cubos/resultados_cubos_soil_bandas/Soil_879__cube_20260626_093704/2px_84_bandas/Soil_879__84_Bandas_mascara_soil.npy,1,0.635462962962963,0.0010361519905450756
880,FIRMAS/cubos/resultados_cubos_soil_bandas/Soil_880__cube_20260626_104448/2px_84_bandas/Soil_880__84_Bandas_cubo_recorte_cuadrado_reflectancia.npy,FIRMAS/cubos/resultados_cubos_soil_bandas/Soil_880__cube_20260626_104448/2px_84_bandas/Soil_880__84_Bandas_mascara_soil.npy,1,0.6154938271604938,0.00171210797025656
881,FIRMAS/cubos/resultados_cubos_soil_bandas/Soil_881__cube_20260626_094403/2px_84_bandas/Soil_881__84_Bandas_cubo_recorte_cuadrado_reflectancia.npy,FIRMAS/cubos/resultados_cubos_soil_bandas/Soil_881__cube_20260626_094403/2px_84_bandas/Soil_881__84_Bandas_mascara_soil.npy,1,0.48614197530864195,0.0008079607946283041
882,FIRMAS/cubos/resultados_cubos_soil_bandas/Soil_882__cube_20260625_150122/2px_84_bandas/Soil_882__84_Bandas_cubo_recorte_cuadrado_reflectancia.npy,FIRMAS/cubos/resultados_cubos_soil_bandas/Soil_882__cube_20260625_150122/2px_84_bandas/Soil_882__84_Bandas_mascara_soil.npy,1,0.32731481481481484,0.00014817808311440306
883,FIRMAS/cubos/resultados_cubos_soil_bandas/Soil_883__cube_20260625_151814/2px_84_bandas/Soil_883__84_Bandas_cubo_recorte_cuadrado_reflectancia.npy,FIRMAS/cubos/resultados_cubos_soil_bandas/Soil_883__cube_20260625_151814/2px_84_bandas/Soil_883__84_Bandas_mascara_soil.npy,1,0.7236419753086419,0.0010825280380855062
884,FIRMAS/cubos/resultados_cubos_soil_bandas/Soil_884__cube_20260626_105514/2px_84_bandas/Soil_884__84_Bandas_cubo_recorte_cuadrado_reflectancia.npy,FIRMAS/cubos/resultados_cubos_soil_bandas/Soil_884__cube_20260626_105514/2px_84_bandas/Soil_884__84_Bandas_mascara_soil.npy,1,0.6540432098765432,0.0016061400729420194
885,FIRMAS/cubos/resultados_cubos_soil_bandas/Soil_885__cube_20260625_152808/2px_84_bandas/Soil_885__84_Bandas_cubo_recorte_cuadrado_reflectancia.npy,FIRMAS/cubos/resultados_cubos_soil_bandas/Soil_885__cube_20260625_152808/2px_84_bandas/Soil_885__84_Bandas_mascara_soil.npy,1,0.6561728395061729,0.0006361152174887419
886,FIRMAS/cubos/resultados_cubos_soil_bandas/Soil_886__cube_20260625_150649/2px_84_bandas/Soil_886__84_Bandas_cubo_recorte_cuadrado_reflectancia.npy,FIRMAS/cubos/resultados_cubos_soil_bandas/Soil_886__cube_20260625_150649/2px_84_bandas/Soil_886__84_Bandas_mascara_soil.npy,1,0.5054012345679012,0.00012068338785897748
887,FIRMAS/cubos/resultados_cubos_soil_bandas/Soil_887__cube_20260625_152704/2px_84_bandas/Soil_887__84_Bandas_cubo_recorte_cuadrado_reflectancia.npy,FIRMAS/cubos/resultados_cubos_soil_bandas/Soil_887__cube_20260625_152704/2px_84_bandas/Soil_887__84_Bandas_mascara_soil.npy,1,0.44895061728395064,0.0010647666188708937
888,FIRMAS/cubos/resultados_cubos_soil_bandas/Soil_888__cube_20260625_150850/2px_84_bandas/Soil_888__84_Bandas_cubo_recorte_cuadrado_reflectancia.npy,FIRMAS/cubos/resultados_cubos_soil_bandas/Soil_888__cube_20260625_150850/2px_84_bandas/Soil_888__84_Bandas_mascara_soil.npy,1,0.42824074074074076,0.00011668811668807955
889,FIRMAS/cubos/resultados_cubos_soil_bandas/Soil_889__cube_20260626_113739/2px_84_bandas/Soil_889__84_Bandas_cubo_recorte_cuadrado_reflectancia.npy,FIRMAS/cubos/resultados_cubos_soil_bandas/Soil_889__cube_20260626_113739/2px_84_bandas/Soil_889__84_Bandas_mascara_soil.npy,1,0.5194753086419753,0.00012802340352691122
890,FIRMAS/cubos/resultados_cubos_soil_bandas/Soil_890__cube_20260626_104754/2px_84_bandas/Soil_890__84_Bandas_cubo_recorte_cuadrado_reflectancia.npy,FIRMAS/cubos/resultados_cubos_soil_bandas/Soil_890__cube_20260626_104754/2px_84_bandas/Soil_890__84_Bandas_mascara_soil.npy,1,0.7074074074074074,0.0011089296102385626
891,FIRMAS/cubos/resultados_cubos_soil_bandas/Soil_891__cube_20260625_152259/2px_84_bandas/Soil_891__84_Bandas_cubo_recorte_cuadrado_reflectancia.npy,FIRMAS/cubos/resultados_cubos_soil_bandas/Soil_891__cube_20260625_152259/2px_84_bandas/Soil_891__84_Bandas_mascara_soil.npy,1,0.7,0.001170005039052624
892,FIRMAS/cubos/resultados_cubos_soil_bandas/Soil_892__cube_20260625_150738/2px_84_bandas/Soil_892__84_Bandas_cubo_recorte_cuadrado_reflectancia.npy,FIRMAS/cubos/resultados_cubos_soil_bandas/Soil_892__cube_20260625_150738/2px_84_bandas/Soil_892__84_Bandas_mascara_soil.npy,1,0.644753086419753,9.744922382548538e-05
893,FIRMAS/cubos/resultados_cubos_soil_bandas/Soil_893__cube_20260625_161710/2px_84_bandas/Soil_893__84_Bandas_cubo_recorte_cuadrado_reflectancia.npy,FIRMAS/cubos/resultados_cubos_soil_bandas/Soil_893__cube_20260625_161710/2px_84_bandas/Soil_893__84_Bandas_mascara_soil.npy,1,0.43493827160493825,3.3791546706352094e-06
894,FIRMAS/cubos/resultados_cubos_soil_bandas/Soil_894__cube_20260626_094950/2px_84_bandas/Soil_894__84_Bandas_cubo_recorte_cuadrado_reflectancia.npy,FIRMAS/cubos/resultados_cubos_soil_bandas/Soil_894__cube_20260626_094950/2px_84_bandas/Soil_894__84_Bandas_mascara_soil.npy,1,0.3940740740740741,0.0011347192385726679
895,FIRMAS/cubos/resultados_cubos_soil_bandas/Soil_895__cube_20260625_151913/2px_84_bandas/Soil_895__84_Bandas_cubo_recorte_cuadrado_reflectancia.npy,FIRMAS/cubos/resultados_cubos_soil_bandas/Soil_895__cube_20260625_151913/2px_84_bandas/Soil_895__84_Bandas_mascara_soil.npy,1,0.4539814814814815,0.0007324637653007837
896,FIRMAS/cubos/resultados_cubos_soil_bandas/Soil_896__cube_20260625_162106/2px_84_bandas/Soil_896__84_Bandas_cubo_recorte_cuadrado_reflectancia.npy,FIRMAS/cubos/resultados_cubos_soil_bandas/Soil_896__cube_20260625_162106/2px_84_bandas/Soil_896__84_Bandas_mascara_soil.npy,1,0.5315740740740741,0.0002806324875650468
897,FIRMAS/cubos/resultados_cubos_soil_bandas/Soil_897__cube_20260626_105803/2px_84_bandas/Soil_897__84_Bandas_cubo_recorte_cuadrado_reflectancia.npy,FIRMAS/cubos/resultados_cubos_soil_bandas/Soil_897__cube_20260626_105803/2px_84_bandas/Soil_897__84_Bandas_mascara_soil.npy,1,0.27944444444444444,0.0014292551568892975
898,FIRMAS/cubos/resultados_cubos_soil_bandas/Soil_898__cube_20260625_152912/2px_84_bandas/Soil_898__84_Bandas_cubo_recorte_cuadrado_reflectancia.npy,FIRMAS/cubos/resultados_cubos_soil_bandas/Soil_898__cube_20260625_152912/2px_84_bandas/Soil_898__84_Bandas_mascara_soil.npy,1,0.5656481481481481,0.001408278704071786
899,FIRMAS/cubos/resultados_cubos_soil_bandas/Soil_899__cube_20260701_102056/2px_84_bandas/Soil_899__84_Bandas_cubo_recorte_cuadrado_reflectancia.npy,FIRMAS/cubos/resultados_cubos_soil_bandas/Soil_899__cube_20260701_102056/2px_84_bandas/Soil_899__84_Bandas_mascara_soil.npy,1,0.5431481481481482,0.0005222454932649612
900,FIRMAS/cubos/resultados_cubos_soil_bandas/Soil_900__cube_20260625_112512/2px_84_bandas/Soil_900__84_Bandas_cubo_recorte_cuadrado_reflectancia.npy,FIRMAS/cubos/resultados_cubos_soil_bandas/Soil_900__cube_20260625_112512/2px_84_bandas/Soil_900__84_Bandas_mascara_soil.npy,1,0.265,0.00016361075061288588
901,FIRMAS/cubos/resultados_cubos_soil_bandas/Soil_901__cube_20260625_115738/2px_84_bandas/Soil_901__84_Bandas_cubo_recorte_cuadrado_reflectancia.npy,FIRMAS/cubos/resultados_cubos_soil_bandas/Soil_901__cube_20260625_115738/2px_84_bandas/Soil_901__84_Bandas_mascara_soil.npy,1,0.42212962962962963,0.0015676300497533546
904,FIRMAS/cubos/resultados_cubos_soil_bandas/Soil_904__cube_20260625_115317/2px_84_bandas/Soil_904__84_Bandas_cubo_recorte_cuadrado_reflectancia.npy,FIRMAS/cubos/resultados_cubos_soil_bandas/Soil_904__cube_20260625_115317/2px_84_bandas/Soil_904__84_Bandas_mascara_soil.npy,1,0.7183333333333334,0.00035549581179894485
905,FIRMAS/cubos/resultados_cubos_soil_bandas/Soil_905__cube_20260625_112945/2px_84_bandas/Soil_905__84_Bandas_cubo_recorte_cuadrado_reflectancia.npy,FIRMAS/cubos/resultados_cubos_soil_bandas/Soil_905__cube_20260625_112945/2px_84_bandas/Soil_905__84_Bandas_mascara_soil.npy,1,0.48944444444444446,0.0003378195773201531
906,FIRMAS/cubos/resultados_cubos_soil_bandas/Soil_906__cube_20260625_112210/2px_84_bandas/Soil_906__84_Bandas_cubo_recorte_cuadrado_reflectancia.npy,FIRMAS/cubos/resultados_cubos_soil_bandas/Soil_906__cube_20260625_112210/2px_84_bandas/Soil_906__84_Bandas_mascara_soil.npy,1,0.5987037037037037,0.0
907,FIRMAS/cubos/resultados_cubos_soil_bandas/Soil_907__cube_20260625_114609/2px_84_bandas/Soil_907__84_Bandas_cubo_recorte_cuadrado_reflectancia.npy,FIRMAS/cubos/resultados_cubos_soil_bandas/Soil_907__cube_20260625_114609/2px_84_bandas/Soil_907__84_Bandas_mascara_soil.npy,1,0.596604938271605,0.0005844603749415311
908,FIRMAS/cubos/resultados_cubos_soil_bandas/Soil_908__cube_20260625_114752/2px_84_bandas/Soil_908__84_Bandas_cubo_recorte_cuadrado_reflectancia.npy,FIRMAS/cubos/resultados_cubos_soil_bandas/Soil_908__cube_20260625_114752/2px_84_bandas/Soil_908__84_Bandas_mascara_soil.npy,1,0.4917592592592593,0.0007920070055260631
909,FIRMAS/cubos/resultados_cubos_soil_bandas/Soil_909__cube_20260625_114114/2px_84_bandas/Soil_909__84_Bandas_cubo_recorte_cuadrado_reflectancia.npy,FIRMAS/cubos/resultados_cubos_soil_bandas/Soil_909__cube_20260625_114114/2px_84_bandas/Soil_909__84_Bandas_mascara_soil.npy,1,0.7852777777777777,0.0006915551662632913
910,FIRMAS/cubos/resultados_cubos_soil_bandas/Soil_910__cube_20260702_105016/2px_84_bandas/Soil_910__84_Bandas_cubo_recorte_cuadrado_reflectancia.npy,FIRMAS/cubos/resultados_cubos_soil_bandas/Soil_910__cube_20260702_105016/2px_84_bandas/Soil_910__84_Bandas_mascara_soil.npy,1,0.7852777777777777,0.0002049398936558866
911,FIRMAS/cubos/resultados_cubos_soil_bandas/Soil_911__cube_20260625_152550/2px_84_bandas/Soil_911__84_Bandas_cubo_recorte_cuadrado_reflectancia.npy,FIRMAS/cubos/resultados_cubos_soil_bandas/Soil_911__cube_20260625_152550/2px_84_bandas/Soil_911__84_Bandas_mascara_soil.npy,1,0.8404938271604938,0.000994540736388605
912,FIRMAS/cubos/resultados_cubos_soil_bandas/Soil_912__cube_20260625_153107/2px_84_bandas/Soil_912__84_Bandas_cubo_recorte_cuadrado_reflectancia.npy,FIRMAS/cubos/resultados_cubos_soil_bandas/Soil_912__cube_20260625_153107/2px_84_bandas/Soil_912__84_Bandas_mascara_soil.npy,1,0.7852777777777777,0.0006391504445979468
913,FIRMAS/cubos/resultados_cubos_soil_bandas/Soil_913__cube_20260625_112707/2px_84_bandas/Soil_913__84_Bandas_cubo_recorte_cuadrado_reflectancia.npy,FIRMAS/cubos/resultados_cubos_soil_bandas/Soil_913__cube_20260625_112707/2px_84_bandas/Soil_913__84_Bandas_mascara_soil.npy,1,0.3762037037037037,4.883403849631485e-06
914,FIRMAS/cubos/resultados_cubos_soil_bandas/Soil_914__cube_20260625_115129/2px_84_bandas/Soil_914__84_Bandas_cubo_recorte_cuadrado_reflectancia.npy,FIRMAS/cubos/resultados_cubos_soil_bandas/Soil_914__cube_20260625_115129/2px_84_bandas/Soil_914__84_Bandas_mascara_soil.npy,1,0.7852777777777777,0.00014317718597878226
915,FIRMAS/cubos/resultados_cubos_soil_bandas/Soil_915__cube_20260625_114432/2px_84_bandas/Soil_915__84_Bandas_cubo_recorte_cuadrado_reflectancia.npy,FIRMAS/cubos/resultados_cubos_soil_bandas/Soil_915__cube_20260625_114432/2px_84_bandas/Soil_915__84_Bandas_mascara_soil.npy,1,0.46925925925925926,0.00037662394607940186
916,FIRMAS/cubos/resultados_cubos_soil_bandas/Soil_916__cube_20260625_113736/2px_84_bandas/Soil_916__84_Bandas_cubo_recorte_cuadrado_reflectancia.npy,FIRMAS/cubos/resultados_cubos_soil_bandas/Soil_916__cube_20260625_113736/2px_84_bandas/Soil_916__84_Bandas_mascara_soil.npy,1,0.506358024691358,0.00078513668054081
917,FIRMAS/cubos/resultados_cubos_soil_bandas/Soil_917__cube_20260625_114937/2px_84_bandas/Soil_917__84_Bandas_cubo_recorte_cuadrado_reflectancia.npy,FIRMAS/cubos/resultados_cubos_soil_bandas/Soil_917__cube_20260625_114937/2px_84_bandas/Soil_917__84_Bandas_mascara_soil.npy,1,0.7852777777777777,0.0006910872669627643
918,FIRMAS/cubos/resultados_cubos_soil_bandas/Soil_918__cube_20260625_152159/2px_84_bandas/Soil_918__84_Bandas_cubo_recorte_cuadrado_reflectancia.npy,FIRMAS/cubos/resultados_cubos_soil_bandas/Soil_918__cube_20260625_152159/2px_84_bandas/Soil_918__84_Bandas_mascara_soil.npy,1,0.8951234567901235,0.00033946755724567623
919,FIRMAS/cubos/resultados_cubos_soil_bandas/Soil_919__cube_20260625_113135/2px_84_bandas/Soil_919__84_Bandas_cubo_recorte_cuadrado_reflectancia.npy,FIRMAS/cubos/resultados_cubos_soil_bandas/Soil_919__cube_20260625_113135/2px_84_bandas/Soil_919__84_Bandas_mascara_soil.npy,1,0.4040740740740741,3.9100577597372954e-05
920,FIRMAS/cubos/resultados_cubos_soil_bandas/Soil_920__cube_20260625_115546/2px_84_bandas/Soil_920__84_Bandas_cubo_recorte_cuadrado_reflectancia.npy,FIRMAS/cubos/resultados_cubos_soil_bandas/Soil_920__cube_20260625_115546/2px_84_bandas/Soil_920__84_Bandas_mascara_soil.npy,1,0.7314506172839507,0.0010724784449414049
921,FIRMAS/cubos/resultados_cubos_soil_bandas/Soil_921__cube_20260625_120015/2px_84_bandas/Soil_921__84_Bandas_cubo_recorte_cuadrado_reflectancia.npy,FIRMAS/cubos/resultados_cubos_soil_bandas/Soil_921__cube_20260625_120015/2px_84_bandas/Soil_921__84_Bandas_mascara_soil.npy,1,0.4592283950617284,0.0008577125318841583
922,FIRMAS/cubos/resultados_cubos_soil_bandas/Soil_922__cube_20260625_113542/2px_84_bandas/Soil_922__84_Bandas_cubo_recorte_cuadrado_reflectancia.npy,FIRMAS/cubos/resultados_cubos_soil_bandas/Soil_922__cube_20260625_113542/2px_84_bandas/Soil_922__84_Bandas_mascara_soil.npy,1,0.45666666666666667,0.0009816037796572807
923,FIRMAS/cubos/resultados_cubos_soil_bandas/Soil_923__cube_20260625_113349/2px_84_bandas/Soil_923__84_Bandas_cubo_recorte_cuadrado_reflectancia.npy,FIRMAS/cubos/resultados_cubos_soil_bandas/Soil_923__cube_20260625_113349/2px_84_bandas/Soil_923__84_Bandas_mascara_soil.npy,1,0.7852777777777777,0.0002793358824487724
924,FIRMAS/cubos/resultados_cubos_soil_bandas/Soil_924__cube_20260625_113918/2px_84_bandas/Soil_924__84_Bandas_cubo_recorte_cuadrado_reflectancia.npy,FIRMAS/cubos/resultados_cubos_soil_bandas/Soil_924__cube_20260625_113918/2px_84_bandas/Soil_924__84_Bandas_mascara_soil.npy,1,0.7852777777777777,0.0003003913509750378
925,FIRMAS/cubos/resultados_cubos_soil_bandas/Soil_925__cube_20260627_093009/2px_84_bandas/Soil_925__84_Bandas_cubo_recorte_cuadrado_reflectancia.npy,FIRMAS/cubos/resultados_cubos_soil_bandas/Soil_925__cube_20260627_093009/2px_84_bandas/Soil_925__84_Bandas_mascara_soil.npy,1,0.7852777777777777,0.0006428936390026063
926,FIRMAS/cubos/resultados_cubos_soil_bandas/Soil_926__cube_20260625_152410/2px_84_bandas/Soil_926__84_Bandas_cubo_recorte_cuadrado_reflectancia.npy,FIRMAS/cubos/resultados_cubos_soil_bandas/Soil_926__cube_20260625_152410/2px_84_bandas/Soil_926__84_Bandas_mascara_soil.npy,1,0.31864197530864197,0.000689562923193332
927,FIRMAS/cubos/resultados_cubos_soil_bandas/Soil_927__cube_20260626_120810/2px_84_bandas/Soil_927__84_Bandas_cubo_recorte_cuadrado_reflectancia.npy,FIRMAS/cubos/resultados_cubos_soil_bandas/Soil_927__cube_20260626_120810/2px_84_bandas/Soil_927__84_Bandas_mascara_soil.npy,1,0.7852777777777777,0.0010097266906605729
928,FIRMAS/cubos/resultados_cubos_soil_bandas/Soil_928__cube_20260625_153008/2px_84_bandas/Soil_928__84_Bandas_cubo_recorte_cuadrado_reflectancia.npy,FIRMAS/cubos/resultados_cubos_soil_bandas/Soil_928__cube_20260625_153008/2px_84_bandas/Soil_928__84_Bandas_mascara_soil.npy,1,0.6237962962962963,0.0008099078531021986
929,FIRMAS/cubos/resultados_cubos_soil_bandas/Soil_929__cube_20260625_151354/2px_84_bandas/Soil_929__84_Bandas_cubo_recorte_cuadrado_reflectancia.npy,FIRMAS/cubos/resultados_cubos_soil_bandas/Soil_929__cube_20260625_151354/2px_84_bandas/Soil_929__84_Bandas_mascara_soil.npy,1,0.40444444444444444,0.00024801587301592765
930,FIRMAS/cubos/resultados_cubos_soil_bandas/Soil_930__cube_20260626_105702/2px_84_bandas/Soil_930__84_Bandas_cubo_recorte_cuadrado_reflectancia.npy,FIRMAS/cubos/resultados_cubos_soil_bandas/Soil_930__cube_20260626_105702/2px_84_bandas/Soil_930__84_Bandas_mascara_soil.npy,1,0.7852777777777777,0.001274089795490596
931,FIRMAS/cubos/resultados_cubos_soil_bandas/Soil_931__cube_20260627_091717/2px_84_bandas/Soil_931__84_Bandas_cubo_recorte_cuadrado_reflectancia.npy,FIRMAS/cubos/resultados_cubos_soil_bandas/Soil_931__cube_20260627_091717/2px_84_bandas/Soil_931__84_Bandas_mascara_soil.npy,1,0.7852777777777777,0.000516092928544265
932,FIRMAS/cubos/resultados_cubos_soil_bandas/Soil_932__cube_20260627_094741/2px_84_bandas/Soil_932__84_Bandas_cubo_recorte_cuadrado_reflectancia.npy,FIRMAS/cubos/resultados_cubos_soil_bandas/Soil_932__cube_20260627_094741/2px_84_bandas/Soil_932__84_Bandas_mascara_soil.npy,1,0.18388888888888888,0.0018242778816797145
933,FIRMAS/cubos/resultados_cubos_soil_bandas/Soil_933__cube_20260625_163233/2px_84_bandas/Soil_933__84_Bandas_cubo_recorte_cuadrado_reflectancia.npy,FIRMAS/cubos/resultados_cubos_soil_bandas/Soil_933__cube_20260625_163233/2px_84_bandas/Soil_933__84_Bandas_mascara_soil.npy,1,0.2574074074074074,0.0011619276007764912
934,FIRMAS/cubos/resultados_cubos_soil_bandas/Soil_934__cube_20260625_163011/2px_84_bandas/Soil_934__84_Bandas_cubo_recorte_cuadrado_reflectancia.npy,FIRMAS/cubos/resultados_cubos_soil_bandas/Soil_934__cube_20260625_163011/2px_84_bandas/Soil_934__84_Bandas_mascara_soil.npy,1,0.43824074074074076,0.0013280613322870227
935,FIRMAS/cubos/resultados_cubos_soil_bandas/Soil_935__cube_20260626_094227/2px_84_bandas/Soil_935__84_Bandas_cubo_recorte_cuadrado_reflectancia.npy,FIRMAS/cubos/resultados_cubos_soil_bandas/Soil_935__cube_20260626_094227/2px_84_bandas/Soil_935__84_Bandas_mascara_soil.npy,1,0.6095987654320988,0.0007920032982055014
936,FIRMAS/cubos/resultados_cubos_soil_bandas/Soil_936__cube_20260625_151509/2px_84_bandas/Soil_936__84_Bandas_cubo_recorte_cuadrado_reflectancia.npy,FIRMAS/cubos/resultados_cubos_soil_bandas/Soil_936__cube_20260625_151509/2px_84_bandas/Soil_936__84_Bandas_mascara_soil.npy,1,0.7049382716049383,0.0006249478775748329
937,FIRMAS/cubos/resultados_cubos_soil_bandas/Soil_937__cube_20260627_103856/2px_84_bandas/Soil_937__84_Bandas_cubo_recorte_cuadrado_reflectancia.npy,FIRMAS/cubos/resultados_cubos_soil_bandas/Soil_937__cube_20260627_103856/2px_84_bandas/Soil_937__84_Bandas_mascara_soil.npy,1,0.7852777777777777,1.871597202340869e-05
938,FIRMAS/cubos/resultados_cubos_soil_bandas/Soil_938__cube_20260630_101904/2px_84_bandas/Soil_938__84_Bandas_cubo_recorte_cuadrado_reflectancia.npy,FIRMAS/cubos/resultados_cubos_soil_bandas/Soil_938__cube_20260630_101904/2px_84_bandas/Soil_938__84_Bandas_mascara_soil.npy,1,0.7852777777777777,0.0009648083578044364
939,FIRMAS/cubos/resultados_cubos_soil_bandas/Soil_939__cube_20260630_100104/2px_84_bandas/Soil_939__84_Bandas_cubo_recorte_cuadrado_reflectancia.npy,FIRMAS/cubos/resultados_cubos_soil_bandas/Soil_939__cube_20260630_100104/2px_84_bandas/Soil_939__84_Bandas_mascara_soil.npy,1,0.7852777777777777,0.0009961576109436265
940,FIRMAS/cubos/resultados_cubos_soil_bandas/Soil_940__cube_20260630_095023/2px_84_bandas/Soil_940__84_Bandas_cubo_recorte_cuadrado_reflectancia.npy,FIRMAS/cubos/resultados_cubos_soil_bandas/Soil_940__cube_20260630_095023/2px_84_bandas/Soil_940__84_Bandas_mascara_soil.npy,1,0.3379012345679012,0.0003979852810689355
941,FIRMAS/cubos/resultados_cubos_soil_bandas/Soil_941__cube_20260627_103751/2px_84_bandas/Soil_941__84_Bandas_cubo_recorte_cuadrado_reflectancia.npy,FIRMAS/cubos/resultados_cubos_soil_bandas/Soil_941__cube_20260627_103751/2px_84_bandas/Soil_941__84_Bandas_mascara_soil.npy,1,0.7852777777777777,0.0001815449286266535
942,FIRMAS/cubos/resultados_cubos_soil_bandas/Soil_942__cube_20260630_100249/2px_84_bandas/Soil_942__84_Bandas_cubo_recorte_cuadrado_reflectancia.npy,FIRMAS/cubos/resultados_cubos_soil_bandas/Soil_942__cube_20260630_100249/2px_84_bandas/Soil_942__84_Bandas_mascara_soil.npy,1,0.35685185185185186,0.0011542326669466973
943,FIRMAS/cubos/resultados_cubos_soil_bandas/Soil_943__cube_20260701_113057/2px_84_bandas/Soil_943__84_Bandas_cubo_recorte_cuadrado_reflectancia.npy,FIRMAS/cubos/resultados_cubos_soil_bandas/Soil_943__cube_20260701_113057/2px_84_bandas/Soil_943__84_Bandas_mascara_soil.npy,1,0.19870370370370372,0.0002903149454873688
944,FIRMAS/cubos/resultados_cubos_soil_bandas/Soil_944__cube_20260701_151234/2px_84_bandas/Soil_944__84_Bandas_cubo_recorte_cuadrado_reflectancia.npy,FIRMAS/cubos/resultados_cubos_soil_bandas/Soil_944__cube_20260701_151234/2px_84_bandas/Soil_944__84_Bandas_mascara_soil.npy,1,0.2338888888888889,0.0008687428521158003
945,FIRMAS/cubos/resultados_cubos_soil_bandas/Soil_945__cube_20260630_102421/2px_84_bandas/Soil_945__84_Bandas_cubo_recorte_cuadrado_reflectancia.npy,FIRMAS/cubos/resultados_cubos_soil_bandas/Soil_945__cube_20260630_102421/2px_84_bandas/Soil_945__84_Bandas_mascara_soil.npy,1,0.7852777777777777,0.0020199212806216726
946,FIRMAS/cubos/resultados_cubos_soil_bandas/Soil_946__cube_20260630_101216/2px_84_bandas/Soil_946__84_Bandas_cubo_recorte_cuadrado_reflectancia.npy,FIRMAS/cubos/resultados_cubos_soil_bandas/Soil_946__cube_20260630_101216/2px_84_bandas/Soil_946__84_Bandas_mascara_soil.npy,1,0.7852777777777777,0.00041268718311515684
947,FIRMAS/cubos/resultados_cubos_soil_bandas/Soil_947__cube_20260630_101444/2px_84_bandas/Soil_947__84_Bandas_cubo_recorte_cuadrado_reflectancia.npy,FIRMAS/cubos/resultados_cubos_soil_bandas/Soil_947__cube_20260630_101444/2px_84_bandas/Soil_947__84_Bandas_mascara_soil.npy,1,0.7852777777777777,0.000935798601168214
948,FIRMAS/cubos/resultados_cubos_soil_bandas/Soil_948__cube_20260630_101559/2px_84_bandas/Soil_948__84_Bandas_cubo_recorte_cuadrado_reflectancia.npy,FIRMAS/cubos/resultados_cubos_soil_bandas/Soil_948__cube_20260630_101559/2px_84_bandas/Soil_948__84_Bandas_mascara_soil.npy,1,0.7852777777777777,0.0009011740529250023
949,FIRMAS/cubos/resultados_cubos_soil_bandas/Soil_949__cube_20260701_112713/2px_84_bandas/Soil_949__84_Bandas_cubo_recorte_cuadrado_reflectancia.npy,FIRMAS/cubos/resultados_cubos_soil_bandas/Soil_949__cube_20260701_112713/2px_84_bandas/Soil_949__84_Bandas_mascara_soil.npy,1,0.3926851851851852,0.0005398921338558571
950,FIRMAS/cubos/resultados_cubos_soil_bandas/Soil_950__cube_20260630_101020/2px_84_bandas/Soil_950__84_Bandas_cubo_recorte_cuadrado_reflectancia.npy,FIRMAS/cubos/resultados_cubos_soil_bandas/Soil_950__cube_20260630_101020/2px_84_bandas/Soil_950__84_Bandas_mascara_soil.npy,1,0.31,0.001751815819916125
951,FIRMAS/cubos/resultados_cubos_soil_bandas/Soil_951__cube_20260701_112203/2px_84_bandas/Soil_951__84_Bandas_cubo_recorte_cuadrado_reflectancia.npy,FIRMAS/cubos/resultados_cubos_soil_bandas/Soil_951__cube_20260701_112203/2px_84_bandas/Soil_951__84_Bandas_mascara_soil.npy,1,0.3362962962962963,4.151807565899723e-05
952,FIRMAS/cubos/resultados_cubos_soil_bandas/Soil_952__cube_20260701_112912/2px_84_bandas/Soil_952__84_Bandas_cubo_recorte_cuadrado_reflectancia.npy,FIRMAS/cubos/resultados_cubos_soil_bandas/Soil_952__cube_20260701_112912/2px_84_bandas/Soil_952__84_Bandas_mascara_soil.npy,1,0.31703703703703706,0.00038013647826729
953,FIRMAS/cubos/resultados_cubos_soil_bandas/Soil_953__cube_20260630_101724/2px_84_bandas/Soil_953__84_Bandas_cubo_recorte_cuadrado_reflectancia.npy,FIRMAS/cubos/resultados_cubos_soil_bandas/Soil_953__cube_20260630_101724/2px_84_bandas/Soil_953__84_Bandas_mascara_soil.npy,1,0.7852777777777777,0.0005881494208342941
954,FIRMAS/cubos/resultados_cubos_soil_bandas/Soil_954__cube_20260627_103954/2px_84_bandas/Soil_954__84_Bandas_cubo_recorte_cuadrado_reflectancia.npy,FIRMAS/cubos/resultados_cubos_soil_bandas/Soil_954__cube_20260627_103954/2px_84_bandas/Soil_954__84_Bandas_mascara_soil.npy,1,0.4753395061728395,1.3913753281302732e-05
955,FIRMAS/cubos/resultados_cubos_soil_bandas/Soil_955__cube_20260630_095858/2px_84_bandas/Soil_955__84_Bandas_cubo_recorte_cuadrado_reflectancia.npy,FIRMAS/cubos/resultados_cubos_soil_bandas/Soil_955__cube_20260630_095858/2px_84_bandas/Soil_955__84_Bandas_mascara_soil.npy,1,0.5617901234567901,0.0006344148471387756
956,FIRMAS/cubos/resultados_cubos_soil_bandas/Soil_956__cube_20260630_102243/2px_84_bandas/Soil_956__84_Bandas_cubo_recorte_cuadrado_reflectancia.npy,FIRMAS/cubos/resultados_cubos_soil_bandas/Soil_956__cube_20260630_102243/2px_84_bandas/Soil_956__84_Bandas_mascara_soil.npy,1,0.7867283950617284,0.0002073642324721403
957,FIRMAS/cubos/resultados_cubos_soil_bandas/Soil_957__cube_20260701_143153/2px_84_bandas/Soil_957__84_Bandas_cubo_recorte_cuadrado_reflectancia.npy,FIRMAS/cubos/resultados_cubos_soil_bandas/Soil_957__cube_20260701_143153/2px_84_bandas/Soil_957__84_Bandas_mascara_soil.npy,1,0.14407407407407408,0.0
958,FIRMAS/cubos/resultados_cubos_soil_bandas/Soil_958__cube_20260630_101338/2px_84_bandas/Soil_958__84_Bandas_cubo_recorte_cuadrado_reflectancia.npy,FIRMAS/cubos/resultados_cubos_soil_bandas/Soil_958__cube_20260630_101338/2px_84_bandas/Soil_958__84_Bandas_mascara_soil.npy,1,0.7852777777777777,0.0004136229817163217
959,FIRMAS/cubos/resultados_cubos_soil_bandas/Soil_959__cube_20260630_100822/2px_84_bandas/Soil_959__84_Bandas_cubo_recorte_cuadrado_reflectancia.npy,FIRMAS/cubos/resultados_cubos_soil_bandas/Soil_959__cube_20260630_100822/2px_84_bandas/Soil_959__84_Bandas_mascara_soil.npy,1,0.2425,0.00019848845736591958
960,FIRMAS/cubos/resultados_cubos_soil_bandas/Soil_960__cube_20260630_100545/2px_84_bandas/Soil_960__84_Bandas_cubo_recorte_cuadrado_reflectancia.npy,FIRMAS/cubos/resultados_cubos_soil_bandas/Soil_960__cube_20260630_100545/2px_84_bandas/Soil_960__84_Bandas_mascara_soil.npy,1,0.528179012345679,0.0007833087071092981
961,FIRMAS/cubos/resultados_cubos_soil_bandas/Soil_961__cube_20260701_143845/2px_84_bandas/Soil_961__84_Bandas_cubo_recorte_cuadrado_reflectancia.npy,FIRMAS/cubos/resultados_cubos_soil_bandas/Soil_961__cube_20260701_143845/2px_84_bandas/Soil_961__84_Bandas_mascara_soil.npy,1,0.2452777777777778,0.0
963,FIRMAS/cubos/resultados_cubos_soil_bandas/Soil_963__cube_20260701_113644/2px_84_bandas/Soil_963__84_Bandas_cubo_recorte_cuadrado_reflectancia.npy,FIRMAS/cubos/resultados_cubos_soil_bandas/Soil_963__cube_20260701_113644/2px_84_bandas/Soil_963__84_Bandas_mascara_soil.npy,1,0.22685185185185186,0.0007126660187884992
964,FIRMAS/cubos/resultados_cubos_soil_bandas/Soil_964__cube_20260701_111814/2px_84_bandas/Soil_964__84_Bandas_cubo_recorte_cuadrado_reflectancia.npy,FIRMAS/cubos/resultados_cubos_soil_bandas/Soil_964__cube_20260701_111814/2px_84_bandas/Soil_964__84_Bandas_mascara_soil.npy,1,0.20685185185185184,0.00035881257904535335
965,FIRMAS/cubos/resultados_cubos_soil_bandas/Soil_965__cube_20260701_114120/2px_84_bandas/Soil_965__84_Bandas_cubo_recorte_cuadrado_reflectancia.npy,FIRMAS/cubos/resultados_cubos_soil_bandas/Soil_965__cube_20260701_114120/2px_84_bandas/Soil_965__84_Bandas_mascara_soil.npy,1,0.4741358024691358,0.0008121462359191867
966,FIRMAS/cubos/resultados_cubos_soil_bandas/Soil_966__cube_20260630_103021/2px_84_bandas/Soil_966__84_Bandas_cubo_recorte_cuadrado_reflectancia.npy,FIRMAS/cubos/resultados_cubos_soil_bandas/Soil_966__cube_20260630_103021/2px_84_bandas/Soil_966__84_Bandas_mascara_soil.npy,1,0.20271604938271606,0.0013014036308798271
967,FIRMAS/cubos/resultados_cubos_soil_bandas/Soil_967__cube_20260701_112010/2px_84_bandas/Soil_967__84_Bandas_cubo_recorte_cuadrado_reflectancia.npy,FIRMAS/cubos/resultados_cubos_soil_bandas/Soil_967__cube_20260701_112010/2px_84_bandas/Soil_967__84_Bandas_mascara_soil.npy,1,0.21796296296296297,2.3600490890229864e-05
968,FIRMAS/cubos/resultados_cubos_soil_bandas/Soil_968__cube_20260701_112602/2px_84_bandas/Soil_968__84_Bandas_cubo_recorte_cuadrado_reflectancia.npy,FIRMAS/cubos/resultados_cubos_soil_bandas/Soil_968__cube_20260701_112602/2px_84_bandas/Soil_968__84_Bandas_mascara_soil.npy,1,0.2728703703703704,2.9623884391427602e-05
969,FIRMAS/cubos/resultados_cubos_soil_bandas/Soil_969__cube_20260701_113832/2px_84_bandas/Soil_969__84_Bandas_cubo_recorte_cuadrado_reflectancia.npy,FIRMAS/cubos/resultados_cubos_soil_bandas/Soil_969__cube_20260701_113832/2px_84_bandas/Soil_969__84_Bandas_mascara_soil.npy,1,0.18891975308641976,0.0010152402735313926
970,FIRMAS/cubos/resultados_cubos_soil_bandas/Soil_970__cube_20260701_145131/2px_84_bandas/Soil_970__84_Bandas_cubo_recorte_cuadrado_reflectancia.npy,FIRMAS/cubos/resultados_cubos_soil_bandas/Soil_970__cube_20260701_145131/2px_84_bandas/Soil_970__84_Bandas_mascara_soil.npy,1,0.1774074074074074,1.6568910097047862e-05
971,FIRMAS/cubos/resultados_cubos_soil_bandas/Soil_971__cube_20260701_113503/2px_84_bandas/Soil_971__84_Bandas_cubo_recorte_cuadrado_reflectancia.npy,FIRMAS/cubos/resultados_cubos_soil_bandas/Soil_971__cube_20260701_113503/2px_84_bandas/Soil_971__84_Bandas_mascara_soil.npy,1,0.14305555555555555,0.0004648892998407872
972,FIRMAS/cubos/resultados_cubos_soil_bandas/Soil_972__cube_20260708_153713/2px_84_bandas/Soil_972__84_Bandas_cubo_recorte_cuadrado_reflectancia.npy,FIRMAS/cubos/resultados_cubos_soil_bandas/Soil_972__cube_20260708_153713/2px_84_bandas/Soil_972__84_Bandas_mascara_soil.npy,1,0.32351851851851854,0.00025894731103659474
973,FIRMAS/cubos/resultados_cubos_soil_bandas/Soil_973__cube_20260701_145726/2px_84_bandas/Soil_973__84_Bandas_cubo_recorte_cuadrado_reflectancia.npy,FIRMAS/cubos/resultados_cubos_soil_bandas/Soil_973__cube_20260701_145726/2px_84_bandas/Soil_973__84_Bandas_mascara_soil.npy,1,0.14351851851851852,0.0005657962109575365
974,FIRMAS/cubos/resultados_cubos_soil_bandas/Soil_974__cube_20260701_150724/2px_84_bandas/Soil_974__84_Bandas_cubo_recorte_cuadrado_reflectancia.npy,FIRMAS/cubos/resultados_cubos_soil_bandas/Soil_974__cube_20260701_150724/2px_84_bandas/Soil_974__84_Bandas_mascara_soil.npy,1,0.15212962962962964,0.001270420929580962
975,FIRMAS/cubos/resultados_cubos_soil_bandas/Soil_975__cube_20260701_111247/2px_84_bandas/Soil_975__84_Bandas_cubo_recorte_cuadrado_reflectancia.npy,FIRMAS/cubos/resultados_cubos_soil_bandas/Soil_975__cube_20260701_111247/2px_84_bandas/Soil_975__84_Bandas_mascara_soil.npy,1,0.18231481481481482,2.015365143859249e-05
976,FIRMAS/cubos/resultados_cubos_soil_bandas/Soil_976__cube_20260630_102131/2px_84_bandas/Soil_976__84_Bandas_cubo_recorte_cuadrado_reflectancia.npy,FIRMAS/cubos/resultados_cubos_soil_bandas/Soil_976__cube_20260630_102131/2px_84_bandas/Soil_976__84_Bandas_mascara_soil.npy,1,0.23916666666666667,0.00019203706776294016
977,FIRMAS/cubos/resultados_cubos_soil_bandas/Soil_977__cube_20260627_104421/2px_84_bandas/Soil_977__84_Bandas_cubo_recorte_cuadrado_reflectancia.npy,FIRMAS/cubos/resultados_cubos_soil_bandas/Soil_977__cube_20260627_104421/2px_84_bandas/Soil_977__84_Bandas_mascara_soil.npy,1,0.7852777777777777,0.0001314797034641657
978,FIRMAS/cubos/resultados_cubos_soil_bandas/Soil_978__cube_20260630_095958/2px_84_bandas/Soil_978__84_Bandas_cubo_recorte_cuadrado_reflectancia.npy,FIRMAS/cubos/resultados_cubos_soil_bandas/Soil_978__cube_20260630_095958/2px_84_bandas/Soil_978__84_Bandas_mascara_soil.npy,1,0.37092592592592594,0.0009291618128363099
980,FIRMAS/cubos/resultados_cubos_soil_bandas/Soil_980__cube_20260701_111621/2px_84_bandas/Soil_980__84_Bandas_cubo_recorte_cuadrado_reflectancia.npy,FIRMAS/cubos/resultados_cubos_soil_bandas/Soil_980__cube_20260701_111621/2px_84_bandas/Soil_980__84_Bandas_mascara_soil.npy,1,0.3553703703703704,4.135751921041653e-06
981,FIRMAS/cubos/resultados_cubos_soil_bandas/Soil_981__cube_20260630_100709/2px_84_bandas/Soil_981__84_Bandas_cubo_recorte_cuadrado_reflectancia.npy,FIRMAS/cubos/resultados_cubos_soil_bandas/Soil_981__cube_20260630_100709/2px_84_bandas/Soil_981__84_Bandas_mascara_soil.npy,1,0.4159259259259259,0.0008047816930274454
983,FIRMAS/cubos/resultados_cubos_soil_bandas/Soil_983__cube_20260630_102633/2px_84_bandas/Soil_983__84_Bandas_cubo_recorte_cuadrado_reflectancia.npy,FIRMAS/cubos/resultados_cubos_soil_bandas/Soil_983__cube_20260630_102633/2px_84_bandas/Soil_983__84_Bandas_mascara_soil.npy,1,0.19268518518518518,0.0010754902633807184
984,FIRMAS/cubos/resultados_cubos_soil_bandas/Soil_984__cube_20260701_145929/2px_84_bandas/Soil_984__84_Bandas_cubo_recorte_cuadrado_reflectancia.npy,FIRMAS/cubos/resultados_cubos_soil_bandas/Soil_984__cube_20260701_145929/2px_84_bandas/Soil_984__84_Bandas_mascara_soil.npy,1,0.2772222222222222,0.00020013572117782985
985,FIRMAS/cubos/resultados_cubos_soil_bandas/Soil_985__cube_20260701_112357/2px_84_bandas/Soil_985__84_Bandas_cubo_recorte_cuadrado_reflectancia.npy,FIRMAS/cubos/resultados_cubos_soil_bandas/Soil_985__cube_20260701_112357/2px_84_bandas/Soil_985__84_Bandas_mascara_soil.npy,1,0.4786111111111111,0.0002533418087683481
986,FIRMAS/cubos/resultados_cubos_soil_bandas/Soil_986__cube_20260701_114252/2px_84_bandas/Soil_986__84_Bandas_cubo_recorte_cuadrado_reflectancia.npy,FIRMAS/cubos/resultados_cubos_soil_bandas/Soil_986__cube_20260701_114252/2px_84_bandas/Soil_986__84_Bandas_mascara_soil.npy,1,0.49919753086419755,0.00044604214877497217
987,FIRMAS/cubos/resultados_cubos_soil_bandas/Soil_987__cube_20260701_143327/2px_84_bandas/Soil_987__84_Bandas_cubo_recorte_cuadrado_reflectancia.npy,FIRMAS/cubos/resultados_cubos_soil_bandas/Soil_987__cube_20260701_143327/2px_84_bandas/Soil_987__84_Bandas_mascara_soil.npy,1,0.2778703703703704,1.3223105526094514e-06
988,FIRMAS/cubos/resultados_cubos_soil_bandas/Soil_988__cube_20260701_114425/2px_84_bandas/Soil_988__84_Bandas_cubo_recorte_cuadrado_reflectancia.npy,FIRMAS/cubos/resultados_cubos_soil_bandas/Soil_988__cube_20260701_114425/2px_84_bandas/Soil_988__84_Bandas_mascara_soil.npy,1,0.6291358024691358,0.00035800721387457823
989,FIRMAS/cubos/resultados_cubos_soil_bandas/Soil_989__cube_20260616_160941/2px_84_bandas/Soil_989__84_Bandas_cubo_recorte_cuadrado_reflectancia.npy,FIRMAS/cubos/resultados_cubos_soil_bandas/Soil_989__cube_20260616_160941/2px_84_bandas/Soil_989__84_Bandas_mascara_soil.npy,1,0.4387962962962963,0.0
990,FIRMAS/cubos/resultados_cubos_soil_bandas/Soil_990__cube_20260701_113350/2px_84_bandas/Soil_990__84_Bandas_cubo_recorte_cuadrado_reflectancia.npy,FIRMAS/cubos/resultados_cubos_soil_bandas/Soil_990__cube_20260701_113350/2px_84_bandas/Soil_990__84_Bandas_mascara_soil.npy,1,0.5025,0.00022448018578480333
991,FIRMAS/cubos/resultados_cubos_soil_bandas/Soil_991__cube_20260701_150910/2px_84_bandas/Soil_991__84_Bandas_cubo_recorte_cuadrado_reflectancia.npy,FIRMAS/cubos/resultados_cubos_soil_bandas/Soil_991__cube_20260701_150910/2px_84_bandas/Soil_991__84_Bandas_mascara_soil.npy,1,0.41898148148148145,0.0005428396036131211
992,FIRMAS/cubos/resultados_cubos_soil_bandas/Soil_992__cube_20260701_143038/2px_84_bandas/Soil_992__84_Bandas_cubo_recorte_cuadrado_reflectancia.npy,FIRMAS/cubos/resultados_cubos_soil_bandas/Soil_992__cube_20260701_143038/2px_84_bandas/Soil_992__84_Bandas_mascara_soil.npy,1,0.3440740740740741,0.00014736788149061208
993,FIRMAS/cubos/resultados_cubos_soil_bandas/Soil_993__cube_20260701_145333/2px_84_bandas/Soil_993__84_Bandas_cubo_recorte_cuadrado_reflectancia.npy,FIRMAS/cubos/resultados_cubos_soil_bandas/Soil_993__cube_20260701_145333/2px_84_bandas/Soil_993__84_Bandas_mascara_soil.npy,1,0.21972222222222224,0.00014214141900614763
